MachineID,Day,Temperature,Vibration,Pressure,RPM,Is_Anomaly,RUL
MAC-001,0,67.3015603731513,4.387728869212783,110.21372710777014,1511.4879272299643,0,132.0
MAC-001,1,66.6770799355664,4.972104117028905,116.03262775879956,1520.5764375711258,0,130.99236641221373
MAC-001,2,70.71858892066957,5.6972579787946245,102.89889521549344,1528.770218309867,0,129.98473282442748
MAC-001,3,67.44325989532115,4.883845724618727,107.94004855227328,1544.9258614548967,0,128.9770992366412
MAC-001,4,68.04795262801971,5.181433729306116,117.63402529363489,1530.3203279212244,0,127.96946564885496
MAC-001,5,67.66157984180568,5.026617573943814,116.25187139417743,1525.4490261186468,0,126.9618320610687
MAC-001,6,68.11945629132413,5.0628189464692035,112.25813258264769,1495.0731476066803,0,125.95419847328245
MAC-001,7,70.44909415299134,5.907719727400777,114.3899332204195,1516.6369289101606,0,124.94656488549619
MAC-001,8,66.31660713009026,4.950647271398086,114.22435329954419,1538.0953173752994,0,123.93893129770993
MAC-001,9,69.5004383351402,4.496343539702488,105.7936621475641,1485.217405038347,0,122.93129770992367
MAC-001,10,69.35134130514979,5.393030181793994,120.64190381808254,1467.848516901541,0,121.92366412213741
MAC-001,11,70.28639752072418,5.28155991993709,119.50584508352823,1516.2488421413202,0,120.91603053435115
MAC-001,12,73.99047686333515,5.8421809672838885,117.84923395865214,1509.9319207695419,0,119.90839694656489
MAC-001,13,67.55444376821121,4.820631860363084,108.21604042974097,1472.6990843647116,0,118.90076335877863
MAC-001,14,70.8846247148497,4.929085615242815,120.20190995518115,1524.5928009952577,0,117.89312977099237
MAC-001,15,70.18670367432654,5.718847060501105,113.56729382967251,1494.7646677019957,0,116.8854961832061
MAC-001,16,72.85292737205445,4.896254358020337,123.02626945012764,1530.0196019684904,0,115.87786259541986
MAC-001,17,70.98233010670485,4.6539386239862015,120.13774131971454,1492.3517419986579,0,114.87022900763358
MAC-001,18,71.15366461074628,5.902022276382559,114.83227852383781,1475.5810423598016,0,113.86259541984734
MAC-001,19,70.06852253921555,5.089061052979232,119.7105060449629,1488.6753930246007,0,112.85496183206106
MAC-001,20,75.78816184847452,5.097173232400074,115.27509425018346,1497.9075279321958,0,111.84732824427482
MAC-001,21,72.41803075474647,6.79121045616294,127.52720860566224,1504.3881765607284,0,110.83969465648855
MAC-001,22,71.41025420157172,6.133791444418555,116.58826874949143,1480.0750455698785,0,109.83206106870229
MAC-001,23,68.0108023680779,5.608931282322362,124.68035801349934,1480.6893632541826,0,108.82442748091603
MAC-001,24,69.57908015181788,5.581344755674665,123.71484054840295,1478.2527677365922,0,107.81679389312977
MAC-001,25,72.97852357295073,5.1434505033238915,115.97017224524092,1471.720044567989,0,106.80916030534351
MAC-001,26,68.81029494191623,7.308823112318876,115.06764076891224,1498.635443883988,0,105.80152671755725
MAC-001,27,70.24959022739547,5.617976446202899,122.28285647733992,1449.6522675105812,0,104.79389312977099
MAC-001,28,70.40774999261507,5.839512576465001,116.77343011758593,1460.8576670395635,0,103.78625954198473
MAC-001,29,74.05819581696518,6.453121208065913,119.02195781100714,1474.1090011963897,0,102.77862595419847
MAC-001,30,74.51028906827472,5.275267113230609,123.14817394878563,1513.7685753239316,0,101.77099236641222
MAC-001,31,76.11784160176788,5.0564297341705515,117.87219856060689,1476.1351876135761,0,100.76335877862596
MAC-001,32,69.69553332416521,5.730140781784755,121.22615109055903,1499.2732796484313,0,99.7557251908397
MAC-001,33,72.39999706637357,6.2106112823109205,124.70199749808613,1480.6014706642559,0,98.74809160305344
MAC-001,34,72.69851645515881,5.541478175439385,126.3155155872542,1476.8463345895166,0,97.74045801526718
MAC-001,35,70.60032808282317,5.836749713027189,127.0319823628549,1478.8110564260578,0,96.73282442748092
MAC-001,36,71.50475184577508,6.080812398328267,122.10438586989285,1477.5263178082553,0,95.72519083969466
MAC-001,37,75.59474438128767,6.286482649800512,128.89500798008214,1481.1374301605897,0,94.7175572519084
MAC-001,38,73.65967840253633,5.569795182775569,118.13768815214931,1476.9807519645542,0,93.70992366412214
MAC-001,39,69.97883412898808,6.388904892450469,128.505943238675,1463.6892049936835,0,92.70229007633588
MAC-001,40,72.34861394640986,5.943987255948866,127.81155154154405,1468.5597820638864,0,91.69465648854963
MAC-001,41,73.1319449870958,6.937819456683027,128.22804958688442,1493.3823618647045,0,90.68702290076337
MAC-001,42,74.98822688215778,6.360801793057888,123.47037870814502,1417.4039292930227,0,89.6793893129771
MAC-001,43,74.30727197906532,6.473073328091404,117.76223578138146,1454.0744291764695,0,88.67175572519085
MAC-001,44,76.84380546820748,6.151535760922653,119.84040567565857,1475.1635945417436,0,87.66412213740458
MAC-001,45,75.57746478765763,8.087235980964333,118.27430075971027,1465.9576234983529,1,86.65648854961833
MAC-001,46,75.09228116094884,6.624207803680589,129.6469853832469,1449.4402199886897,0,85.64885496183206
MAC-001,47,70.73926207819017,6.208767185476457,132.14386425464787,1471.960153703374,0,84.64122137404581
MAC-001,48,74.01729127037379,6.922123269483976,139.4686599777682,1446.3806881487976,0,83.63358778625954
MAC-001,49,74.89187816162568,6.803502877847617,128.81112102043485,1438.511248941528,0,82.6259541984733
MAC-001,50,76.278818678903,5.773967516294343,127.68550901879573,1444.9867173001348,0,81.61832061068702
MAC-001,51,74.78316115041193,6.546332426847693,123.18392104771513,1426.1885476274795,0,80.61068702290078
MAC-001,52,70.73345375935946,6.687830713005282,131.93970960211536,1434.2355975701116,0,79.6030534351145
MAC-001,53,76.79133050905423,6.319618241785264,120.1568456114772,1424.4134296750235,0,78.59541984732826
MAC-001,54,73.62162081932512,6.306077659016768,129.16147630139906,1473.4920018989446,0,77.58778625954199
MAC-001,55,74.49024896036755,6.089567124437931,130.423865492048,1407.6803471185933,0,76.58015267175574
MAC-001,56,73.6091196188869,7.220852867537718,126.54060349073302,1421.1397084842722,0,75.57251908396947
MAC-001,57,76.26386851551854,6.806529413034879,137.0421625714065,1419.851965791343,0,74.56488549618321
MAC-001,58,74.4518560901812,6.821596029205663,125.75788895209575,1443.7657819967058,0,73.55725190839695
MAC-001,59,72.44712074327836,7.300004337495235,125.34254253711917,1445.8742175339798,0,72.54961832061069
MAC-001,60,76.48642404554225,7.3842174208159115,126.31923341218258,1437.5830578787497,0,71.54198473282443
MAC-001,61,80.060766198268,6.7931307641082554,127.96754282405884,1417.5831087001022,0,70.53435114503817
MAC-001,62,80.07070535940557,6.983656968209572,125.06732692061797,1414.2267646207306,0,69.52671755725191
MAC-001,63,76.76482215776532,6.84175404675708,127.11581070897644,1427.4211884868034,0,68.51908396946565
MAC-001,64,76.95682525406949,7.692239631960097,127.58855799260877,1418.6696697601585,0,67.5114503816794
MAC-001,65,77.88141072291661,8.436667434356242,125.47459655716102,1459.7193365974645,1,66.50381679389314
MAC-001,66,75.12365604105817,7.466628135344968,127.94294737033712,1403.4262781089687,0,65.49618320610688
MAC-001,67,79.04050229218238,7.68997002396404,127.46091089438329,1376.3406652435544,0,64.48854961832062
MAC-001,68,76.95373775072251,7.497502550465732,130.10349234674695,1431.8200994449373,0,63.48091603053436
MAC-001,69,81.81243309035268,7.672716701491516,133.16053885683442,1418.1498769215357,0,62.4732824427481
MAC-001,70,80.44173454779234,7.769358076225065,134.29449813014062,1449.8502273592046,0,61.46564885496184
MAC-001,71,78.70234673696169,7.406055727539819,133.00768921260132,1434.880785606035,0,60.45801526717558
MAC-001,72,79.40274680009031,8.109734935913181,127.65864106328104,1393.2791032404086,1,59.450381679389324
MAC-001,73,77.46133320685912,6.983603283625096,131.7822858203043,1400.5251285163486,0,58.442748091603065
MAC-001,74,81.16334629635722,7.009561041161317,139.23267403759294,1387.9864780134442,0,57.435114503816806
MAC-001,75,76.3779770382869,7.280726346313304,141.44173381036143,1405.2936304555838,0,56.42748091603055
MAC-001,76,80.06482491540636,7.638984929153617,131.46221294305434,1394.4625806232061,0,55.41984732824429
MAC-001,77,79.25895696132443,8.016109531837273,140.53140638534256,1365.5756526755504,1,54.41221374045803
MAC-001,78,82.53062481391406,8.07066858728844,130.5283376502357,1390.5954089984025,1,53.40458015267177
MAC-001,79,81.54785063738171,7.959056430748262,124.92409869727892,1407.2961192091836,0,52.39694656488551
MAC-001,80,81.90075756910873,8.311378278927013,129.68740767035553,1371.679429546219,1,51.38931297709925
MAC-001,81,79.11158336771155,9.54731730045537,125.32397500233402,1380.149722182396,1,50.38167938931298
MAC-001,82,80.69912858065486,7.895940901493512,132.2752179939364,1435.9836925570032,0,49.37404580152672
MAC-001,83,78.36004006862886,7.988942039316596,134.51305240887845,1377.8793873803215,0,48.36641221374046
MAC-001,84,77.33676962660633,8.1686199281742,142.79912080653173,1400.5506274690306,1,47.3587786259542
MAC-001,85,80.54973542969844,8.113205106826957,132.66597197532275,1414.6134644543486,1,46.35114503816794
MAC-001,86,79.51022085966655,7.4313259345962255,126.27706375360992,1391.0088468212582,0,45.34351145038168
MAC-001,87,82.79400548512604,8.266340090495264,132.82576218260218,1397.082340952465,1,44.335877862595424
MAC-001,88,81.19656039806983,8.598571489390217,141.272398273412,1367.3105609346142,1,43.328244274809165
MAC-001,89,76.29645773450893,8.047586641131646,129.7704442273005,1401.5223757224126,1,42.320610687022906
MAC-001,90,79.67849842261668,7.323344509038686,132.22341704673516,1353.5285739665937,0,41.31297709923665
MAC-001,91,84.45899660284772,8.534933593423482,138.55948756311486,1392.5734396587168,1,40.30534351145039
MAC-001,92,83.11053863489803,8.903662416612772,132.85024294869606,1351.938524785634,1,39.29770992366413
MAC-001,93,79.88784399336102,8.352245380087362,122.95453256528828,1401.677123596193,1,38.29007633587787
MAC-001,94,77.93973217900563,8.71229564275038,135.16316125383682,1383.0109609081578,1,37.28244274809161
MAC-001,95,80.94090228830635,8.559231006661129,133.87140030654786,1364.6686799839736,1,36.27480916030535
MAC-001,96,80.24178425967918,9.251421534218801,138.2926077398948,1378.467088637509,1,35.26717557251909
MAC-001,97,80.43664849785303,8.40896117667752,131.74918734331803,1362.938729294721,1,34.259541984732834
MAC-001,98,79.92104244631011,9.358836197452236,133.1280756563974,1353.7452718971965,1,33.251908396946575
MAC-001,99,79.83958182594206,8.216540188438891,134.6654116984017,1368.7421057837432,1,32.244274809160316
MAC-001,100,81.35167311006742,7.83971620259472,129.79427734441964,1381.809738707524,0,31.236641221374057
MAC-001,101,82.54825518166251,9.0023471156141,141.49580011287355,1369.722993052159,1,30.2290076335878
MAC-001,102,80.48188629647305,8.810571742946408,144.81968025730995,1356.23768180879,1,29.22137404580154
MAC-001,103,83.77809348558458,8.746769093111304,144.91085872805525,1350.1153689189337,1,28.21374045801528
MAC-001,104,85.55544187853874,8.604031544438781,134.80551270505427,1364.3531407245148,1,27.20610687022902
MAC-001,105,84.08480712205318,9.78518044975719,140.10120309420805,1364.506348985486,1,26.198473282442762
MAC-001,106,86.74369432535657,9.167821406487032,135.50941202629744,1386.2450439395107,1,25.190839694656503
MAC-001,107,82.22368605020975,8.580549583093198,134.71545715747035,1338.885584152636,1,24.183206106870244
MAC-001,108,84.52078533026325,8.814100927867068,121.79448731349987,1350.7300719640534,1,23.175572519083985
MAC-001,109,82.97012938048749,9.427343480167055,136.59631305165357,1405.3653375121098,1,22.167938931297726
MAC-001,110,86.9510562011544,8.823854390391528,145.38799423039353,1363.5692644265596,1,21.160305343511467
MAC-001,111,84.77591578808955,9.45801450157892,140.13750593480327,1356.3569017791385,1,20.15267175572521
MAC-001,112,86.10720437920214,10.120793532526736,141.35039915187193,1340.9587938429945,1,19.145038167938935
MAC-001,113,80.55355278797138,10.113097685514598,139.00548845518648,1359.2157614289113,1,18.137404580152676
MAC-001,114,88.57534412352851,9.284125897876812,139.57561843593163,1375.3978836630095,1,17.129770992366417
MAC-001,115,85.8365189363175,9.501256327652055,133.16043812023293,1369.6075767418347,1,16.122137404580158
MAC-001,116,85.81773608868811,8.56028762330758,143.42898575793086,1302.7236076035965,1,15.1145038167939
MAC-001,117,89.90202550924596,8.73303370105705,149.28975175572938,1326.1998586043069,1,14.10687022900764
MAC-001,118,86.49004167767656,8.865775760621968,146.44363676389904,1336.2374432133836,1,13.099236641221381
MAC-001,119,86.45666449966569,9.367250867595004,134.85700944926435,1349.5108037301877,1,12.091603053435122
MAC-001,120,84.66614558743393,9.9202538611881,140.733307068202,1336.378236840659,1,11.083969465648863
MAC-001,121,89.18998863902644,10.626294649817059,146.0700486147885,1330.6555615576062,1,10.076335877862604
MAC-001,122,85.22632820508343,9.064016547782579,139.24096064573305,1329.411017120843,1,9.068702290076345
MAC-001,123,90.05567194730068,9.412622992893896,136.46415926978307,1334.2013658182786,1,8.061068702290086
MAC-001,124,86.63493801634817,9.566930346124675,146.82015313097233,1333.2330191878,1,7.053435114503827
MAC-001,125,87.96765130063584,9.196819727049377,151.95261693604513,1335.3873532123396,1,6.045801526717568
MAC-001,126,87.38214940867041,9.232614245050371,145.63537742892373,1341.8439070637223,1,5.038167938931309
MAC-001,127,84.3936897517213,8.833203185641981,144.9718453179118,1317.5320579460542,1,4.03053435114505
MAC-001,128,87.40458470915809,9.055109732265539,135.92825835522385,1329.9260921600348,1,3.022900763358791
MAC-001,129,86.33668940048808,8.683156795018297,150.67355474494858,1298.1240100211867,1,2.015267175572518
MAC-001,130,92.33442197813781,9.464376979027882,146.19313622231266,1355.700980077454,1,1.0076335877862732
MAC-001,131,90.29815508108973,10.807332334464402,136.79722491455362,1298.5295384044139,1,0.0
MAC-002,0,80.56976062325722,4.054923969502143,102.08835323565174,1529.7500418630043,0,280.0
MAC-002,1,76.97613603311274,3.2017454085279518,105.80462222473177,1506.7126920342414,0,249.0
MAC-002,2,79.05678172733793,4.170841230206962,107.46768675218155,1509.1594123987716,0,120.0
MAC-002,3,76.84544034228391,3.4822935295954416,108.59888769058868,1504.5186697837858,0,297.0
MAC-002,4,79.63343942187275,2.9690270890669193,102.38313119720513,1537.789917607999,0,169.0
MAC-002,5,79.09801424759513,3.970440892370295,108.42668494414147,1543.8185500871116,0,211.0
MAC-002,6,81.9890470274743,3.0329052882244216,98.83455731394625,1467.381326458772,0,103.0
MAC-002,7,76.49873216501972,3.8501253162068467,106.09713882963207,1469.0399647060428,0,193.0
MAC-002,8,74.25824429016203,3.440269973402993,109.4679194373162,1521.456797803661,0,174.0
MAC-002,9,81.40459766157562,3.806500541418161,109.02783056124362,1519.847438790781,0,289.0
MAC-002,10,76.999229877555,4.016588107645951,108.18058873784186,1481.4663872280855,0,161.0
MAC-002,11,81.27714028511514,3.8032595255207053,105.32223925002646,1480.7027119709455,0,193.0
MAC-002,12,76.43409555114518,2.724408366464714,105.16284249138616,1549.7633237626274,0,194.0
MAC-002,13,75.95570904669127,5.310764130958205,111.95831942235516,1490.177763950246,0,251.0
MAC-002,14,78.047477352538,3.7551155129232496,113.41788297628165,1509.9898541721473,0,154.0
MAC-002,15,80.35689604014387,4.001751589561392,104.32720050632001,1506.1780068712023,0,236.0
MAC-002,16,77.17905947515608,3.0965636451452694,108.95550598907634,1469.6262506029263,0,230.0
MAC-002,17,77.4552795893099,3.6027335230730095,108.10383276456345,1530.9436312684586,0,130.0
MAC-002,18,80.40288923750174,4.1588781763282645,101.73770488118919,1495.9801564978586,0,139.0
MAC-002,19,77.3344005287886,3.5875249435159966,102.8748075661589,1491.0667788684361,0,135.0
MAC-002,20,77.04609555749926,4.298607175894995,99.61387866496264,1485.0600575237113,0,251.0
MAC-002,21,74.82613450082123,4.530407068136143,100.90454831600516,1512.8650442042308,0,105.0
MAC-002,22,78.94358566332485,4.482084977426104,103.83697961741763,1480.6987438240697,0,165.0
MAC-002,23,74.88144799115699,2.4303478444896682,105.69382923868761,1515.1589910195662,0,174.0
MAC-002,24,78.93632415329593,3.0577835152943145,110.08119383485274,1485.6852190034808,0,103.0
MAC-002,25,76.17914095461674,3.4623495492291267,105.27910772182348,1469.9555081394465,0,178.0
MAC-002,26,77.91887611546201,4.037389789572553,110.42368259051116,1503.1686727142128,0,233.0
MAC-002,27,75.31369094651266,3.8971107807068304,99.58577173956249,1477.2906364424489,0,217.0
MAC-002,28,75.26754073582029,2.8670388269337064,102.05124726961611,1522.2273144307262,0,212.0
MAC-002,29,82.50591597375532,3.535873087710671,110.31759074314137,1491.757893205056,0,193.0
MAC-002,30,74.69147650400312,4.173136797603757,106.06113354327093,1536.0099317290103,0,278.0
MAC-002,31,74.92359097893473,5.220682021048357,112.84564972523387,1499.2910680985508,0,161.0
MAC-002,32,77.3956723593032,3.46476073244641,105.43572630523207,1495.9708164616084,0,284.0
MAC-002,33,79.02053877006146,3.6754823363715654,111.96188156677641,1502.150460193117,0,293.0
MAC-002,34,77.47931388704878,4.334808957770414,96.77444495830433,1506.4693066153307,0,178.0
MAC-002,35,78.04409061571911,3.117240401677827,96.34454671145056,1519.8564396286195,0,235.0
MAC-002,36,79.91852932360163,3.9089448816978978,113.47035199156672,1508.4689032070135,0,125.0
MAC-002,37,80.49255858172268,4.032827960472979,103.50801528128314,1478.4989145411212,0,278.0
MAC-002,38,76.78607543309472,3.6941045312571092,111.70282861982662,1515.0479307403812,0,272.0
MAC-002,39,78.65358607938548,4.257670620662756,107.52398168775551,1504.8882917919245,0,143.0
MAC-002,40,74.99562913988633,4.392244453311557,102.59450387166072,1521.4203451222388,0,232.0
MAC-002,41,80.36336852592203,3.487646070103045,109.63564351227278,1492.42978998467,0,169.0
MAC-002,42,77.2828832876068,3.9514022841720475,106.30942605514079,1500.4205698768058,0,253.0
MAC-002,43,75.32437191178833,3.7619423471385485,116.27945675023513,1443.9694549937476,0,217.0
MAC-002,44,79.73242882335707,4.351228133558873,98.09532451286233,1490.260761301597,0,167.0
MAC-002,45,75.99151362701356,4.7496483555366575,110.40218944318201,1522.6780470590827,0,118.0
MAC-002,46,78.23424239488983,4.47871164175554,104.8458802739827,1526.8326921139992,0,119.0
MAC-002,47,77.6955550946758,3.4830447085239986,113.94181444095281,1499.2325643564852,0,212.0
MAC-002,48,76.19534812641531,3.367848718135732,100.35416974419789,1516.5383865903752,0,239.0
MAC-002,49,77.79522218880982,4.97164515487926,110.8179540209137,1504.7923021716674,0,146.0
MAC-002,50,80.80074302529681,3.5749119986459768,95.61313408849657,1479.8578784182932,0,100.0
MAC-002,51,78.28736360163946,3.7113949307951484,109.0091400505804,1497.1572639429187,0,189.0
MAC-002,52,79.48901739482369,4.573151482162864,104.24858385623924,1510.7524453440103,0,241.0
MAC-002,53,74.48337426174977,3.7607186775104386,98.72727248056299,1502.554075112375,0,163.0
MAC-002,54,78.4649474562549,3.9390038458376155,102.48645016031163,1545.6189168044846,0,137.0
MAC-002,55,75.4569049196141,3.15809275329996,113.16195498797602,1485.56395695799,0,136.0
MAC-002,56,76.10356656782739,4.974121615742275,109.81567669341091,1487.7602486070236,0,225.0
MAC-002,57,78.42796375428736,4.79560130929456,108.34516651404743,1525.3725086719169,0,238.0
MAC-002,58,79.60255430036786,4.287792339857489,105.08577158884523,1499.8765091493124,0,199.0
MAC-002,59,78.52704871359715,4.189892070605868,103.47048653013003,1502.090618259848,0,176.0
MAC-002,60,77.37225671098827,3.880508077877983,98.63208145438387,1551.7690889089783,0,102.0
MAC-002,61,76.52706770534249,3.641935304501003,100.79074114151908,1511.9637145530787,0,260.0
MAC-002,62,77.60094268041559,3.3407619118321095,108.17147994041481,1515.4825225282439,0,233.0
MAC-002,63,77.85919529394572,3.49085269118968,115.84239313709168,1506.4508921802926,0,277.0
MAC-002,64,75.4448099729936,4.529685897382103,100.60818936223023,1554.4871063751864,0,109.0
MAC-002,65,78.15226365795542,4.329323684908395,94.48697530505859,1473.9667218879888,0,104.0
MAC-002,66,80.66066718242168,3.981573199695287,115.09904522286345,1509.3530416743797,0,250.0
MAC-002,67,78.28354042238233,4.679452662291821,109.93774810542031,1495.7243155842623,0,237.0
MAC-002,68,75.80473974190335,2.636857834497971,102.69873476027956,1475.9228376653605,0,271.0
MAC-002,69,83.18835722936902,3.497480194845705,101.49851808116787,1469.224642078015,0,229.0
MAC-002,70,77.46031328585484,3.490398202059612,113.57571025301539,1503.0190627580876,0,112.0
MAC-002,71,77.9752198975875,3.7553292898394197,108.81793771023911,1490.602976257098,0,267.0
MAC-002,72,79.32736012996392,4.6296505772444405,107.18743816079133,1494.6549139132853,0,229.0
MAC-002,73,76.08602960095644,3.6851036737071814,107.70245747915595,1468.9989927314416,0,183.0
MAC-002,74,79.6560334583188,3.926472010994751,104.1411173104995,1486.461271340768,0,164.0
MAC-002,75,77.04019254096151,4.121318687613372,104.24600547881754,1489.6267402242165,0,162.0
MAC-002,76,78.93007492964328,4.076760555626784,98.64118780267286,1511.0791535013277,0,200.0
MAC-002,77,82.99634436862112,4.057476061568471,96.39202708507476,1503.1970474065788,0,172.0
MAC-002,78,74.33131719451288,5.406351502912798,116.06543654421546,1486.33076991388,0,116.0
MAC-002,79,73.50161354491257,3.383480073334326,103.98210941459448,1464.4122647289933,0,108.0
MAC-002,80,77.85490291290779,3.7288763347455927,105.51283659460753,1504.2424431085476,0,242.0
MAC-002,81,76.06171274314595,3.3959586470058913,105.11502393164335,1487.029696972309,0,251.0
MAC-003,0,84.29630430358824,2.0629721937032013,115.44240140677024,1619.178284570391,0,94.0
MAC-003,1,80.81898838854042,3.30495173239308,121.12838848216138,1588.9815656388005,0,92.98924731182795
MAC-003,2,80.84928102811922,2.9891413491782197,122.6303073976886,1604.1852285022194,0,91.97849462365592
MAC-003,3,82.01408670335974,3.0726288434713043,125.75784038305963,1604.8862860573984,0,90.96774193548387
MAC-003,4,79.75926712099452,2.614529380826831,125.19873919658399,1573.4457153113929,0,89.95698924731182
MAC-003,5,81.04361585682084,2.397694620808192,119.6290674148865,1613.2258064088153,0,88.94623655913979
MAC-003,6,80.90123333256165,2.6707737904116486,113.00521153148303,1600.4541809027457,0,87.93548387096774
MAC-003,7,82.02276951625082,3.782374367348007,118.58474999778784,1587.784456561012,0,86.9247311827957
MAC-003,8,81.44333447883697,3.5426651349387157,119.9663124467883,1586.8542209486718,0,85.91397849462365
MAC-003,9,82.37312608829535,2.9004345459968595,118.52977097214062,1583.0279307167632,0,84.90322580645162
MAC-003,10,83.51736252602862,2.347063824074853,121.74593635179785,1563.0160549855455,0,83.89247311827957
MAC-003,11,83.97295824160557,2.1519195107501976,118.60562768087576,1582.4350492111512,0,82.88172043010752
MAC-003,12,84.92667899967137,2.933829321967293,118.94338821993792,1610.3862935242043,0,81.87096774193549
MAC-003,13,79.11236909781702,1.9204929635554484,124.23860703984077,1560.5944080738723,0,80.86021505376344
MAC-003,14,80.17869722183488,3.427265654876868,123.57668729460032,1557.226260371722,0,79.84946236559139
MAC-003,15,79.87332001620133,3.5625075847289653,125.92783855170785,1564.3966561364007,0,78.83870967741936
MAC-003,16,86.33996876308525,2.6444280267875193,115.36835574346107,1550.4143524398955,0,77.82795698924731
MAC-003,17,82.76828869572574,3.3543316239736436,122.10895024497331,1569.1659621933381,0,76.81720430107526
MAC-003,18,80.56914783750265,4.00773569071063,123.22352357846233,1582.3431113203467,0,75.80645161290323
MAC-003,19,83.97044333608576,3.5674214876125943,126.80226480775642,1566.8237063144625,0,74.79569892473118
MAC-003,20,84.78320412051225,4.05681263246362,125.25518319127295,1569.9219506914183,0,73.78494623655914
MAC-003,21,83.53105316964951,4.165486464483843,121.20976476863947,1589.6330246233963,0,72.7741935483871
MAC-003,22,83.8429746143821,2.783231795061784,125.55139728965997,1537.8655232412143,0,71.76344086021506
MAC-003,23,85.81734357109504,3.2254988458313147,122.99910698520235,1511.568082197333,0,70.75268817204301
MAC-003,24,83.44420979206625,2.3930626615297346,117.62965897001784,1562.4395303646618,0,69.74193548387098
MAC-003,25,86.13318870531286,3.8709225950983974,121.0334413079706,1544.149350544468,0,68.73118279569893
MAC-003,26,84.76714926727689,3.1322029589713454,133.70446246862264,1560.523163904353,0,67.72043010752688
MAC-003,27,84.5451919552455,3.7780197124265844,127.54853393569486,1500.0135611498856,0,66.70967741935485
MAC-003,28,84.70553149531044,3.4767761582921217,121.81766878265273,1533.098593086184,0,65.6989247311828
MAC-003,29,89.00802527149749,4.1913812022862285,124.28902281938353,1548.0445949965585,0,64.68817204301075
MAC-003,30,88.42412904841724,4.386468102470809,127.76221855406861,1521.5265442408559,0,63.67741935483871
MAC-003,31,87.23463075991924,4.1740854430870025,132.2591817407766,1545.0410562541385,0,62.66666666666667
MAC-003,32,88.15005552077754,3.7629166339575457,134.6893349049798,1534.161952739879,0,61.655913978494624
MAC-003,33,90.4142377928362,3.7391318200547476,137.10133252880462,1532.0405167408157,0,60.645161290322584
MAC-003,34,85.17364599780359,3.8949743014340727,127.13892590817699,1534.437960425133,0,59.634408602150536
MAC-003,35,87.7349189385503,3.9032587058536468,128.93803842401388,1566.672389094864,0,58.623655913978496
MAC-003,36,90.35710026012752,4.461462032021654,129.56897771233002,1524.099948882524,0,57.61290322580645
MAC-003,37,88.34181582283374,3.785095403947137,128.41122657054248,1486.1999812961387,0,56.60215053763441
MAC-003,38,88.12599208003027,4.673281145759413,127.60132588233256,1548.923738465023,0,55.59139784946237
MAC-003,39,85.08878046626184,3.6706872251648344,131.4586662227995,1536.2583096769974,0,54.58064516129032
MAC-003,40,91.12093313262906,4.226624023196976,136.04896023332634,1512.4185146602722,0,53.56989247311828
MAC-003,41,87.6205891072785,4.951087612736485,134.2363193944072,1479.533181336133,0,52.55913978494624
MAC-003,42,91.13169036405874,5.252494810428576,128.16604043096265,1516.8494355700984,0,51.54838709677419
MAC-003,43,89.37943599461923,4.745977505628507,128.8614771054534,1493.373237968121,0,50.53763440860215
MAC-003,44,88.55303343751767,5.255196621707938,134.6501525838229,1497.2657591106918,0,49.52688172043011
MAC-003,45,90.36030495824406,3.2977522911249193,137.99512924888145,1467.7561106023838,0,48.516129032258064
MAC-003,46,88.30479161158793,4.215380143488588,126.09704230458661,1523.639262351048,0,47.505376344086024
MAC-003,47,88.30703704921721,5.00165852102872,132.65499572496543,1507.835883573472,0,46.494623655913976
MAC-003,48,89.60884919140831,4.240101957430779,138.19008165276728,1486.2922757913154,0,45.483870967741936
MAC-003,49,86.5548075694151,4.720731978403808,141.03169544487332,1511.0441827223433,0,44.473118279569896
MAC-003,50,89.18343305536571,4.813352196089253,132.2388701717851,1533.4470479768222,0,43.46236559139785
MAC-003,51,90.85737418609133,5.256193361205705,139.31761163420143,1494.5602119116675,0,42.45161290322581
MAC-003,52,89.78818494743363,4.996189102429383,134.1273370031421,1486.9123244264724,0,41.44086021505376
MAC-003,53,91.9742942837958,5.1735284592372235,138.4676926224605,1483.9147779800296,0,40.43010752688172
MAC-003,54,90.88907153460084,4.201646663429223,139.70527954606524,1490.3312195256929,0,39.41935483870968
MAC-003,55,92.94058733113476,3.8058108059601343,145.88466363262668,1478.4819978701616,1,38.40860215053763
MAC-003,56,93.37369870233731,4.787177020855915,138.8258085702061,1458.077819595324,0,37.39784946236559
MAC-003,57,90.12256110491747,6.317337150713776,135.12767597724675,1481.3671287479233,0,36.38709677419355
MAC-003,58,93.32300044513339,5.661353907128388,137.15233144295158,1482.1900317591853,0,35.376344086021504
MAC-003,59,96.60246211167924,5.437895053986994,137.72488108697874,1493.7762400555448,1,34.365591397849464
MAC-003,60,94.21944876456547,6.113411094645679,140.23218589972004,1447.7753943063149,0,33.35483870967742
MAC-003,61,95.4880259206985,4.999914734717848,138.8708610519395,1453.4223159860694,1,32.344086021505376
MAC-003,62,92.30565212035714,5.790660125740633,139.28361873916592,1474.818588496694,0,31.333333333333336
MAC-003,63,95.87411730910722,5.906237560707586,136.77519842163153,1483.5342572032876,1,30.32258064516129
MAC-003,64,95.23840170628603,5.118857991743802,141.30213088350425,1476.14830910927,1,29.311827956989248
MAC-003,65,92.47709967916357,6.473706795329809,137.88400153526254,1462.508723758015,0,28.3010752688172
MAC-003,66,92.93884899476262,5.8468344018264355,133.4720529721194,1429.0685174622304,0,27.290322580645167
MAC-003,67,96.6867687272271,5.46875569323824,134.31561559548408,1412.6740732675737,1,26.27956989247312
MAC-003,68,92.43260106284497,5.283882960055356,147.80180207961766,1473.8105577520325,1,25.268817204301072
MAC-003,69,92.54698982531534,7.1248372487929625,144.81970265006402,1444.9899287205394,0,24.25806451612904
MAC-003,70,89.13724504337044,7.1972821217778815,133.28216181745827,1416.4509218771059,0,23.24731182795699
MAC-003,71,96.39396329458367,7.3248785280138495,147.47053717999904,1458.5094196428229,1,22.236559139784944
MAC-003,72,95.75109707134177,6.584901593596069,144.6629649725505,1450.727406146695,1,21.225806451612897
MAC-003,73,94.98275655336177,6.180088739617856,137.4176480154535,1437.362416555504,0,20.215053763440864
MAC-003,74,91.60120667451406,6.215406979531944,136.5636643602025,1418.7764721740562,0,19.204301075268816
MAC-003,75,95.55967456265859,7.013769425463321,146.41735186213887,1407.3105868714397,1,18.19354838709677
MAC-003,76,93.43339594465776,6.8413453656468315,137.23248080060597,1432.1002763694948,0,17.182795698924735
MAC-003,77,96.72552237329435,5.939979033582608,142.99094423519753,1407.784769896603,1,16.172043010752688
MAC-003,78,94.63544884478964,6.637233717447396,134.8182469729796,1441.147114979707,0,15.16129032258064
MAC-003,79,96.01167449228551,6.8067792169464045,144.22193524713148,1457.492769245508,1,14.150537634408607
MAC-003,80,96.5141650528815,6.369022958536905,144.03300102813978,1438.9482616522905,1,13.13978494623656
MAC-003,81,96.57420214568388,6.657213064063175,140.2307040101148,1412.6966231460758,1,12.129032258064512
MAC-003,82,93.8840374188799,7.564897079416406,137.84049520836237,1409.9688779667085,0,11.11827956989248
MAC-003,83,95.46519938878771,7.190762385656859,142.90421193002888,1446.6541638016333,1,10.107526881720432
MAC-003,84,95.76779862888517,6.935988767658241,140.52137399136043,1462.4746453291584,1,9.096774193548384
MAC-003,85,94.95234899676069,7.0045935310215555,148.18614259848994,1425.7199851482524,1,8.086021505376351
MAC-003,86,97.16973647451111,6.837964315403031,145.5554644898952,1412.3763035921845,1,7.075268817204304
MAC-003,87,99.68083598330315,8.061327655427123,142.86809714113068,1385.7926244587047,1,6.064516129032256
MAC-003,88,97.78927961045764,8.29911231282031,141.95633216249144,1443.8433605846994,1,5.053763440860223
MAC-003,89,101.53401129275983,6.785655012500854,149.13876933443666,1441.501297363921,1,4.043010752688176
MAC-003,90,97.63312014007879,7.0138504426653725,143.70459830493726,1386.5105707130247,1,3.032258064516128
MAC-003,91,97.30558648936855,6.556861978697127,147.10256915214683,1389.278581131241,1,2.0215053763440807
MAC-003,92,99.28447936052888,6.444075778338144,148.90570190809322,1419.2209654101243,1,1.0107526881720474
MAC-003,93,95.04220220925127,7.462243375725445,153.7087946455576,1376.2299062296536,1,0.0
MAC-004,0,80.78080915126122,3.7202637580790574,119.60412041419411,1583.9908303260825,0,249.0
MAC-004,1,79.9350320875028,2.751246111605982,115.58790933248179,1500.2505752471775,0,143.0
MAC-004,2,82.83507944586349,4.527310019919286,120.0267308680906,1551.3354132152037,0,285.0
MAC-004,3,79.16001569005968,3.760467002703024,108.424367492246,1565.7514751213434,0,135.0
MAC-004,4,81.30733020343511,4.045630386265242,107.54476180776564,1598.7143546738548,0,296.0
MAC-004,5,81.70753645234909,3.1866616096614315,108.57438826771485,1564.7656239960234,0,176.0
MAC-004,6,78.28370938195799,4.1612915489610804,115.90964984908123,1478.3615403947215,0,130.0
MAC-004,7,79.66671182484485,3.9511221463306967,109.09530606898154,1552.1640047467702,0,146.0
MAC-004,8,81.19782643941511,4.056543041710441,109.28653137715334,1558.7825280435347,0,154.0
MAC-004,9,79.98089404297207,3.8701673629503968,104.5942714207059,1514.8770063425277,0,205.0
MAC-004,10,77.22032763899522,4.124682100158243,110.76027460936874,1516.5244200837,0,289.0
MAC-004,11,81.17462287601097,4.6726723261376835,108.16320026381881,1511.3104649004817,0,257.0
MAC-004,12,78.46453445461952,4.412747882945483,113.89831764007437,1527.6814483276196,0,220.0
MAC-004,13,82.92513149995284,4.659657602511335,107.49063803101728,1531.26430198855,0,154.0
MAC-004,14,78.69713134966437,3.731851181853863,115.90835838704271,1554.6366832573813,0,243.0
MAC-004,15,81.63694476312453,4.322300141141486,119.72830368836915,1524.9423911716665,0,111.0
MAC-004,16,80.64350428519118,2.898606941430787,104.5708904769162,1544.6330343291522,0,244.0
MAC-004,17,80.71920044993243,3.934609698533351,108.3197062533371,1538.3417444979884,0,243.0
MAC-004,18,82.62166917727156,3.793501480608066,119.90187645761813,1562.010443518672,0,239.0
MAC-004,19,80.79786191671981,3.388719114387638,115.83185915439863,1536.2546904928793,0,235.0
MAC-004,20,77.49390770841195,4.241939376087824,104.21593804456779,1530.8852728052577,0,102.0
MAC-004,21,79.86255540148554,5.0947282816055,107.72108956843806,1536.9657716618378,0,243.0
MAC-004,22,81.34747733326664,3.366369725360113,113.36970025250507,1570.248638200181,0,129.0
MAC-004,23,79.26859745500116,4.498594710246569,112.61291796345952,1531.5164627717736,0,122.0
MAC-004,24,79.48717785263034,3.795638899558015,110.71747705831811,1549.1844600322459,0,191.0
MAC-004,25,81.05918709436706,4.239851694341704,98.99710049108975,1544.1839382724088,0,214.0
MAC-004,26,76.86394339760983,3.847653943314473,110.5367204083459,1565.6530692095434,0,203.0
MAC-004,27,79.82255629022315,4.115126578719766,115.12095025068764,1570.6851472442352,0,217.0
MAC-004,28,79.63675937770954,4.0326072903883405,111.20578485861176,1535.2781227592277,0,104.0
MAC-004,29,78.34455677753857,2.8495746113351683,105.77236367477884,1510.557485383653,0,203.0
MAC-004,30,82.39318419332986,4.07972557369685,110.52597348266633,1531.7803983262277,0,207.0
MAC-004,31,79.9423457508926,3.561527630720469,112.02576113050351,1551.0447817062764,0,164.0
MAC-004,32,78.16001981970986,3.545286587136933,115.96666512037608,1545.0729029620234,0,220.0
MAC-004,33,78.32074636589357,3.8002644187033763,106.10269791386746,1544.786430434611,0,129.0
MAC-004,34,81.54604383975229,3.9716822357510053,122.97383556577742,1554.5572934088293,0,248.0
MAC-004,35,80.34269612010777,3.5313665040652333,109.96300111318716,1530.5498251871754,0,183.0
MAC-004,36,75.5514967676151,4.47264868061254,108.59841556964933,1530.9221005611832,0,297.0
MAC-004,37,80.30392729234028,4.241767345658895,109.5517941828691,1546.078068695669,0,249.0
MAC-004,38,81.37516203905216,3.805420772243162,112.66733705621716,1512.9452096800662,0,299.0
MAC-004,39,77.40014922756785,4.2882874585883375,104.687875151564,1550.8128529901153,0,131.0
MAC-004,40,79.5887896600292,3.8032839382880215,107.01335450256185,1564.3169024099568,0,260.0
MAC-004,41,83.34256953346302,4.135613650848233,112.76812192576458,1532.4834894506994,0,115.0
MAC-004,42,77.49059276077459,3.9656481171450486,106.28692010761011,1510.677899481533,0,137.0
MAC-004,43,81.48967884915452,4.4116009636740525,106.86147448263502,1551.0093884734342,0,241.0
MAC-004,44,81.88669176000688,4.088030913079075,105.18989511690683,1541.4722337831074,0,135.0
MAC-004,45,82.53640606450733,4.1090308913506925,113.85132886331452,1552.9626864352315,0,250.0
MAC-004,46,78.17176450846685,3.6750949599068146,112.8499941326592,1562.4675376482573,0,213.0
MAC-004,47,82.08259712625912,3.5564647971640393,113.32127102078645,1569.8709842822288,0,165.0
MAC-004,48,77.90862368384731,4.728891137448023,119.35037248412144,1598.6318288402824,0,204.0
MAC-004,49,80.34465410608334,4.1037299076793605,115.29064029298708,1562.0861555088377,0,184.0
MAC-004,50,82.13552094641456,4.377534159780688,110.6253588022103,1570.5700444673193,0,101.0
MAC-004,51,77.7402789250379,3.988443737910824,118.9743464276495,1521.125172085443,0,292.0
MAC-004,52,78.52783591042903,4.3213912150867815,113.12522821358125,1528.6295938947244,0,174.0
MAC-004,53,79.05039921896307,3.3951265382229665,116.05809334500336,1541.0124748944386,0,166.0
MAC-004,54,83.46709904594462,4.026067691568147,110.0569668303861,1539.7936668220134,0,279.0
MAC-004,55,79.3943875540385,4.040928117115038,123.7177062302921,1539.352908645862,0,289.0
MAC-004,56,79.27008030288073,4.018314492389726,116.6070408791218,1517.7104108263936,0,250.0
MAC-005,0,57.432868997157975,4.486715264798891,112.75952523307245,1578.6729890025956,0,149.0
MAC-005,1,61.427701702316845,4.0521825441480095,117.5201443585861,1567.7423157661908,0,147.99324324324326
MAC-005,2,63.62814677124872,4.441740072040427,124.63021765838003,1572.1754709463373,0,146.98648648648648
MAC-005,3,62.68345491318765,4.317749572271996,121.2595776728691,1586.282514828209,0,145.97972972972974
MAC-005,4,65.91419021864482,3.2517939746653926,109.45713233818084,1597.997597459135,0,144.97297297297297
MAC-005,5,60.82948666640643,3.6667969165001297,113.28633126443977,1605.1112085315726,0,143.96621621621622
MAC-005,6,59.99343416788707,4.372738407944552,121.29137760331268,1584.4412426454824,0,142.95945945945945
MAC-005,7,63.181931579236036,4.522031915122507,115.36734488582064,1614.8078605596816,0,141.9527027027027
MAC-005,8,61.83099420207171,4.328881243240543,117.55767430611046,1578.0865020187427,0,140.94594594594594
MAC-005,9,58.445483088345114,4.307807913778355,121.23146964774858,1599.8754848989977,0,139.9391891891892
MAC-005,10,65.03183356651991,3.8728862356082057,118.90847430735786,1571.502262866438,0,138.93243243243242
MAC-005,11,65.1634706019963,4.516126967463541,112.25139292052778,1563.7796206309501,0,137.92567567567568
MAC-005,12,65.30077788686145,4.378374961098298,113.13320440553818,1561.8298517443568,0,136.9189189189189
MAC-005,13,64.11729946996546,5.3065409530815195,114.90556367964322,1578.663782894547,0,135.91216216216216
MAC-005,14,65.06247792923637,3.9905324069563086,108.92313370336873,1557.0690770857896,0,134.90540540540542
MAC-005,15,65.48757229738942,4.633268178639851,121.45067125021673,1578.194607800492,0,133.89864864864865
MAC-005,16,64.90854714675787,4.321153559199448,122.56301463565407,1556.5337252477007,0,132.8918918918919
MAC-005,17,63.0410748830237,4.940244502335929,111.67553641495152,1621.870866116093,0,131.88513513513513
MAC-005,18,65.5560888666535,4.864226848784186,114.50056612748206,1565.9274673788948,0,130.8783783783784
MAC-005,19,64.67681605968997,4.452913343767288,121.90881628952732,1561.8989616200256,0,129.8716216216216
MAC-005,20,67.6995609395425,6.088979059641387,117.46764361312464,1572.5945107768691,0,128.86486486486487
MAC-005,21,66.55775078362461,5.696697337858099,118.73345317054563,1551.6255802329747,0,127.85810810810811
MAC-005,22,63.400333845961654,4.79551000482509,117.10613328234636,1607.0638225329474,0,126.85135135135135
MAC-005,23,69.60696788648644,4.3408726115592735,115.99557614174907,1566.9967570254903,0,125.8445945945946
MAC-005,24,68.99592407816951,4.920122640686463,116.51451575143393,1563.0014367905035,0,124.83783783783784
MAC-005,25,65.07872969317935,5.226411724200545,116.40689266492983,1552.628070060824,0,123.83108108108108
MAC-005,26,68.7937952358031,4.574547692803633,112.92276334233173,1563.3943842572949,0,122.82432432432432
MAC-005,27,65.88320898840118,5.247994963905511,121.9421054606672,1559.5138574581067,0,121.81756756756756
MAC-005,28,66.61629713378984,4.657915035758983,120.97282342385715,1576.4356411004349,0,120.8108108108108
MAC-005,29,64.92571868985034,5.0567026192195,125.9493741294432,1567.5761454569188,0,119.80405405405405
MAC-005,30,69.62578615327018,4.808887189462965,111.804930390675,1560.138417792504,0,118.79729729729729
MAC-005,31,67.8662101785412,5.8107263785963355,127.10084358806344,1565.517972294445,0,117.79054054054055
MAC-005,32,68.80607716474856,5.0641617192365445,115.26588413981163,1555.7952423026193,0,116.78378378378378
MAC-005,33,69.37467185158272,5.521809930234004,125.73183617408372,1543.5434223348714,0,115.77702702702703
MAC-005,34,67.01265943620977,5.468899286356898,119.03160478762234,1540.4419127979518,0,114.77027027027026
MAC-005,35,68.27394577292098,5.641195960857916,120.96784067539826,1526.1501830963443,0,113.76351351351352
MAC-005,36,66.34060165799988,5.396136678705876,123.12443114325433,1552.8964531913296,0,112.75675675675676
MAC-005,37,68.98902825719652,5.330762962510418,123.69344883000525,1545.8288721024505,0,111.75
MAC-005,38,70.37813282978334,6.077585745827809,116.62445447578271,1540.282087837788,0,110.74324324324324
MAC-005,39,68.28034303492535,5.261514421191764,131.73546612621644,1548.5239503624332,0,109.73648648648648
MAC-005,40,66.7383785856627,5.7267499939591255,124.32706814567223,1548.7864213125122,0,108.72972972972973
MAC-005,41,72.09910274528124,5.637478459036061,121.6552301139505,1502.2547525160471,0,107.72297297297297
MAC-005,42,68.2867805793153,6.1486278768021165,122.91903441741873,1495.2170011926646,0,106.71621621621622
MAC-005,43,67.75508201913689,6.0255442345747845,126.30530816988893,1521.8780993536452,0,105.70945945945945
MAC-005,44,67.75546543864309,5.357402682547045,120.46399571964339,1496.7399580498736,0,104.70270270270271
MAC-005,45,70.54744538060042,6.224844037422665,116.38666214101355,1560.868212177197,0,103.69594594594594
MAC-005,46,68.94844496448573,6.242437280141923,124.37000132416867,1537.3597634894488,0,102.6891891891892
MAC-005,47,70.03358884916406,5.268394990470211,130.35496214623575,1510.8789770055857,0,101.68243243243242
MAC-005,48,68.61881425408576,5.959117538839301,122.0369575040475,1547.5149327041859,0,100.67567567567568
MAC-005,49,72.30890827740647,6.2368152475245004,115.10369941996092,1533.1389654010795,0,99.66891891891892
MAC-005,50,71.7487693403508,5.105724870566419,128.6036712063776,1542.628959762284,0,98.66216216216216
MAC-005,51,67.40145252300096,6.214772673827394,126.55044951976208,1540.9450980247284,0,97.6554054054054
MAC-005,52,68.02723572326668,5.906281446122872,116.86391006333,1481.0553562204473,0,96.64864864864865
MAC-005,53,70.37574553577191,6.415069238297701,126.85432918719621,1523.9839772130306,0,95.64189189189189
MAC-005,54,69.85324863052612,5.4270447861753786,124.68168287877347,1532.344305978008,0,94.63513513513513
MAC-005,55,69.49210059295407,6.307177955794666,126.9722048489522,1528.9079230889924,0,93.62837837837839
MAC-005,56,72.27409875357672,5.702063859529147,129.49057489244314,1513.4965185092904,0,92.62162162162161
MAC-005,57,71.31003040203194,5.676112947518224,121.84149512806391,1521.721065888105,0,91.61486486486487
MAC-005,58,66.9948295182715,5.8844219480619335,118.56447149722086,1534.1261697822126,0,90.6081081081081
MAC-005,59,72.99967900245102,5.634137106085837,128.93926361951344,1535.1819214904958,0,89.60135135135135
MAC-005,60,72.83862444315622,6.206895180761926,130.67056446683264,1502.8702990991435,0,88.59459459459458
MAC-005,61,71.33415911738547,5.899675107360583,123.53144350197755,1515.235911287749,0,87.58783783783784
MAC-005,62,71.99720312630774,6.74853824171333,128.727503289278,1526.010972278393,0,86.58108108108108
MAC-005,63,72.74293690841013,7.544108087564183,118.55290591829986,1498.0714023632238,0,85.57432432432432
MAC-005,64,74.51871085480667,6.057891414268832,132.23342590455053,1515.0879882960296,0,84.56756756756756
MAC-005,65,75.91523174016599,5.7109277851435785,134.1147552610152,1544.1371420470282,0,83.5608108108108
MAC-005,66,69.81021737133344,6.692447167445973,123.37960485115507,1508.406465513086,0,82.55405405405405
MAC-005,67,71.46010745322455,5.133192125185323,130.52960836073902,1509.3277355353134,0,81.54729729729729
MAC-005,68,75.06566944831988,6.673697966939803,140.06419896445254,1507.2595179455684,0,80.54054054054053
MAC-005,69,72.0306795854232,6.30950486123635,126.61317807077904,1459.6213700971482,0,79.53378378378378
MAC-005,70,71.93557862333137,5.401312870356767,131.27263063074597,1477.6329006961932,0,78.52702702702702
MAC-005,71,70.7215308190899,6.134092183138353,128.18913100063008,1501.229189765191,0,77.52027027027027
MAC-005,72,74.81338341933235,6.2135892807807185,131.81587915268736,1554.366887451687,0,76.51351351351352
MAC-005,73,73.53335384663214,6.445666480048544,125.72073249381322,1494.5206299996146,0,75.50675675675676
MAC-005,74,71.14043994180632,6.703799134836112,130.33555372853084,1453.8205946104706,0,74.5
MAC-005,75,73.00999280541247,7.141098624794099,128.02361605619933,1482.6647617014005,0,73.49324324324324
MAC-005,76,70.42593545863036,5.707586494641755,134.37726393440855,1490.7508486788533,0,72.48648648648648
MAC-005,77,74.85960831679037,7.435801434723558,135.0280983055232,1482.1906869624668,0,71.47972972972973
MAC-005,78,73.7395287100181,6.396310176835231,127.08175984984236,1498.5521547601004,0,70.47297297297297
MAC-005,79,71.91943380238611,5.632677846849205,126.38380496609298,1484.2159466591058,0,69.46621621621621
MAC-005,80,76.76104675220577,6.525341978437739,133.58550718175542,1485.6451230744174,0,68.45945945945945
MAC-005,81,76.30528823220216,7.382915943085266,137.10810453468787,1452.989335286117,0,67.4527027027027
MAC-005,82,74.40015422687082,7.217394097394126,133.3362641033141,1499.0586505117058,0,66.44594594594594
MAC-005,83,74.23763632887126,6.499089740949755,123.14442664731537,1472.073053543105,0,65.43918918918918
MAC-005,84,79.61138225549655,6.662213303247549,122.03430472367212,1498.2951474514616,0,64.43243243243244
MAC-005,85,76.10031071350453,7.5822581333488195,134.38749065453894,1499.2119086470245,0,63.42567567567568
MAC-005,86,78.20405315374268,6.599416239221558,127.51468689076565,1459.0658656874323,0,62.41891891891892
MAC-005,87,74.12630789899019,7.7224212421450655,135.0756245384946,1489.3891536534807,0,61.41216216216216
MAC-005,88,71.15345940256817,6.692673665594138,123.45833681733242,1501.6979485065324,0,60.4054054054054
MAC-005,89,78.09759643358856,7.462607489812404,127.90403703482409,1506.5712007132229,0,59.398648648648646
MAC-005,90,74.55402181568613,6.499151532795748,128.21728827234253,1466.9853362498757,0,58.39189189189189
MAC-005,91,75.29391686462543,7.059266114326047,126.17730973642507,1498.5125152662306,0,57.38513513513513
MAC-005,92,75.02777617270179,6.816618338996484,138.99350591907321,1449.2357814379925,0,56.37837837837837
MAC-005,93,72.2054358323459,7.843296037411045,143.10027563879027,1462.3197029511005,0,55.371621621621614
MAC-005,94,75.50550437158012,6.6672770038310905,133.87214142413475,1460.70523617031,0,54.364864864864856
MAC-005,95,75.52741569526387,7.478795601870029,128.55529356464274,1461.640832781088,0,53.3581081081081
MAC-005,96,72.25833791969697,7.13022981299463,133.78019288209117,1472.1144261877662,0,52.351351351351354
MAC-005,97,76.4792820318992,7.793241877399567,126.75037292218877,1436.4669552083442,0,51.3445945945946
MAC-005,98,77.19227301187729,6.355356910508297,135.56654886095953,1441.2443551363576,0,50.33783783783784
MAC-005,99,79.41421460884608,7.53362079985476,133.75560998374846,1488.0623495917441,0,49.33108108108108
MAC-005,100,74.27600950178928,7.005246825926832,128.74545819591742,1444.864865642786,0,48.32432432432432
MAC-005,101,76.65927292158541,7.722484625947462,140.06118307290987,1424.3288873525566,0,47.317567567567565
MAC-005,102,76.32754391784351,6.954983471335067,134.42898147051085,1506.1643580139175,0,46.31081081081081
MAC-005,103,77.38922160268959,7.992355269484457,145.46021557063577,1480.6859693956774,1,45.30405405405405
MAC-005,104,76.04389730723506,6.93826378760523,135.70738014410546,1445.4424069686138,0,44.29729729729729
MAC-005,105,74.02491188129015,7.7301993765148,137.3888752638856,1490.8365747790585,0,43.29054054054053
MAC-005,106,76.48465650477432,7.783354619334656,132.93335898201704,1471.5753475084675,0,42.283783783783775
MAC-005,107,77.09317523798717,7.0905551674034255,136.39476922902153,1460.5801349667038,0,41.27702702702702
MAC-005,108,77.98718579311401,8.233356376557598,129.42318875902305,1434.5725433359103,1,40.27027027027026
MAC-005,109,78.89044186979743,7.381330576808993,138.06716914775674,1401.6902083087791,0,39.263513513513516
MAC-005,110,83.17698853875157,7.642662846990726,143.03593648292627,1442.00487486615,0,38.25675675675676
MAC-005,111,78.70872063950705,8.557038982921895,143.09652756090603,1443.3114499049207,1,37.25
MAC-005,112,77.74304311917734,8.346419486820768,149.1350617681698,1449.9039211074114,1,36.24324324324324
MAC-005,113,82.06190723896748,7.757486048498889,142.4299838461715,1466.7391009851815,0,35.236486486486484
MAC-005,114,77.46208713809811,7.538211261038036,143.59847025323845,1432.74256511618,0,34.229729729729726
MAC-005,115,76.62753650837232,7.603327596769175,135.39479990025382,1459.16376407436,0,33.22297297297297
MAC-005,116,79.58054986819496,8.336693517027534,140.38110792975047,1428.8123368577192,1,32.21621621621621
MAC-005,117,80.0788984213786,8.603648354931106,141.3980672367358,1448.3399763559744,1,31.209459459459453
MAC-005,118,77.28481188434016,8.15188702809556,134.57568679077497,1437.5240191826506,1,30.202702702702695
MAC-005,119,75.67261580695035,7.26325633409214,137.9229972701625,1425.6935010285283,0,29.195945945945937
MAC-005,120,79.30095166026878,8.045708293010492,139.2305319378276,1447.4921614330083,1,28.18918918918918
MAC-005,121,78.29506754991823,8.036927723725487,146.55602639747187,1434.0394132431793,1,27.18243243243242
MAC-005,122,78.9974126999086,8.22146302618938,138.67544070048757,1418.4440029684197,1,26.175675675675677
MAC-005,123,77.49400216271938,7.832048053432647,144.04820078126835,1418.6950618539213,0,25.16891891891892
MAC-005,124,79.31444082132573,8.597688913053965,138.49299127523872,1442.618111365968,1,24.16216216216216
MAC-005,125,76.67693212805602,8.214619477696433,140.48076989416538,1429.0713776518637,1,23.155405405405403
MAC-005,126,76.58690900515944,8.915991187662648,136.01426696819493,1433.967063815955,1,22.148648648648646
MAC-005,127,80.04290315405134,8.84984667333245,151.42641812180224,1400.116749740654,1,21.141891891891888
MAC-005,128,78.86337501413115,8.476095205326505,135.16354966904643,1440.2254097114314,1,20.13513513513513
MAC-005,129,81.98217620890972,8.694830543384363,142.07456729307057,1450.6336512325172,1,19.128378378378386
MAC-005,130,78.11840818917734,8.481297150037987,137.39898647691768,1439.6955204452304,1,18.121621621621614
MAC-005,131,76.89720501142168,8.468178166550086,142.97053653779773,1401.605069215257,1,17.11486486486487
MAC-005,132,79.44573546391086,8.523466637012493,146.27116728153456,1398.5552454637968,1,16.108108108108098
MAC-005,133,79.11544383552409,9.11212807882648,140.3321506666072,1402.3195673594437,1,15.101351351351354
MAC-005,134,82.42394149862676,8.33879274167005,147.03547762477945,1403.2536587375544,1,14.094594594594582
MAC-005,135,80.78161096846239,9.088934119960404,140.968407874096,1430.306850839527,1,13.087837837837839
MAC-005,136,81.10393306646984,9.640851237445919,150.1449475323582,1387.2815772700844,1,12.081081081081066
MAC-005,137,82.41374383044733,8.27536038817525,143.4599314876868,1413.86863322577,1,11.074324324324323
MAC-005,138,79.3927106216858,9.246361699970798,143.7202537934477,1405.4652780469185,1,10.06756756756755
MAC-005,139,80.76149319530305,8.82056496006862,144.94470644505296,1407.3171411540102,1,9.060810810810807
MAC-005,140,76.10690189015727,8.792678880286608,135.89901333131183,1404.2853236889994,1,8.054054054054035
MAC-005,141,79.09704070548989,8.109541751605498,149.48337503098256,1400.7302535038984,1,7.047297297297291
MAC-005,142,81.2470730879048,9.092609640539393,141.65615558775687,1447.8659330861396,1,6.0405405405405475
MAC-005,143,81.62858607401606,9.06746736909647,148.56515714188262,1436.492593876535,1,5.033783783783775
MAC-005,144,80.82484151207228,8.709479958165508,150.2847521433451,1419.306493566256,1,4.027027027027032
MAC-005,145,84.59343384264395,8.267666485284861,151.85313381837682,1386.5348147403115,1,3.0202702702702595
MAC-005,146,82.96189611551027,8.911464365248676,139.92206314789556,1372.169968458393,1,2.013513513513516
MAC-005,147,79.22384211388015,9.078642054051414,136.8892241613478,1376.4020899458808,1,1.0067567567567437
MAC-005,148,82.40969477866898,7.733285647874344,148.6120604546143,1349.5383566262876,1,0.0
MAC-006,0,70.77523314799782,1.9882546616371204,108.27815737130575,1568.057001581221,0,183.0
MAC-006,1,72.79835699361722,2.215318489040468,109.52171041897782,1599.336725442688,0,218.0
MAC-006,2,71.05508067521757,1.221089988329223,105.69870383880885,1595.8409398057065,0,255.0
MAC-006,3,72.22812232780642,2.0504609896764308,112.02544452899524,1581.0769272685172,0,115.0
MAC-006,4,71.9559956123347,2.3158178525859676,108.85745409655831,1567.8333696093957,0,274.0
MAC-006,5,69.97965675880255,2.4451976255231904,116.24426400378294,1616.2055103339985,0,203.0
MAC-006,6,72.3669453975977,1.4282051623751606,109.25014540520573,1623.944950816526,0,191.0
MAC-006,7,73.13961025902658,1.9260327020415706,112.42502935327616,1567.3119440452056,0,285.0
MAC-006,8,70.51129074241723,1.4876757678723445,111.62976228081224,1606.9819181719195,0,126.0
MAC-006,9,71.5949814437169,1.593306625013724,109.18315772139694,1582.9682503640415,0,280.0
MAC-006,10,70.31029208872614,2.19926830603813,105.4919420764767,1561.3728535182358,0,269.0
MAC-006,11,69.21440455738725,1.228141229975532,110.5194627719511,1595.707956941041,0,286.0
MAC-006,12,72.10367368712996,2.3236372896234783,115.24169746965566,1580.8545175610154,0,274.0
MAC-006,13,72.71558845259047,1.2399637096805685,116.17545192038683,1567.8032234131545,0,261.0
MAC-006,14,70.48247126003275,1.7309167065169606,101.65054820545902,1593.3513597256888,0,264.0
MAC-006,15,72.3304412345166,1.935064627892732,101.5806650289147,1632.3675728745518,0,233.0
MAC-006,16,73.00109509111692,3.346882485208486,105.25635698963862,1611.8574927410573,0,234.0
MAC-006,17,73.46118127290195,1.8844839118348258,116.3371576943662,1584.5916480252422,0,252.0
MAC-006,18,71.18085065926442,0.2940565174143155,111.32704345778326,1566.1896499438694,0,132.0
MAC-006,19,70.80119110672261,1.516661644010993,107.45074549247877,1601.5774527818664,0,154.0
MAC-006,20,71.92491662421115,2.3845921086364106,115.61005086699824,1585.3239294439609,0,285.0
MAC-006,21,70.9454990140814,2.508635290214512,114.46713963276973,1607.5116655395786,0,106.0
MAC-006,22,69.99827588463494,2.241098996134309,109.82925620930652,1613.7504270045108,0,156.0
MAC-006,23,70.75688931903814,1.1964663178085488,112.73308719097145,1541.5324805123755,0,225.0
MAC-006,24,70.43960669032097,1.5181737077243596,104.13222983454135,1577.7192187584158,0,111.0
MAC-006,25,74.33738063761689,2.4400491728866935,108.02324977910756,1615.3723176146987,0,115.0
MAC-006,26,69.77803918778088,1.4306297705099278,113.59988648530303,1604.2927127639705,0,142.0
MAC-006,27,70.98210669494698,1.4620410165344415,116.58056256425978,1558.2977971585613,0,216.0
MAC-006,28,70.7057816274265,2.1440597271424555,118.2927272312273,1600.3618524189822,0,234.0
MAC-006,29,72.86324280414023,1.7450796133094433,112.12430431544307,1594.8060345950994,0,210.0
MAC-006,30,68.72570441727851,2.4262388901300604,114.13387013830433,1608.7671491539409,0,150.0
MAC-006,31,71.96928934944523,1.5516830218086832,97.73598453264574,1595.8409202855466,0,259.0
MAC-006,32,74.06651761759532,2.5275376979250472,113.36226740603932,1591.21562860653,0,174.0
MAC-006,33,74.07756184617662,2.491852375311458,107.16873538546228,1606.2318085098345,0,107.0
MAC-006,34,70.83071520729504,2.299783579191968,102.78631996756474,1568.2556120040592,0,299.0
MAC-006,35,74.01904759200144,2.4985515244858894,112.44996089194923,1594.4592245985743,0,144.0
MAC-006,36,67.12008463606533,1.9923334942802622,111.55281902501928,1582.005183226326,0,158.0
MAC-006,37,70.47764511249716,2.7519816574603526,108.98045823211201,1601.7957515703652,0,231.0
MAC-006,38,73.45089642135235,1.529052925130968,110.24794030264104,1619.0927380670637,0,203.0
MAC-006,39,75.54107986471307,2.049739661990852,108.0921854523347,1598.0803295402684,0,294.0
MAC-006,40,72.38990759216867,2.7231504964490836,104.29994474323475,1587.1023864541971,0,256.0
MAC-006,41,69.6683508443606,1.5237240204847184,111.1647732647657,1608.8970050102582,0,256.0
MAC-006,42,70.60385011062614,2.4158188578711517,114.83979647472992,1631.3939681461854,0,197.0
MAC-006,43,72.04212719579573,1.7098891996614403,104.26954353104061,1570.6639842191198,0,255.0
MAC-006,44,74.40219490092085,1.2722237919056818,115.37064561732608,1575.3310275924746,0,178.0
MAC-006,45,70.53222110239481,1.953993735878517,105.76363044123752,1611.339443276709,0,223.0
MAC-006,46,75.52932140207918,1.701055384606938,107.12071399324694,1589.4334320318396,0,271.0
MAC-006,47,72.98474702509891,1.9530293239055787,116.21819024433306,1615.6323265087563,0,103.0
MAC-006,48,69.53170879092343,2.290255546170921,116.88359937561759,1582.80422926218,0,189.0
MAC-006,49,71.31410375452651,1.7657529644570293,106.74652511145256,1559.3308171392966,0,203.0
MAC-006,50,69.24600359518352,2.068508322752122,116.84989306233398,1580.432631927152,0,236.0
MAC-006,51,70.61711889221651,2.880531998593874,103.74061587999014,1559.4749849233892,0,218.0
MAC-006,52,70.24560262583863,1.6983792239863238,100.54463776559476,1590.1390140520255,0,232.0
MAC-006,53,73.7995261978367,1.3867940765260938,109.71979428383803,1600.6185616900532,0,155.0
MAC-006,54,71.73586494756505,2.1226177582540364,110.26853950204614,1576.445289039149,0,195.0
MAC-006,55,74.89979864213737,2.6536498804216144,115.23146017527591,1612.973362988395,0,277.0
MAC-006,56,68.75267455924758,2.49280265228949,112.55991032681762,1561.969375878642,0,174.0
MAC-006,57,71.47281278781347,2.168168188046151,117.60348867969326,1607.194325335403,0,242.0
MAC-006,58,70.17350204355702,2.8774656926094884,109.50080200263952,1587.583025439456,0,131.0
MAC-006,59,71.248397104936,1.2179938443719402,108.73305566998937,1602.6495533236307,0,127.0
MAC-006,60,71.1318668430632,2.239997702007286,104.95994783449918,1589.8812898919653,0,121.0
MAC-006,61,72.5357141513309,2.1246019019152174,101.25457774047484,1583.919729160093,0,116.0
MAC-006,62,75.25755935873885,1.783548426218248,109.36094090962928,1590.9647331665387,0,158.0
MAC-006,63,75.03911301595294,2.674955524480842,113.31955818816412,1573.235001910067,0,189.0
MAC-006,64,72.6209995964978,2.3137423349210726,105.7888790110898,1575.2895060605638,0,298.0
MAC-006,65,75.31266179252769,1.8793698072750424,117.35678728362582,1612.6417232874082,0,205.0
MAC-006,66,72.71838706286427,2.2560371815632494,102.27980538741625,1596.835343774206,0,284.0
MAC-006,67,74.73667432407689,2.3704412149763114,110.05358662439212,1626.9385920938582,0,125.0
MAC-006,68,71.53255205279203,1.7199936258726647,110.05106276946137,1608.0291955397495,0,124.0
MAC-006,69,68.46704530649711,2.1722057851287158,113.33362826675163,1587.3070156715805,0,237.0
MAC-006,70,74.11656303071891,2.350364794589042,119.98881878162547,1577.6877902258934,0,144.0
MAC-006,71,73.56405319910581,1.5211095094848046,101.20507093268645,1551.98923132116,0,182.0
MAC-006,72,72.97928154290749,2.1218954203555582,106.88664790226132,1557.2297614985255,0,110.0
MAC-006,73,70.52186024583628,2.031817967221235,113.24775002303556,1592.3691331725652,0,280.0
MAC-006,74,72.40675418352419,1.841705272896439,118.02802420170585,1572.334855290953,0,299.0
MAC-006,75,70.50415706354337,1.7835924263867504,111.9954251789537,1571.9226523817802,0,203.0
MAC-006,76,72.17407067920962,2.1122265350967857,105.81011333540317,1599.2994373966549,0,167.0
MAC-006,77,69.88700570063877,1.4712343921526339,109.77993197167729,1559.5047364679565,0,194.0
MAC-006,78,67.61302809301316,2.296188113781907,114.52675290202593,1583.363785803667,0,255.0
MAC-006,79,70.5664921939181,2.532539076370787,103.55421209907547,1565.4323956830945,0,164.0
MAC-006,80,73.3179063455306,2.0342905566396605,114.60628688552127,1549.894530601958,0,148.0
MAC-006,81,69.1012855158765,2.0369374933055853,111.37027168148902,1609.6397899313067,0,274.0
MAC-006,82,72.25226903573119,2.1120990410627916,107.33489547391909,1624.517946275608,0,151.0
MAC-006,83,69.69658658717263,2.2092815396614762,104.34285901612998,1603.3954190936179,0,201.0
MAC-006,84,69.8285983593381,2.401679312633736,109.84242792319266,1627.5926316426912,0,281.0
MAC-006,85,71.34059420357046,2.2422545215072796,105.38362178676653,1586.9419880486917,0,287.0
MAC-006,86,72.11413245700234,1.2661615021478199,102.19378351814622,1604.6970341742306,0,156.0
MAC-006,87,71.61045985505027,1.7333081968594959,105.5969722869863,1578.7300722630437,0,146.0
MAC-006,88,72.12773492813008,2.252289395441602,98.82136704094395,1620.9565293129156,0,258.0
MAC-006,89,74.58603502399761,0.8644440816100571,114.71153667068407,1613.8042252041384,0,273.0
MAC-006,90,71.90352448648872,1.3811871524410688,114.35804364739543,1587.8752268515707,0,125.0
MAC-006,91,73.00039118575154,3.139372099364396,110.54108694218817,1574.3621543431464,0,213.0
MAC-006,92,71.23117150827419,1.635048783263013,111.4493517763127,1576.5784970025215,0,104.0
MAC-006,93,70.95693065341435,1.3875562761797071,108.62146816147435,1596.2349440435587,0,183.0
MAC-006,94,66.53305740387864,2.1595582441236174,109.05340203358618,1577.400009202395,0,151.0
MAC-006,95,75.95989134665338,2.509009727185884,103.79989075831307,1609.4645857689404,0,204.0
MAC-006,96,74.39162965015575,2.0957819246922855,111.08911337380671,1599.4667815159494,0,153.0
MAC-006,97,67.73100178026705,1.9363366649583074,108.08733897914993,1621.3029609087152,0,260.0
MAC-006,98,72.57008922523738,1.8809659823251594,108.83127948411503,1613.1675598100658,0,277.0
MAC-006,99,71.533464171623,1.6806736968377023,107.90339222446575,1611.5137710539714,0,265.0
MAC-006,100,72.8949633093095,2.051905450058064,110.23959968629423,1581.504998705608,0,254.0
MAC-006,101,71.51473469722832,1.6981193024962482,107.80800676757136,1619.62341345005,0,114.0
MAC-006,102,69.74688987535924,1.6854126301720493,103.01040887439132,1563.2816730337656,0,160.0
MAC-006,103,71.52908966972305,1.7209668724831135,118.09034784303104,1587.0429172539618,0,221.0
MAC-006,104,74.48142722497369,2.5137747008538236,108.23713241295,1634.9025598192302,0,120.0
MAC-006,105,72.43970147104325,2.7862760963855013,116.2648876469764,1600.9928078796133,0,145.0
MAC-006,106,73.40489519372534,2.3418071709432446,103.56059603211153,1593.845655266578,0,296.0
MAC-006,107,74.05112796600295,2.7928646220643376,105.67870482991033,1603.276474213778,0,233.0
MAC-006,108,72.2043739246687,1.970834431092709,111.0619163351952,1597.0597963908403,0,137.0
MAC-006,109,72.9854486358588,2.750629843858533,113.20254114339357,1598.9116733549718,0,161.0
MAC-006,110,75.63188361175979,2.584736261323675,108.81991099605334,1568.3574401304595,0,185.0
MAC-006,111,69.9269721362727,2.496387687541324,106.13034079280517,1572.5387386352786,0,289.0
MAC-006,112,70.38646284473923,1.6860793073381568,113.53514152798134,1589.565006661872,0,177.0
MAC-006,113,69.15788429751481,2.045293912264685,110.3932338513113,1583.1131109487005,0,145.0
MAC-007,0,72.03208880730502,4.731488143561979,109.12515476421353,1573.928074656645,0,87.0
MAC-007,1,70.48070318877843,4.5801375497757375,104.71044103829807,1551.072498806619,0,85.98837209302326
MAC-007,2,70.19453550975456,4.828767735605397,113.09733539105233,1580.816905576677,0,84.97674418604652
MAC-007,3,69.82424214280614,5.046076210828698,112.17152467153208,1542.2040647492138,0,83.96511627906976
MAC-007,4,65.17559607724678,4.5656820192587135,119.24648598663363,1545.9710218691114,0,82.95348837209302
MAC-007,5,69.69647826914209,5.308448839921798,116.77851826284305,1557.1643324699264,0,81.94186046511628
MAC-007,6,66.31964070948024,4.649038033911985,123.89231342253976,1547.5311302819198,0,80.93023255813954
MAC-007,7,73.05864705501976,4.506233875011317,116.77374573693638,1535.502767334248,0,79.9186046511628
MAC-007,8,70.67902511874698,5.372767288728667,118.96116654097509,1561.6945283855332,0,78.90697674418604
MAC-007,9,69.69859482892448,4.887470035234584,107.5026986122976,1551.3276536391513,0,77.8953488372093
MAC-007,10,70.29919404792072,5.006248114652971,115.68440420761264,1535.5221931342714,0,76.88372093023256
MAC-007,11,69.71223865791583,4.8336598285204015,118.1812632247121,1543.6441161650937,0,75.87209302325581
MAC-007,12,68.87346014961057,4.954780227576175,116.30503765097382,1531.7583493592579,0,74.86046511627907
MAC-007,13,70.38811009668267,5.542479876365884,109.41113891498601,1499.862488670207,0,73.84883720930233
MAC-007,14,71.26150489183262,4.9687476169916085,122.43901310858101,1550.4604011140677,0,72.83720930232558
MAC-007,15,71.57174550364255,4.791574347136229,123.63559674705414,1528.7435847305906,0,71.82558139534883
MAC-007,16,68.36026426321375,4.685773245608543,126.29219070066898,1549.489399178096,0,70.81395348837209
MAC-007,17,66.52973498154677,4.763608886380013,124.75656181644092,1519.7979785702978,0,69.80232558139535
MAC-007,18,73.19760489419471,5.468999225327718,122.66957437489556,1517.9856506967546,0,68.7906976744186
MAC-007,19,71.14857486716785,6.086818777701987,120.75221259087466,1528.617903513605,0,67.77906976744185
MAC-007,20,72.56857228807458,5.371739680337493,128.12871365373928,1520.3706437091744,0,66.76744186046511
MAC-007,21,71.77346420688,6.311554126639574,113.82747581376545,1555.6981010552279,0,65.75581395348837
MAC-007,22,72.35514703776872,5.095853552156344,130.30612901165495,1499.4102252031398,0,64.74418604651163
MAC-007,23,73.4298207502781,6.146177290935579,127.04211249387475,1512.3702181643143,0,63.73255813953489
MAC-007,24,71.87858585137803,5.95429944625066,119.36949971512232,1509.0561098424607,0,62.72093023255814
MAC-007,25,76.65940081702308,6.280237044773377,122.8441372184795,1516.5468423925845,0,61.70930232558139
MAC-007,26,75.25314808679902,5.420808661834933,122.3643461702732,1550.7287283523951,0,60.69767441860465
MAC-007,27,76.28851381051564,5.765499198106511,119.4845207198135,1484.4488101275203,0,59.68604651162791
MAC-007,28,75.82539679844729,6.878508702613037,125.7562230090088,1498.023721013696,0,58.674418604651166
MAC-007,29,73.43433124012888,6.296846079214507,119.08960677233435,1453.8663124973823,0,57.66279069767442
MAC-007,30,77.8261783930906,5.686724435609506,121.9108810906757,1503.4099218794802,0,56.651162790697676
MAC-007,31,77.65134580902907,6.375667361367686,117.91131560692506,1481.9569932983509,0,55.63953488372093
MAC-007,32,73.65532631775807,6.285467785790532,130.38462048778428,1434.9372997960713,0,54.627906976744185
MAC-007,33,74.41940252522451,6.1200197457005,118.28571899316479,1495.096036017749,0,53.616279069767444
MAC-007,34,72.64211549899866,5.769568688613662,129.16969937395297,1511.098797947297,0,52.604651162790695
MAC-007,35,75.5497587629981,5.8682890331350075,121.73141043116553,1498.948558938232,0,51.593023255813954
MAC-007,36,76.16471383902007,6.483938968556496,127.16925702582941,1475.7364705481098,0,50.581395348837205
MAC-007,37,79.25314701048298,6.217357989018472,121.62904047829451,1446.5217484825328,0,49.56976744186046
MAC-007,38,75.31163220118444,6.103413148400012,127.38404119194108,1472.3109155796963,0,48.55813953488372
MAC-007,39,74.4633415299711,7.001441829614891,134.22255557053373,1476.7498846679011,0,47.54651162790697
MAC-007,40,71.76438122166738,7.757908899803773,130.71793616644658,1506.422632183537,0,46.53488372093023
MAC-007,41,79.26270981734928,7.467072388271816,128.35448087530358,1459.7494963012587,0,45.52325581395349
MAC-007,42,78.05811007798519,6.524893403081084,129.8423782480062,1410.1608408233285,0,44.51162790697674
MAC-007,43,77.62689725042097,7.6090952676232355,128.48934447435678,1494.9473701562497,0,43.5
MAC-007,44,77.24342704176618,7.4955539284339,123.97127879755202,1477.3379972120251,0,42.48837209302326
MAC-007,45,78.46599269139028,6.9418244883864375,115.83804617680366,1450.7124787300936,0,41.47674418604651
MAC-007,46,78.65759397096554,7.523525718285576,136.85703333382799,1494.2018176988104,0,40.46511627906977
MAC-007,47,80.95310767612315,6.885597102391337,127.87309147695085,1465.9806225176533,0,39.45348837209302
MAC-007,48,79.72968696704405,8.038286509106932,142.138886604296,1494.2470664240313,1,38.44186046511628
MAC-007,49,81.9082195044164,7.545536118250514,136.83339241168255,1479.833432221922,0,37.43023255813954
MAC-007,50,78.85562736778094,7.0727255718925015,126.59448968280185,1426.7780667037355,0,36.41860465116279
MAC-007,51,76.61612257457585,7.521478177073562,125.77765826392647,1426.3364671152212,0,35.406976744186046
MAC-007,52,81.01250939558696,7.544803120009268,133.2693745587424,1467.0110354610579,0,34.3953488372093
MAC-007,53,81.56894315178636,8.270913141976662,131.86595991567128,1469.6450214747515,1,33.383720930232556
MAC-007,54,80.78924192089094,7.653294246165748,139.11853605937034,1417.667285489925,0,32.372093023255815
MAC-007,55,84.34685458473224,7.485362369967319,126.06519275644811,1445.8815475401957,0,31.360465116279066
MAC-007,56,79.77489548688204,8.696787190309404,130.33605610647587,1436.801636271405,1,30.348837209302324
MAC-007,57,77.90823693363362,8.147812031170329,128.958437407314,1442.080301156305,1,29.337209302325583
MAC-007,58,80.13261814264936,6.775358829728011,133.84616582453484,1427.6435271165092,0,28.325581395348834
MAC-007,59,82.98133682677758,8.634297723376829,143.0970900086063,1440.8991904696454,1,27.313953488372093
MAC-007,60,82.00631712113545,7.20010190706731,134.88997523017923,1425.6160590242937,0,26.30232558139535
MAC-007,61,81.28168327516282,8.287723791493264,139.83422668634677,1402.6503264402288,1,25.290697674418603
MAC-007,62,80.24088014354722,7.9590652246723606,131.49337976410337,1383.8944904288926,0,24.27906976744186
MAC-007,63,80.1455484367715,7.470021921409771,140.95660584394065,1448.477244021563,0,23.267441860465112
MAC-007,64,80.1777520522995,8.416690515864863,139.62676301240555,1382.2764775934675,1,22.25581395348837
MAC-007,65,82.92046191871793,9.467883106337386,138.98974280805183,1404.9169919253013,1,21.24418604651163
MAC-007,66,81.70801603139479,7.247365495671492,138.30120434305422,1446.4804879223257,0,20.232558139534888
MAC-007,67,81.43118663050663,7.348275212641225,132.97254274191135,1422.8572965220908,0,19.220930232558132
MAC-007,68,82.43115918712957,7.9633047703110265,136.73426581017367,1407.520465971171,0,18.20930232558139
MAC-007,69,80.7412639727016,8.322368232666976,134.49698075147958,1387.8095134681398,1,17.19767441860465
MAC-007,70,81.71385597293337,8.959110272900602,134.106211763308,1358.429844162123,1,16.186046511627907
MAC-007,71,84.50641001313839,8.908552346207612,133.69289366742566,1384.8366455079968,1,15.174418604651166
MAC-007,72,82.90959198580205,8.430097193523782,143.55205249066105,1391.4498652815164,1,14.16279069767441
MAC-007,73,86.11677157546447,8.176479322833275,136.44417706801394,1410.5124744711968,1,13.151162790697668
MAC-007,74,83.0562587447488,9.224434633428732,135.56553629715006,1382.7000972783699,1,12.139534883720927
MAC-007,75,88.23767977377044,8.557928178759168,139.77901335208583,1399.16322545526,1,11.127906976744185
MAC-007,76,85.58025695588788,8.96083560615489,139.11441320463086,1358.4908622497865,1,10.116279069767444
MAC-007,77,86.05370337421463,8.52454596757209,143.62077559776233,1409.678024334394,1,9.104651162790702
MAC-007,78,81.97589524865235,9.635155374159284,138.0314781376181,1377.318960836998,1,8.093023255813947
MAC-007,79,83.99211992393286,9.099956589346686,140.76566909904727,1399.177551211832,1,7.081395348837205
MAC-007,80,84.5639933331684,9.893595190150318,144.09999270091157,1377.1596236667706,1,6.0697674418604635
MAC-007,81,85.91509621610919,8.967380529982256,139.9145309835415,1376.409432695259,1,5.058139534883722
MAC-007,82,86.08855007998397,8.857871789663253,142.33837391596444,1354.0167806073293,1,4.04651162790698
MAC-007,83,87.3813688608462,9.124074264544442,145.29455957414703,1388.2251766210338,1,3.0348837209302246
MAC-007,84,88.94368123700345,9.452131574678942,144.32988871802894,1359.689821310043,1,2.023255813953483
MAC-007,85,88.55148455075192,9.745800991351306,134.66391443277897,1371.4129351698443,1,1.0116279069767415
MAC-007,86,90.16234984667423,9.22987642808587,139.9726529059391,1353.1498714612599,1,0.0
MAC-008,0,65.76095704374025,2.3312928185854167,109.79772534689302,1429.5207629620763,0,164.0
MAC-008,1,62.847371891172685,1.6282459566611158,111.37088510211859,1453.4002530768428,0,290.0
MAC-008,2,61.88112191806315,1.7666068138198745,99.54524546775454,1466.5287090671536,0,281.0
MAC-008,3,63.12062714409661,2.295558676644837,102.66496802554256,1471.248748533547,0,269.0
MAC-008,4,61.38359263036989,1.9373523845027023,105.12529542733493,1407.913059911949,0,248.0
MAC-008,5,64.62871898705318,2.725048720551258,109.64408894766242,1430.064283142619,0,178.0
MAC-008,6,61.55993802533753,1.9069425408346705,104.47243109353107,1437.806870229869,0,121.0
MAC-008,7,62.620230349474696,2.5908286596768213,110.54295052449763,1412.1249403607571,0,265.0
MAC-008,8,63.0211220900034,1.9537847550175687,117.3237781743484,1472.241130579626,0,198.0
MAC-008,9,65.24293498814065,1.8009560681658057,120.42100507111685,1450.67082463666,0,107.0
MAC-008,10,65.56678717494331,1.8304402289365655,108.97874601638094,1449.1325215921877,0,289.0
MAC-008,11,62.61778158283393,2.7091560075870302,109.3110831116868,1466.944274344953,0,274.0
MAC-008,12,63.77849537787135,1.9750539265488711,113.74511279184063,1434.186673602085,0,116.0
MAC-008,13,67.0144379636175,0.749583875315222,113.83644572690426,1408.360056353205,0,116.0
MAC-008,14,61.86271295716991,2.0389459911168224,118.00989749899749,1429.808930297208,0,189.0
MAC-008,15,64.9300501949296,1.492341715740047,117.2050783232034,1434.1650657006765,0,240.0
MAC-008,16,62.46089540208828,1.9135607042972433,116.88354707500709,1465.4067714034209,0,244.0
MAC-008,17,63.2010298047751,1.5058158435590583,106.89662036427785,1423.0804440286233,0,265.0
MAC-008,18,57.81774059002172,2.712409086777469,108.83261207271558,1436.8820952529,0,180.0
MAC-008,19,65.30623083045717,1.8437557346592617,106.26937502599941,1439.1570621284461,0,177.0
MAC-008,20,60.048688259852256,2.2539279204964235,108.60341931310822,1433.5065463268697,0,272.0
MAC-008,21,61.126220019565444,2.0286392889314397,110.88913533202832,1433.2524727705954,0,105.0
MAC-008,22,61.596494491415754,2.040988622442771,109.55963902673138,1444.2734938762462,0,262.0
MAC-008,23,60.960684757110016,2.5840464904156906,110.95587059147665,1433.5750394822483,0,209.0
MAC-008,24,63.00279479836312,2.0445657364430883,101.80259793201073,1450.4710283431784,0,113.0
MAC-008,25,60.275013958837675,2.5489639274680993,109.26298150996183,1459.2533804865673,0,171.0
MAC-008,26,61.05358925721083,2.116714669422765,116.52294720696345,1438.2716436104495,0,288.0
MAC-008,27,61.13239216613444,2.40927034274334,113.65003768818387,1432.6769918704495,0,242.0
MAC-008,28,58.34310432277052,1.7767385471032675,113.85852731286117,1428.1512907502713,0,153.0
MAC-008,29,62.29215068957365,1.7530075668692735,100.81089389179881,1430.1423509979472,0,126.0
MAC-008,30,63.660290404985474,0.8966237958195393,111.73256645680695,1419.9305899107576,0,112.0
MAC-008,31,63.530910502554434,2.438909503789272,109.61199002987269,1440.2586113631214,0,258.0
MAC-008,32,60.701300969333445,1.4089583357999624,118.96219423609773,1426.3505459953233,0,262.0
MAC-008,33,65.449618625999,1.652000015952357,113.09768165611771,1420.8958313456733,0,159.0
MAC-008,34,63.360816397410076,1.9189563572758845,108.90914890105071,1455.8524379344349,0,105.0
MAC-008,35,61.375743633447854,1.3676757881298967,114.27825752147633,1420.7339627390993,0,296.0
MAC-008,36,63.34706093240187,2.5682483085189456,108.59426027266798,1467.2990314205815,0,157.0
MAC-008,37,63.27759377932861,1.7338193257800576,117.47887471575945,1420.8185381039582,0,148.0
MAC-008,38,61.56062550379892,1.978592634042781,113.49784820952034,1465.9606404863687,0,250.0
MAC-008,39,64.41960947741147,2.1936241956395985,109.07038418211123,1407.1322897061932,0,261.0
MAC-008,40,59.685734654695615,2.9650777804981634,101.29136976691638,1427.9621616739037,0,125.0
MAC-008,41,64.60323892770623,2.186606685451129,115.11195505945753,1454.5085415641595,0,146.0
MAC-008,42,65.25319143832782,2.229463679134888,113.78896835018662,1429.167043897579,0,104.0
MAC-008,43,63.48669231476232,1.883686986857831,108.2062003645255,1461.5464448316886,0,119.0
MAC-008,44,64.11727311572477,2.9259711137255113,118.58804563186007,1461.9982777659213,0,233.0
MAC-008,45,58.87313514313262,2.995590527327294,115.06156805776088,1428.3347727370199,0,297.0
MAC-008,46,63.77184467473161,1.5631171653710814,113.56488030497778,1417.326573717264,0,158.0
MAC-008,47,60.69758954603277,2.4367146004527087,115.83616341939353,1450.160711727422,0,291.0
MAC-008,48,61.7416890902301,1.0243168883439502,109.42662420617226,1454.3216760752364,0,245.0
MAC-008,49,61.68049615173475,2.070461065305236,109.54364236483946,1437.2178501823173,0,231.0
MAC-009,0,62.8908205678012,4.148894125862719,114.80783173818823,1501.2458017089248,0,76.0
MAC-009,1,58.485201992464276,4.120690708352702,108.63725174907037,1503.0431147526833,0,74.98666666666666
MAC-009,2,63.51598468459398,4.109274532118489,110.6352861879204,1497.8248314757855,0,73.97333333333333
MAC-009,3,63.10876477919107,4.442432289851345,114.08047604681973,1491.7890243707755,0,72.96
MAC-009,4,64.21785331546285,5.076668084764782,114.31710649107704,1482.9169590112447,0,71.94666666666667
MAC-009,5,60.2684297216333,4.0353848687692615,107.67976527646617,1495.049293295017,0,70.93333333333334
MAC-009,6,63.40087711757824,4.433839040624941,111.90783347059548,1489.0155118653909,0,69.92
MAC-009,7,62.25145822525029,4.752940047698727,101.23133489327022,1490.9801797444507,0,68.90666666666667
MAC-009,8,63.23828316417088,4.812233301892084,106.63563217645545,1467.3182153175946,0,67.89333333333333
MAC-009,9,64.09337585880934,3.5340051211741903,118.74154426878376,1490.4766698491446,0,66.88
MAC-009,10,66.30606618947678,4.008484526702102,110.29353821349389,1435.1558845333825,0,65.86666666666666
MAC-009,11,61.860402132536194,4.525886748310129,103.05653449914817,1472.7891358805837,0,64.85333333333332
MAC-009,12,59.740259199543104,4.554869569899567,119.0003688768368,1477.3504981749008,0,63.84
MAC-009,13,67.29451219322404,5.142535417736795,120.40028532643574,1460.1196094122492,0,62.82666666666667
MAC-009,14,62.66297208595207,4.987985317916385,106.16577246734185,1482.2098102776881,0,61.81333333333333
MAC-009,15,63.85657360438026,5.545966502181239,117.84658103800845,1492.0894849418805,0,60.8
MAC-009,16,63.25915896942087,5.470862691472985,122.06731908153807,1466.7495009201027,0,59.78666666666666
MAC-009,17,63.55202778821483,4.6516534301591275,121.43355841190176,1518.5791132888073,0,58.77333333333333
MAC-009,18,63.3305967813342,4.549076479439263,120.24030119729959,1447.1823489056399,0,57.76
MAC-009,19,67.59375558487802,5.376799064908076,115.90808062354265,1468.454471236038,0,56.74666666666667
MAC-009,20,66.58059944946513,5.120112202935876,107.64089881994525,1460.5704761700167,0,55.733333333333334
MAC-009,21,69.2294813380235,4.471320593910912,111.98851571954826,1462.9024221461877,0,54.72
MAC-009,22,66.42370222609658,5.54708547898953,113.71558662320994,1474.9834694353453,0,53.70666666666666
MAC-009,23,66.70347752674928,5.755776634053124,119.20830155930899,1452.6126241153504,0,52.69333333333333
MAC-009,24,68.12650160416196,5.566317323549281,112.05065620608121,1468.2182823230814,0,51.68
MAC-009,25,68.7722467573389,4.485437624571111,115.12538676428565,1464.6867761112499,0,50.666666666666664
MAC-009,26,63.74529298662371,6.0764357348845985,118.08501235249804,1468.0136393207051,0,49.653333333333336
MAC-009,27,67.6600143961653,5.309407771120624,120.72629017667028,1437.9686991764572,0,48.64
MAC-009,28,66.3037636007717,6.8454029828083405,114.72510780705825,1391.0857225180926,0,47.626666666666665
MAC-009,29,71.35202170003289,5.510238978828895,118.4914692522566,1426.1551297793394,0,46.61333333333333
MAC-009,30,67.3124787902101,5.484713953039346,115.38598588670553,1431.976867358643,0,45.599999999999994
MAC-009,31,67.91096443791233,6.298780757522253,123.17827949937639,1409.4998493066753,0,44.58666666666666
MAC-009,32,69.19514000014514,5.790469973978813,116.20124387023256,1439.2071456401177,0,43.57333333333333
MAC-009,33,68.99860478412054,5.861403599638461,117.27644674338974,1402.2282000609796,0,42.559999999999995
MAC-009,34,73.48194928530322,6.298027408222909,116.49337458159732,1425.9126743015343,0,41.54666666666667
MAC-009,35,71.89160348580204,6.280516363357142,129.2138633203823,1386.6675145463103,0,40.53333333333333
MAC-009,36,66.04808493218738,6.392805741703208,124.12097416869135,1348.1021948752564,0,39.519999999999996
MAC-009,37,69.04673473928062,5.824005347268814,116.17349909041141,1392.0397842007765,0,38.50666666666666
MAC-009,38,71.74862041962021,5.885423467499899,118.61235646312325,1377.2529343684507,0,37.49333333333333
MAC-009,39,73.35802199618998,6.677231634564281,111.46092296362322,1387.3526600137723,0,36.48
MAC-009,40,72.14039637468503,7.166401200004593,128.52163461707627,1397.2522244457098,0,35.46666666666666
MAC-009,41,67.48376477904594,7.02661889615304,123.22769340574573,1403.1115439958005,0,34.45333333333333
MAC-009,42,71.25483551895186,5.979519123093461,126.92816556556846,1403.6319053783996,0,33.44
MAC-009,43,71.0212566042761,6.958626246497049,118.63165360944224,1391.0910902911,0,32.42666666666666
MAC-009,44,72.18824713071412,5.921399004182485,125.61090513448377,1408.5124697950196,0,31.413333333333327
MAC-009,45,71.79268823149364,6.8375948426770545,129.10284522694013,1383.4519857367,0,30.4
MAC-009,46,72.06671317522765,6.3320900103522035,126.61117798627075,1381.8794392945615,0,29.386666666666663
MAC-009,47,73.92364545915972,7.267961218394267,131.03664391004423,1375.779623001386,0,28.373333333333328
MAC-009,48,68.83546159254168,7.422840588219246,129.63094037757213,1370.6074189781984,0,27.36
MAC-009,49,74.56166205766142,6.393515287412948,133.02127346354172,1374.0091810886706,0,26.346666666666664
MAC-009,50,72.0570843272538,6.872748884235836,127.10738431129457,1377.809851711194,0,25.33333333333333
MAC-009,51,74.07465800879925,7.034585414060428,129.66074395070828,1375.5840997164837,0,24.319999999999993
MAC-009,52,72.94610935158848,6.916083297513069,132.09611063998034,1383.2734560024046,0,23.306666666666665
MAC-009,53,74.61868594779665,7.843065816403012,119.64238148677323,1358.867463504944,0,22.29333333333333
MAC-009,54,72.45493690754168,8.574893689661046,133.4098557116966,1365.942537714544,1,21.279999999999994
MAC-009,55,76.60071018464012,8.07068486265389,135.7666519094423,1383.3262681423482,1,20.26666666666666
MAC-009,56,74.76880627512053,7.327653794718566,125.82228439402377,1372.3095648275528,0,19.25333333333333
MAC-009,57,75.23917334576393,7.434890462886155,128.67466032739344,1388.632893158298,0,18.239999999999995
MAC-009,58,77.72556353684168,8.625112379893046,134.06778547759828,1358.1365504033338,1,17.22666666666666
MAC-009,59,76.03255570440533,7.265554151882437,125.51034586148597,1364.512703088725,0,16.21333333333333
MAC-009,60,74.4771610796655,7.947223276131003,137.7895110778243,1338.4252250428813,0,15.199999999999996
MAC-009,61,80.630639664552,7.411936312409544,137.55788828690274,1357.5978483787778,0,14.18666666666666
MAC-009,62,79.261024789998,7.414974540885961,144.5367559313268,1342.895644133104,0,13.173333333333325
MAC-009,63,78.48928806344111,8.761106564723267,130.37307785118796,1360.3540941203373,1,12.159999999999997
MAC-009,64,75.8562107891364,8.803133084163147,129.99022137462563,1341.9781275639405,1,11.146666666666661
MAC-009,65,78.27454937634015,8.562591652479746,144.0282434150073,1329.5370291743673,1,10.133333333333326
MAC-009,66,80.20293541760027,9.221360465619716,135.40926551930443,1324.9421750168826,1,9.11999999999999
MAC-009,67,74.72855628491932,9.24365859869239,133.75311390746327,1313.2860810873092,1,8.106666666666655
MAC-009,68,75.73512149010723,7.866203093476049,139.9685988653262,1351.8390426780463,0,7.093333333333334
MAC-009,69,80.01918329617467,8.499768576031961,129.53720629378893,1313.4512742591423,1,6.079999999999998
MAC-009,70,76.76485862663787,8.785799638802622,130.84298368909236,1311.133592008743,1,5.066666666666663
MAC-009,71,78.87428085674027,7.730278533175527,136.7881400797104,1320.6438776617356,0,4.0533333333333275
MAC-009,72,81.8728315293975,8.221035310891036,130.45304217604973,1312.6741633432523,1,3.039999999999992
MAC-009,73,77.57138854533892,8.716334852998683,128.04408230058365,1305.4168693201639,1,2.0266666666666566
MAC-009,74,78.17398568730337,9.046425569319366,133.6856699036951,1280.1702832683711,1,1.0133333333333212
MAC-009,75,79.89024672781555,8.988279574597797,136.77720432762356,1300.0341639085905,1,0.0
MAC-010,0,57.713676000753566,2.983085568138523,116.26894105871074,1413.2136061569202,0,113.0
MAC-010,1,62.72865993756455,2.9671962518500576,112.86419696905466,1428.4908262107,0,111.99107142857143
MAC-010,2,61.852537309847925,3.1302769023898698,113.61191404049138,1412.5216024831666,0,110.98214285714286
MAC-010,3,60.084370684614036,2.66201074786437,108.11369754901942,1394.1049975760543,0,109.97321428571429
MAC-010,4,61.170732755848334,2.029663142374523,123.1628158772402,1431.7275218419675,0,108.96428571428571
MAC-010,5,66.81921016721158,1.9955808861569726,113.16071433737358,1377.4606765936928,0,107.95535714285714
MAC-010,6,61.76407655897141,2.192212691837087,119.26785234569063,1393.6363240313149,0,106.94642857142857
MAC-010,7,65.46921613119605,2.9975844159502523,124.85361279967049,1370.2021216261305,0,105.9375
MAC-010,8,66.02791509382409,3.312992193966977,108.7340115746751,1418.1637613139635,0,104.92857142857143
MAC-010,9,64.35872969074543,2.670281416400529,109.74671505561399,1381.868994051092,0,103.91964285714286
MAC-010,10,67.9630551067073,2.8286087434665936,118.042529223795,1378.6632839422998,0,102.91071428571429
MAC-010,11,62.48071617313465,3.4135075262234427,107.64948488404374,1384.4070847131204,0,101.90178571428572
MAC-010,12,64.28546803816486,2.972449210129118,113.76738624238435,1398.8578441887196,0,100.89285714285714
MAC-010,13,65.7801158780985,3.3283294695493755,109.99932034978971,1383.4884351038006,0,99.88392857142857
MAC-010,14,66.96092124065923,3.452582078217266,108.32952886138723,1394.431223564996,0,98.875
MAC-010,15,60.79193616859822,3.0729737230711343,124.94814792818616,1366.6738597081473,0,97.86607142857143
MAC-010,16,63.256731726807146,3.475768950437999,108.01079199407177,1371.2067019514013,0,96.85714285714286
MAC-010,17,66.2952512433963,2.820858923417487,114.81043635972885,1396.975605250978,0,95.84821428571428
MAC-010,18,66.1224522857484,3.3156588330205086,114.56016162509725,1387.7232018456318,0,94.83928571428572
MAC-010,19,65.20888590891823,3.45540022744632,114.03659962152125,1374.900688548237,0,93.83035714285714
MAC-010,20,63.6534268344562,3.253241405090929,112.73174215463064,1354.501227528163,0,92.82142857142857
MAC-010,21,66.32765586571348,3.421362885633496,120.96660187318145,1366.3897336354762,0,91.8125
MAC-010,22,66.8034304141187,3.634639571452117,119.54158896326027,1356.7292598665106,0,90.80357142857143
MAC-010,23,66.46304283543003,3.585558720953236,117.61909898430572,1329.742868850707,0,89.79464285714286
MAC-010,24,66.6622862692771,4.554001880235146,116.04849703164481,1355.1409685565975,0,88.78571428571428
MAC-010,25,67.26499529119542,3.6481732533804303,124.07785592817552,1342.7752358911014,0,87.77678571428572
MAC-010,26,68.15804982736508,3.8314429663834955,117.66893414205444,1372.9364338632881,0,86.76785714285714
MAC-010,27,68.93119543585429,4.016637413382608,112.93005699205223,1380.7959397355394,0,85.75892857142857
MAC-010,28,66.91989441303501,3.6611645599867604,119.27662523309307,1359.6180047200396,0,84.75
MAC-010,29,69.60967776775666,3.627116318665016,113.57839636183247,1352.9823558721853,0,83.74107142857143
MAC-010,30,67.76064335760596,4.327830478348766,122.4570871541562,1342.0723359122144,0,82.73214285714286
MAC-010,31,72.55062490778526,3.8898585292998504,126.08405414507082,1354.278841311186,0,81.72321428571429
MAC-010,32,68.82395471428086,4.221452913680682,126.06356073951075,1376.6905845858703,0,80.71428571428572
MAC-010,33,69.67862137545839,3.6884230834350458,117.37934369662288,1360.4254571803647,0,79.70535714285714
MAC-010,34,69.97747467043706,3.778853886254416,125.82942046063884,1381.0557303791797,0,78.69642857142857
MAC-010,35,66.45556783805056,3.5160016723551992,120.06717206320393,1356.3857373288154,0,77.6875
MAC-010,36,67.41606679910578,4.654811151297531,123.15486839098659,1349.2525134254215,0,76.67857142857143
MAC-010,37,65.7703729293453,3.3650496912608236,122.70506706046709,1304.041748433085,0,75.66964285714286
MAC-010,38,70.84445794681297,3.988128464899037,137.78097238269544,1391.0820744640791,0,74.66071428571428
MAC-010,39,68.63327613947227,4.058284673430159,126.80890183039563,1377.217290145693,0,73.65178571428572
MAC-010,40,65.89710731353775,3.262513229629093,118.9863069582773,1353.0386781063849,0,72.64285714285714
MAC-010,41,70.34390375986746,4.734834477408981,116.36348006988638,1293.2911376791053,0,71.63392857142857
MAC-010,42,71.24317611989903,3.830098401045058,112.53501511543345,1340.7453783532455,0,70.625
MAC-010,43,71.29049025617458,4.227415759077656,120.60369923212791,1332.886947286715,0,69.61607142857143
MAC-010,44,69.13996450537813,3.6586685567788306,119.58502450375191,1344.7298785254848,0,68.60714285714286
MAC-010,45,70.70147826337518,4.460969803342943,118.44817220510089,1328.9043056780704,0,67.59821428571428
MAC-010,46,65.88098223817894,4.510426019912848,130.83368987909932,1301.2818147755165,0,66.58928571428572
MAC-010,47,69.24024813487162,4.629988864935838,130.21910123783263,1320.030053585931,0,65.58035714285714
MAC-010,48,69.20459397341781,3.52522169198335,124.73756543789946,1368.066155210384,0,64.57142857142857
MAC-010,49,71.32080270632144,4.542791561210155,126.09627307085758,1325.2328828241125,0,63.5625
MAC-010,50,69.3170481883143,5.0098187962514835,125.88015585824515,1324.0370764373329,0,62.55357142857143
MAC-010,51,69.16933602872055,5.29418059199063,128.34034869501565,1310.8564831468889,0,61.54464285714286
MAC-010,52,73.3007089410834,4.437888994441266,121.37230423145861,1304.9509260402044,0,60.535714285714285
MAC-010,53,67.93191327798581,4.9666933914535925,116.39208402798577,1293.8062002600702,0,59.526785714285715
MAC-010,54,67.49986551644741,4.732135142459661,125.06169284398189,1310.0712411172333,0,58.517857142857146
MAC-010,55,69.7428772957058,4.233300899747408,128.40063118873783,1303.8242152423659,0,57.50892857142858
MAC-010,56,72.63774047856172,4.421041221014236,127.24958231052408,1339.1309031184323,0,56.5
MAC-010,57,73.35434658671748,4.701706442578727,127.89575017411202,1306.482127377082,0,55.49107142857143
MAC-010,58,72.37476650576384,4.789355613223335,126.05356601856916,1313.7673864247452,0,54.48214285714286
MAC-010,59,70.54927988765296,4.488469513413216,120.19801600450376,1275.7501857687625,0,53.473214285714285
MAC-010,60,70.27842305281838,5.120387967920889,122.94227792186412,1316.2579856390337,0,52.464285714285715
MAC-010,61,72.95940708520695,4.100652395410418,130.9465801460957,1320.4317577618212,0,51.455357142857146
MAC-010,62,71.07924538847459,5.3392480611875595,123.65469776360499,1304.3992808805292,0,50.44642857142858
MAC-010,63,70.71496507467684,4.276846851083395,126.28858972824985,1298.2013829156408,0,49.4375
MAC-010,64,72.62559365180005,4.625632585850024,126.46866709132271,1304.2919453883273,0,48.42857142857143
MAC-010,65,73.50815812922666,5.35314616787153,125.38307312537096,1320.5704971266111,0,47.41964285714286
MAC-010,66,71.42258866680466,5.5499235887259015,134.90859131810564,1304.9843891828411,0,46.41071428571429
MAC-010,67,73.54687803622703,5.086242704461672,134.44506083420083,1265.136817318205,0,45.40178571428572
MAC-010,68,72.18866912003988,5.195860132657921,135.71837809219326,1299.4217570398316,0,44.39285714285714
MAC-010,69,72.36981727422115,5.28373295032195,126.72398030981552,1275.8607129699183,0,43.38392857142857
MAC-010,70,76.44067905879768,4.797263025993268,138.10498703463256,1304.8511751138567,0,42.375
MAC-010,71,76.841614433334,5.29591262222301,129.5768658862289,1257.853633515245,0,41.36607142857143
MAC-010,72,73.78755742843548,5.818457589667835,137.07237151619512,1262.6036219652653,0,40.35714285714286
MAC-010,73,74.28286151904102,5.540228343340617,123.87859692198943,1294.8038316320578,0,39.34821428571429
MAC-010,74,73.74288387996882,5.562430565478986,128.86328279905618,1265.4201651780716,0,38.33928571428572
MAC-010,75,75.3537657229354,5.596568739394106,129.52922697288597,1264.8677913544334,0,37.33035714285714
MAC-010,76,76.1838961859049,6.575429950534879,132.35343927413862,1297.5894765818382,0,36.32142857142857
MAC-010,77,72.94139414447454,5.87174982354624,126.43264824075139,1246.3587022285526,0,35.3125
MAC-010,78,74.42008633030588,6.433066558716762,136.93505570461866,1278.9873837158539,0,34.30357142857143
MAC-010,79,73.01041917588655,5.783224353426627,133.95896333144285,1275.868102361913,0,33.29464285714286
MAC-010,80,72.5652242791474,5.480453542721279,132.39556119185428,1281.3132844562601,0,32.28571428571429
MAC-010,81,72.03754695435148,5.888798266601905,133.69668058765637,1285.8097945318157,0,31.276785714285722
MAC-010,82,77.99250891546873,6.305393701356856,129.24722093041564,1228.8876005146005,0,30.26785714285714
MAC-010,83,75.99767938331354,6.559171742167353,140.47968282721118,1279.4887137985977,0,29.25892857142857
MAC-010,84,77.81945769348228,6.292423441366676,130.99730318144884,1260.906614377145,0,28.25
MAC-010,85,80.47590624997395,5.675572401888374,142.11727759446572,1255.2973456539512,0,27.24107142857143
MAC-010,86,79.96562256695391,5.487691687646162,137.2383913724034,1245.2325945204152,0,26.23214285714286
MAC-010,87,74.66121511535788,6.344614001211024,139.62171603522373,1241.299256963073,0,25.223214285714292
MAC-010,88,74.67070872873192,6.233672385448693,134.4026671740217,1267.394566781608,0,24.214285714285722
MAC-010,89,79.74492094282019,6.294134964590543,144.38284711754264,1259.1429576167993,0,23.20535714285714
MAC-010,90,77.32986993851988,5.562306663285995,134.0575196676542,1246.1606123134457,0,22.19642857142857
MAC-010,91,80.12032369353909,6.6435799424814554,129.73945838673566,1254.5635274454644,0,21.1875
MAC-010,92,79.71976759487674,7.220601597752565,140.33931055763276,1264.5654612990486,0,20.17857142857143
MAC-010,93,78.67386839109145,6.694989708380993,142.414801949757,1220.9230687588013,0,19.16964285714286
MAC-010,94,78.03180889786968,6.1587971189017665,138.32852976552053,1270.413148716985,0,18.160714285714292
MAC-010,95,77.71373012930391,5.394177097155788,134.63714717243127,1262.3082683398927,0,17.151785714285722
MAC-010,96,80.1599296590883,6.847670192406413,135.56377111384495,1216.6882674707242,0,16.14285714285714
MAC-010,97,80.29224964687995,6.260683951094434,148.14970801578335,1251.9091148577854,1,15.13392857142857
MAC-010,98,78.2773555489656,6.416380020028051,137.02999004147682,1233.9390207458355,0,14.125
MAC-010,99,81.8493108555759,6.859528516205009,134.10203910566585,1274.7679613849612,0,13.11607142857143
MAC-010,100,79.8912511179989,7.194988056928054,134.9845519886484,1242.4515487323113,0,12.107142857142861
MAC-010,101,80.59184558768732,5.909991360506147,148.36754680383913,1259.232213891447,1,11.098214285714292
MAC-010,102,79.35222612355143,6.347928923936915,140.2944660462174,1233.3833671568593,0,10.089285714285722
MAC-010,103,81.03494580341234,7.039100279872507,141.35334964939298,1258.8256156519824,0,9.080357142857153
MAC-010,104,81.63680546698566,6.462731619931112,145.90044569208933,1260.9218814294873,1,8.07142857142857
MAC-010,105,86.98170367619502,6.470060140376903,140.56752821994218,1184.697704591517,1,7.0625
MAC-010,106,81.96087967037174,6.801954795523935,149.23583385397927,1209.0774677505005,1,6.053571428571431
MAC-010,107,77.65320643212128,6.884670861866681,130.00665274943253,1237.8218447365934,0,5.044642857142861
MAC-010,108,77.07839756598564,7.17877931042014,129.76051923190096,1214.6239880512896,0,4.035714285714292
MAC-010,109,84.67231112054982,7.389122253157076,136.09759703202099,1218.6359628588161,0,3.0267857142857224
MAC-010,110,81.59857970347213,7.489361267971502,133.84625996610524,1229.3414666101196,0,2.017857142857153
MAC-010,111,76.33075384662015,6.982351606478513,138.50466929591536,1228.3867461501732,0,1.0089285714285694
MAC-010,112,81.96178996562193,6.638760143342894,136.28655960475174,1217.9238983152716,0,0.0
MAC-011,0,59.76755343748841,2.5063158550662967,114.09481929982276,1421.8326718450307,0,82.0
MAC-011,1,65.31299663169786,1.5073661478007883,107.78992216483212,1436.8272656313404,0,80.98765432098766
MAC-011,2,59.85973977197294,2.121064312127537,113.50920759058643,1413.520445129774,0,79.9753086419753
MAC-011,3,64.65800455777823,2.7422229150640045,122.09196069921347,1387.9528824390277,0,78.96296296296296
MAC-011,4,59.40252329950419,0.982594965768329,114.0997926929014,1432.9724628923498,0,77.95061728395062
MAC-011,5,62.98262624313106,2.352353273791078,118.40104903826149,1397.6216639228846,0,76.93827160493827
MAC-011,6,62.602153415462276,2.9070246547635445,110.79897017833596,1414.9533041408959,0,75.92592592592592
MAC-011,7,64.30140783159243,2.37751098029765,122.74776083452785,1462.8144148833562,0,74.91358024691358
MAC-011,8,62.47175494273371,2.8426902595380943,115.91982601415455,1407.7073248557022,0,73.90123456790124
MAC-011,9,63.84488621769649,2.804433514426599,114.87748849245382,1405.7705126399262,0,72.88888888888889
MAC-011,10,66.09263728419155,2.9923058363048916,125.15175469489388,1394.4640134229207,0,71.87654320987654
MAC-011,11,64.91194832462809,2.9685974829119885,115.95311875963512,1403.135648528907,0,70.8641975308642
MAC-011,12,61.67265695792443,2.573499036117427,122.02016760306972,1400.271089510288,0,69.85185185185185
MAC-011,13,61.521487793675185,3.477907668907359,124.2994111166468,1377.7926109402238,0,68.8395061728395
MAC-011,14,61.068685569955484,2.9394381035313026,119.57551481437523,1391.710964403258,0,67.82716049382717
MAC-011,15,63.66152427956709,2.069137572455611,120.22935235071182,1380.8967486505876,0,66.81481481481481
MAC-011,16,65.89898209045073,2.784741775278688,130.93031406761702,1346.3372954686747,0,65.80246913580247
MAC-011,17,67.49789747553226,3.0826577369012584,127.20071872100856,1383.7271117726407,0,64.79012345679013
MAC-011,18,67.39857599100233,3.0621118498200026,117.7755458919383,1408.1021434466431,0,63.77777777777778
MAC-011,19,65.1364060662115,3.4275476786646113,129.80826124658793,1356.6139284690896,0,62.76543209876543
MAC-011,20,66.79825159227869,3.0827966733771577,123.33950855667868,1376.2595882284202,0,61.75308641975309
MAC-011,21,62.8507285131307,3.0493011399544834,131.1215734555028,1390.0988083021862,0,60.74074074074074
MAC-011,22,65.96979552039448,3.621257000377245,123.26085012379141,1397.067627856806,0,59.72839506172839
MAC-011,23,65.93827195848502,3.6765919269443197,130.82806703122063,1351.9495060530844,0,58.71604938271605
MAC-011,24,69.70045792209153,2.856415785761305,133.61198062461088,1357.604399680719,0,57.7037037037037
MAC-011,25,66.34138449647156,2.73761701479762,123.55565004069501,1341.822756348977,0,56.691358024691354
MAC-011,26,65.85539174039957,3.6749422272507486,130.98443535848457,1364.3319296072832,0,55.67901234567901
MAC-011,27,67.92994017697313,3.2568136254785047,122.15756049664299,1393.7153385560532,0,54.666666666666664
MAC-011,28,66.0880872396688,4.693653055686031,125.71187860878888,1355.347572521653,0,53.654320987654316
MAC-011,29,69.94312206867954,4.5624707503828095,126.73897546033437,1345.0979283381084,0,52.641975308641975
MAC-011,30,67.93445329019966,4.156478913285637,132.11541035461516,1350.5083621981782,0,51.629629629629626
MAC-011,31,69.52796922231477,4.867655625061147,129.93129364012688,1354.217797748147,0,50.61728395061728
MAC-011,32,65.49627741511273,2.7940863002672423,130.3324778834904,1343.64923161219,0,49.60493827160494
MAC-011,33,67.74843615448776,4.292192080531044,128.4544342498916,1365.6622968602414,0,48.59259259259259
MAC-011,34,69.1941256798596,3.8579409456588856,134.0731377492092,1336.3250459583955,0,47.58024691358025
MAC-011,35,70.31887974971065,4.053672844853667,126.23902578546215,1339.9120076707895,0,46.5679012345679
MAC-011,36,69.53536610847779,4.593267325389581,128.51078510493718,1299.062423001424,0,45.55555555555556
MAC-011,37,68.88806349323804,4.81123865103417,128.73298713380697,1328.422926236297,0,44.54320987654321
MAC-011,38,71.97026671125107,4.119318413588898,122.87170509734457,1327.698947505834,0,43.53086419753086
MAC-011,39,69.27306823596611,4.05315747709783,130.07468256760222,1338.3026584510358,0,42.51851851851852
MAC-011,40,70.46674145435234,4.750746783073673,140.38446699820935,1319.175943884705,0,41.50617283950617
MAC-011,41,71.2859182858017,4.403625175187084,127.45148356473396,1311.896343657257,0,40.49382716049382
MAC-011,42,70.01560631249339,4.898945365016313,143.7945147562092,1306.8346036098515,0,39.48148148148148
MAC-011,43,70.38377528333022,4.748621569443223,134.39398372479073,1323.9874641842202,0,38.46913580246913
MAC-011,44,74.02911992148178,3.6279626504873406,120.84619378880022,1306.3598601146778,0,37.456790123456784
MAC-011,45,73.89943114769736,4.119310279708245,118.10853509984639,1325.261987289021,0,36.44444444444444
MAC-011,46,72.43604765903976,4.4180057018674255,128.58485245324712,1292.0045003816992,0,35.432098765432094
MAC-011,47,72.4137062856066,4.710927876931734,136.34872371026594,1251.867817126061,0,34.41975308641975
MAC-011,48,70.72283435942751,4.52203414432381,132.96255438206248,1295.7603708241022,0,33.407407407407405
MAC-011,49,74.27612808849902,4.216368348705403,134.8375688141153,1315.2490300678953,0,32.395061728395056
MAC-011,50,76.6376378408558,4.9661293587447926,136.59825811276067,1265.5660213621697,0,31.382716049382715
MAC-011,51,68.38433299813022,5.690375141938478,135.31401728129433,1322.7745066191417,0,30.370370370370367
MAC-011,52,70.66534206784117,5.588914633568102,145.05176161079052,1305.1593406000748,1,29.358024691358025
MAC-011,53,74.20921329598715,5.394217213971998,128.2191187809783,1321.4376627568925,0,28.345679012345677
MAC-011,54,72.6782374442193,5.703156411507428,128.62420819228817,1268.2979863622859,0,27.33333333333333
MAC-011,55,77.0140299612983,5.338239248593096,144.07161076389374,1287.8835420810274,0,26.320987654320987
MAC-011,56,70.7039620559625,6.018899802693975,134.22162545343957,1300.9829071422948,0,25.30864197530864
MAC-011,57,74.68208177598278,4.862282498612778,138.35841452760704,1328.494569324766,0,24.29629629629629
MAC-011,58,75.86153539695592,5.666058345837579,143.27951136907527,1286.3444513955283,0,23.28395061728395
MAC-011,59,75.53853337947697,5.2099802460168565,139.43788814677535,1300.4009260295609,0,22.2716049382716
MAC-011,60,73.69124305377574,6.5290163524759794,138.1759715556383,1259.4976430802074,0,21.259259259259252
MAC-011,61,77.60253395084067,5.734346933739468,142.7979297723311,1268.9788362755635,0,20.24691358024691
MAC-011,62,75.73151994896476,6.185499763531846,140.82069428138715,1232.4643489214557,0,19.234567901234563
MAC-011,63,73.85258719486018,6.464400263516207,139.07137970746598,1259.461334084818,0,18.22222222222222
MAC-011,64,73.6218290835584,5.520802720238972,129.98892311070057,1265.471321375972,0,17.209876543209873
MAC-011,65,75.38600439193564,5.638352545140336,140.1231528432071,1272.3373239768134,0,16.19753086419753
MAC-011,66,81.01317785654201,5.426680390607484,146.62652884408607,1282.0809181898162,1,15.185185185185176
MAC-011,67,75.51249895239312,6.345215687438205,138.907311039432,1263.8936341876456,0,14.172839506172835
MAC-011,68,80.33284889698001,6.607376436216943,144.10437281082386,1249.1346517899342,0,13.160493827160494
MAC-011,69,74.59037597934662,6.2613148243871795,147.96022537751278,1224.7584566669902,1,12.148148148148138
MAC-011,70,75.6922130118663,6.4896584075305155,137.3697643374935,1237.0123204662348,0,11.135802469135797
MAC-011,71,77.19909702378771,5.804691447074504,137.78828268918454,1264.4923233540414,0,10.123456790123456
MAC-011,72,75.67545706180654,5.749539691678258,139.8746206811335,1262.6238506782483,0,9.111111111111114
MAC-011,73,78.14025544929908,6.377160829623965,143.6123932249176,1210.6315675806145,0,8.098765432098759
MAC-011,74,79.76741281186732,6.862144494139694,141.70991052539753,1263.2251820834917,0,7.0864197530864175
MAC-011,75,76.76691174543556,7.295357084820754,144.894774882389,1233.9366156597562,0,6.074074074074076
MAC-011,76,79.22605911162941,6.738745815044597,150.5895746950379,1216.6950605176553,1,5.061728395061721
MAC-011,77,77.98467034309722,7.371505253742404,141.8763391955666,1253.8002802234637,0,4.049382716049379
MAC-011,78,83.15248322643222,6.713431903991445,148.62667916289902,1210.2767486597907,1,3.037037037037038
MAC-011,79,81.5069802955748,7.075017020211742,147.95091259936015,1218.000128455636,1,2.0246913580246826
MAC-011,80,76.91924930732924,7.287906669349209,135.63455908469837,1222.1255356612496,0,1.0123456790123413
MAC-011,81,82.36768231032792,7.193205114667073,156.0591417295813,1246.5357041674918,1,0.0
MAC-012,0,67.62784415842994,0.9470001752984862,107.0000464872917,1524.7312693301103,0,290.0
MAC-012,1,66.89615299842072,1.6272564808382213,108.41879560265907,1505.5781410853535,0,259.0
MAC-012,2,76.3011738549076,2.691325253749377,108.83429349698713,1483.1245718865189,0,119.0
MAC-012,3,71.42456853507555,2.9012033505741126,103.83521731215735,1496.0560544116738,0,284.0
MAC-012,4,70.65766399550806,1.8212471786003102,106.00198870813846,1503.2797886519302,0,277.0
MAC-012,5,73.3349297686555,2.058800298081076,108.03081386783941,1495.2090402465756,0,252.0
MAC-012,6,71.65447582585868,2.028467291440479,107.52453607224791,1512.9650624681856,0,239.0
MAC-012,7,68.24164467617857,2.704684229671728,103.82478420278177,1489.0044119938934,0,298.0
MAC-012,8,68.95494071895415,2.302596658385548,104.63406269300427,1505.8164895972502,0,138.0
MAC-012,9,71.15539851093115,2.457788842011517,118.53859171828718,1499.1941810330536,0,244.0
MAC-012,10,68.90581016914905,1.1435898531673108,98.68058714656895,1523.1073189014746,0,144.0
MAC-012,11,71.8148059558404,1.4785034960789307,116.978233342518,1504.9356354396466,0,238.0
MAC-012,12,71.29559038205487,3.275609109304468,113.35444974166295,1514.0230954030596,0,169.0
MAC-012,13,72.0333848239467,2.6148890674218612,103.4523354789618,1504.1362038373004,0,224.0
MAC-012,14,71.52359793044361,2.090105222147222,99.83007358894412,1493.0777378602431,0,250.0
MAC-012,15,68.39909172648235,2.185682804772543,95.75488537748932,1505.2211160965674,0,190.0
MAC-012,16,67.11240795115786,1.9517599893399251,107.17767650992612,1514.2232801166672,0,169.0
MAC-012,17,71.71967536006119,2.313363476573368,99.06080456128443,1518.0125129837518,0,265.0
MAC-012,18,68.18215421328397,2.7007844295635905,107.79569492493042,1525.5783761812072,0,229.0
MAC-012,19,70.42469391032678,1.7441144657309173,98.19390851672564,1474.768759194958,0,183.0
MAC-012,20,67.10140744508017,2.62449797780471,109.99425590268389,1509.4743443915536,0,188.0
MAC-012,21,70.30887511814764,3.183976237567684,104.16642872270185,1502.8186820492945,0,178.0
MAC-012,22,70.27925391563595,1.9843424861047039,107.81204358667738,1485.730412102326,0,212.0
MAC-012,23,68.97380128926491,2.4942312120411048,102.1691293047102,1501.0699864479202,0,192.0
MAC-012,24,69.69230070276714,2.147720870223104,101.29072554518876,1485.5885708314347,0,171.0
MAC-012,25,68.73549269867362,2.5751615742671534,105.51659530877853,1516.77136236229,0,264.0
MAC-012,26,72.42573007138212,1.923539355768591,109.06509605946471,1498.1179314477479,0,148.0
MAC-012,27,70.05760993133569,2.779680067666815,107.42601345159905,1491.351860785142,0,151.0
MAC-012,28,71.35254357334749,1.5206401932516331,105.89373604321997,1468.408514869253,0,132.0
MAC-012,29,68.40615769055782,2.4458163684709873,91.30594115038784,1534.4505830679116,0,121.0
MAC-012,30,72.0439423837034,1.2342299580915586,116.64966417098803,1551.8824237361368,0,213.0
MAC-012,31,70.01397362431472,1.690251986986306,113.0886890085362,1491.5245431376113,0,232.0
MAC-012,32,70.6970359579199,2.7621413862978113,103.8896138185559,1493.5792608800832,0,117.0
MAC-012,33,67.83016698788376,1.83822497146742,103.35332190624155,1473.6290821057232,0,265.0
MAC-012,34,68.07908530587544,2.1702971776584223,95.40865040916208,1480.81708557399,0,217.0
MAC-012,35,74.26414492948824,1.9807621957663915,102.30355409650262,1491.4014291961198,0,216.0
MAC-012,36,69.70665217938553,2.4409309542556197,107.18150190341089,1490.585177625126,0,136.0
MAC-012,37,69.9472820960183,2.8098830783314575,97.10564736517064,1497.248705555442,0,163.0
MAC-012,38,70.64545002299666,1.7651550892868701,104.0814881200654,1480.166816670379,0,237.0
MAC-012,39,71.6492950836972,1.484393191584238,109.96883944962218,1496.9342427446254,0,178.0
MAC-012,40,69.47888922342676,1.651147969509291,109.81046011745921,1485.3631032057374,0,269.0
MAC-012,41,68.04045982330523,2.6792281788404875,100.13564207004859,1496.5106996035267,0,222.0
MAC-012,42,72.01256449376872,2.2324753207269046,113.31142886687175,1481.701338520663,0,275.0
MAC-012,43,69.9539342690947,2.0869074492025868,107.76334590039185,1524.1728084431784,0,143.0
MAC-012,44,70.52218996155159,2.0846646041562855,97.24221179837257,1500.6479696823503,0,181.0
MAC-012,45,69.07435692230128,2.4627146746358126,102.60875019143174,1493.587584799015,0,186.0
MAC-012,46,67.45442091312705,1.2477704774551583,113.96210633843994,1500.994024077722,0,115.0
MAC-012,47,71.18362789755541,1.697349037745051,109.03478917341495,1512.3031438045036,0,153.0
MAC-012,48,68.77010255344857,1.6237438014137342,100.99453271838553,1497.8346929122742,0,201.0
MAC-012,49,70.70917094857464,2.172693523455753,111.1508216807229,1484.1012088844955,0,262.0
MAC-012,50,68.20163296023635,2.153546030262338,96.19174705836716,1512.315095856629,0,197.0
MAC-012,51,70.57088347124645,1.9844774988814546,102.68940677127618,1516.6002615288412,0,255.0
MAC-012,52,72.13125281297125,2.030310590129751,107.61601525531128,1515.6677551232233,0,101.0
MAC-012,53,71.04600939354361,2.050764009522065,106.5630096749749,1477.618613027829,0,193.0
MAC-012,54,70.51716808088204,2.0369333915232994,102.70784301855454,1463.869925649148,0,240.0
MAC-012,55,68.31976143946933,1.9105491072737368,109.13236704071566,1504.1168156944962,0,268.0
MAC-012,56,72.25430543834999,2.7749532105364927,106.30371686376937,1501.2062141000224,0,158.0
MAC-012,57,68.42896894892377,3.1468321516230824,97.56795077897094,1500.7750276505865,0,168.0
MAC-012,58,72.04055494938495,2.5768653081020965,98.88172568532526,1490.0022858290647,0,218.0
MAC-012,59,68.77704739805887,1.1632794045534176,105.30880484624669,1484.048037961617,0,191.0
MAC-012,60,73.38592151171689,2.461083738430764,104.86418088859241,1488.946355238999,0,280.0
MAC-012,61,70.60518908186555,2.025559611378538,105.00486668198742,1536.4330613030559,0,144.0
MAC-012,62,68.24544463159883,2.069175585012291,108.189113139033,1490.3975290507,0,247.0
MAC-012,63,73.53604062351093,2.4927260958423467,101.06271906167376,1502.4817199319161,0,123.0
MAC-012,64,68.96573947391859,1.7551673621593804,103.95618123897398,1523.675569124452,0,288.0
MAC-012,65,71.86584702186363,2.1422077160877997,108.56310211153385,1503.7727200947331,0,190.0
MAC-012,66,68.03517089104362,2.0809277097422725,104.29137315761456,1513.6341526249357,0,193.0
MAC-012,67,69.24201594109,1.6971642315060425,104.42943635358785,1485.4918558065256,0,157.0
MAC-012,68,69.72793850312692,2.1130567328908647,102.74195031889961,1517.6640007434728,0,254.0
MAC-012,69,73.20354715430304,2.584951890815535,95.80118531174757,1485.5608726403798,0,253.0
MAC-012,70,70.0176527042298,1.2303598896613896,100.27771255177548,1494.5717465017656,0,227.0
MAC-012,71,69.47700878003607,2.157821607990887,97.75302933113711,1489.1946988720797,0,106.0
MAC-012,72,70.67877644374735,2.158597255048863,106.8916390257613,1506.1718331263671,0,269.0
MAC-012,73,69.56074300478586,2.2135559608739888,100.6572056640467,1492.9957795058708,0,146.0
MAC-012,74,68.26372199839477,2.686208735474557,103.28969963486823,1519.6792148109778,0,152.0
MAC-012,75,70.99794907967109,1.710665388508312,105.91270413252948,1514.5947111881735,0,286.0
MAC-012,76,70.21979535908916,2.190511195507047,101.8998845957465,1498.8824104159635,0,137.0
MAC-012,77,70.85075331989847,1.8640886122771725,99.26069145412362,1524.1597558780804,0,296.0
MAC-012,78,71.58319795426367,1.8796674666507356,105.75545742331217,1468.8287725329567,0,152.0
MAC-012,79,66.42081499447347,2.695563063075328,105.80492683882959,1497.4462964967242,0,242.0
MAC-012,80,70.8402713519201,3.7665623487962785,109.0026475687485,1477.4915405589204,0,253.0
MAC-012,81,67.01420415845354,2.680764401016136,108.93765040867191,1509.9015612374253,0,147.0
MAC-012,82,68.7491988804954,2.3351392142784153,101.04044529380455,1511.6559836068357,0,194.0
MAC-012,83,72.34027075683888,1.8817601399216601,110.316221943599,1500.6973938776707,0,246.0
MAC-012,84,71.35870336717817,1.4986798374910255,105.81824366729639,1484.8886581381232,0,236.0
MAC-012,85,71.32422385032254,2.887077854162059,106.10477218410365,1480.3832477577528,0,163.0
MAC-012,86,71.62788912584936,2.354390892230286,114.95017986952342,1503.4797051044354,0,192.0
MAC-012,87,69.20400695984605,2.5388171321596165,104.01878077599392,1500.005365680652,0,281.0
MAC-012,88,68.51800488154309,2.092279112934721,104.81119462497406,1495.833372371679,0,224.0
MAC-012,89,69.19318221743255,2.297611084509075,100.03980905331272,1475.2204538759365,0,278.0
MAC-013,0,72.89688878544244,4.28036591015725,112.84918796457504,1499.5108378649368,0,104.0
MAC-013,1,75.48567473229978,3.9674211728208446,111.2185225591309,1482.0413471544057,0,102.99029126213593
MAC-013,2,71.00698534306576,4.894216297017448,108.15788136737302,1503.7796704370296,0,101.98058252427184
MAC-013,3,73.6493831941487,2.9626264003381113,109.96292636690895,1483.6388420879307,0,100.97087378640776
MAC-013,4,72.6508886689291,4.109805457079732,122.63205733224406,1469.7722793481382,0,99.96116504854369
MAC-013,5,77.68645756920212,4.321802239405767,98.69291565784032,1470.5562497722194,0,98.95145631067962
MAC-013,6,75.88563818818517,4.495269956832695,108.85968751303567,1477.3237032179734,0,97.94174757281553
MAC-013,7,76.30892109855745,4.111282915270122,112.15227718683887,1431.127825755535,0,96.93203883495146
MAC-013,8,72.70074777880436,5.160953169671511,112.5449161281675,1467.0442766374258,0,95.92233009708738
MAC-013,9,74.2028733761703,4.485484375060612,108.98454256751972,1434.3512276443473,0,94.9126213592233
MAC-013,10,75.70802076194168,5.213681937562914,117.72326466585987,1455.9573350395817,0,93.90291262135922
MAC-013,11,78.89136247892803,3.9785636562577626,114.17245558844338,1446.3439848751261,0,92.89320388349515
MAC-013,12,78.18538469601947,4.8597944055085645,117.76573097025604,1443.0111632798005,0,91.88349514563107
MAC-013,13,79.01821375003489,4.891993806057076,110.66059506975009,1454.8997214603378,0,90.87378640776699
MAC-013,14,76.2639626382307,5.07277497782893,111.42734288765082,1461.4785273685798,0,89.86407766990291
MAC-013,15,78.31662683091234,5.526898658665307,116.64658861695833,1433.7181790408122,0,88.85436893203884
MAC-013,16,80.07746923301585,4.582810093381185,115.2567865158717,1465.2023442483487,0,87.84466019417476
MAC-013,17,74.709598140817,5.27054485327774,110.26348804684298,1435.7091864725069,0,86.83495145631068
MAC-013,18,81.4262442778477,4.945292582771249,108.86254550651584,1450.4753135082394,0,85.8252427184466
MAC-013,19,80.28802680135422,5.249384783161817,119.01474441891389,1457.6578510243423,0,84.81553398058253
MAC-013,20,74.7527323616022,5.1035525174903,110.66214273227068,1454.7024799305718,0,83.80582524271844
MAC-013,21,74.05182858062453,6.690867776679588,116.41494524196176,1446.1697200172603,0,82.79611650485437
MAC-013,22,81.85690581851874,6.636266871803963,118.40200952889427,1460.245368945262,0,81.7864077669903
MAC-013,23,79.94745812691691,5.441753891791099,111.95776062438928,1422.823790258462,0,80.7766990291262
MAC-013,24,78.50435757089684,4.885315709380005,114.24584212945021,1403.729601625148,0,79.76699029126213
MAC-013,25,80.45252651089095,5.590505310607249,115.64833741327031,1425.057244846199,0,78.75728155339806
MAC-013,26,86.41672189527223,6.336805487795499,108.97940995937479,1438.23416107206,0,77.74757281553399
MAC-013,27,79.23929656134428,5.197584597428559,108.79022364264026,1440.2980562156301,0,76.73786407766991
MAC-013,28,79.28485606938746,6.236814395871791,120.74795660937367,1457.208933181597,0,75.72815533980582
MAC-013,29,79.1351506996861,6.038661112282117,119.22977815839452,1418.324005052212,0,74.71844660194175
MAC-013,30,79.48868800935625,6.653815562901022,117.49344799230482,1438.603846645449,0,73.70873786407768
MAC-013,31,79.58038759279384,5.287489919828862,113.79718127964554,1421.4809869603375,0,72.69902912621359
MAC-013,32,79.28840729512268,5.940286671841689,108.49036575022512,1399.637389335663,0,71.68932038834951
MAC-013,33,82.95097749761881,6.295181259382751,115.26196940209485,1399.7599746804444,0,70.67961165048544
MAC-013,34,79.74665559032073,5.854728799350069,120.73240722571717,1436.757097765793,0,69.66990291262135
MAC-013,35,81.00070691471652,5.512693632405259,119.1374944952839,1399.7984076033126,0,68.66019417475728
MAC-013,36,81.14957280026574,6.8001548136930925,122.22231498724263,1417.5055163377817,0,67.6504854368932
MAC-013,37,79.8345477680704,6.291291975286827,123.68848583681296,1404.9102798543652,0,66.64077669902912
MAC-013,38,85.27292164257696,6.880043259387524,126.98232508205423,1416.604738777226,0,65.63106796116506
MAC-013,39,83.93778455452325,6.988841181870888,121.18909214514328,1398.5521171677178,0,64.62135922330097
MAC-013,40,82.05822317416319,6.449101937669136,112.78777688852884,1403.7885440931611,0,63.6116504854369
MAC-013,41,85.34071077598712,5.282274458276548,127.20145604569406,1427.1781298514313,0,62.601941747572816
MAC-013,42,82.42039500017334,6.697673720872016,119.83324570971465,1427.4073759230648,0,61.592233009708735
MAC-013,43,85.49759820968188,5.77401986842153,123.04228068096543,1396.7719345583494,0,60.58252427184466
MAC-013,44,83.89020475748589,6.158046202605051,129.13511549771027,1419.762651106189,0,59.57281553398058
MAC-013,45,82.43730498081143,5.902903772711765,118.75452853567839,1405.7283907068863,0,58.56310679611651
MAC-013,46,84.58956668895752,7.244852411627926,124.92095183993344,1414.506641377042,0,57.55339805825243
MAC-013,47,84.95517349459362,5.971713557215232,120.2813221117562,1414.3939787370798,0,56.54368932038835
MAC-013,48,84.39072452863115,6.965985029709524,119.95453472972159,1370.6728700449928,0,55.53398058252427
MAC-013,49,84.43938994989593,6.9170404899909,118.55829924710658,1384.6318051956193,0,54.52427184466019
MAC-013,50,82.99945928632387,7.370216150333544,120.65292059493515,1416.4780640721995,0,53.51456310679612
MAC-013,51,88.12818916368535,6.818147632267548,117.37141725860012,1343.781918691932,0,52.50485436893204
MAC-013,52,82.31892700885764,6.219830125256013,129.59447059710592,1385.893291068061,0,51.49514563106796
MAC-013,53,86.23451789540289,5.844613956314703,117.00075185217362,1399.3953179293708,0,50.48543689320388
MAC-013,54,86.22116476429179,6.92929874451639,126.1032573297221,1412.4466016000845,0,49.47572815533981
MAC-013,55,85.3978393047602,7.085663208265147,124.53049166883955,1425.6497612597711,0,48.46601941747573
MAC-013,56,81.83351939530394,7.4406667374074384,123.28195736984924,1387.2199261548978,0,47.45631067961165
MAC-013,57,84.90979450846024,7.122649637660733,127.70148304943358,1436.2196187290142,0,46.44660194174757
MAC-013,58,88.03291968756153,6.771176277151627,122.31409328045412,1362.9700556173834,0,45.43689320388349
MAC-013,59,83.01786865580505,7.078240903393086,128.3854986381379,1344.6306184804475,0,44.42718446601942
MAC-013,60,88.89842799547394,7.535250332862896,121.33864815763552,1365.3615911921495,0,43.41747572815534
MAC-013,61,90.19041400096252,7.706213752150584,125.34219458044299,1361.5154406766098,0,42.407766990291265
MAC-013,62,87.33929621889146,7.1316349895034215,115.06299031581872,1405.1895883034474,0,41.398058252427184
MAC-013,63,87.68903576869464,7.634667324112765,125.58566063349079,1347.720617155184,0,40.38834951456311
MAC-013,64,87.19884450070599,6.683973233531264,137.5490934116034,1335.809636278151,0,39.37864077669903
MAC-013,65,85.69906858721686,7.3116179355121425,132.89250108406029,1358.8669793087752,0,38.368932038834956
MAC-013,66,85.483037255158,8.206993641160935,130.39558713218736,1367.4224215447741,1,37.35922330097087
MAC-013,67,89.5790850218683,8.825082334150414,137.95452001190205,1340.9963386173022,1,36.349514563106794
MAC-013,68,91.5876942174566,7.867562401815562,129.81298615587178,1318.9621519214247,0,35.33980582524272
MAC-013,69,88.1914603933656,7.3176434348447525,131.7462626881111,1372.3061016392705,0,34.33009708737865
MAC-013,70,84.57556691441707,7.761114721087823,133.50373767607738,1345.2278354618686,0,33.32038834951456
MAC-013,71,90.3749745987621,7.995791809980423,129.89119285033078,1341.6120382236945,0,32.310679611650485
MAC-013,72,86.67599339279366,7.307520925531291,132.01811580130575,1345.5044259723613,0,31.30097087378641
MAC-013,73,89.0244382041583,7.704417901159551,127.23387054008695,1364.1304198286693,0,30.291262135922324
MAC-013,74,88.8232822219444,7.293907488746866,132.7665351836531,1337.1715737385352,0,29.28155339805825
MAC-013,75,89.7488698090537,8.816305921674328,129.23393505766126,1345.1297035551272,1,28.271844660194176
MAC-013,76,87.52053878769918,7.950758965376017,132.67282960891833,1306.3154784928508,0,27.262135922330103
MAC-013,77,90.47238364883495,8.159066150950823,130.12009819927405,1356.2430542197637,1,26.252427184466015
MAC-013,78,90.93187818460827,8.895783486883564,125.23417488182822,1336.295290667889,1,25.24271844660194
MAC-013,79,90.62424241999881,7.670197213904725,135.27205900871667,1378.1471885175015,0,24.233009708737868
MAC-013,80,90.61360439055895,8.505411927996072,131.2016379157981,1315.4589520792247,1,23.223300970873794
MAC-013,81,87.19840367623027,7.948091565388429,124.10771517042436,1361.8896101154737,0,22.213592233009706
MAC-013,82,90.80201253629552,8.17609556548945,135.80173773758358,1303.4494695740966,1,21.203883495145632
MAC-013,83,89.69081154044058,8.431168287714268,136.7882751092235,1333.9951156115133,1,20.19417475728156
MAC-013,84,91.91349759378915,8.48426794378489,133.93407096820152,1326.0713958876454,1,19.18446601941747
MAC-013,85,89.54921045151119,8.516325610060381,126.85290993444042,1321.73691172,1,18.174757281553397
MAC-013,86,90.84016681039627,9.811053733712157,132.31034284873215,1290.1073926136748,1,17.165048543689323
MAC-013,87,91.7254099643266,8.849119218216593,141.16509603671486,1304.4800590170553,1,16.15533980582525
MAC-013,88,89.02122212994087,9.045935274190064,126.18374431491553,1305.622921262603,1,15.145631067961162
MAC-013,89,91.86314479927385,8.650776964901443,136.821021668247,1298.750267523948,1,14.135922330097088
MAC-013,90,92.02323495827001,8.726535438153725,134.4116507089308,1312.4564197407574,1,13.126213592233015
MAC-013,91,93.63501270535639,9.203667292526212,135.91529303805325,1317.6485097937064,1,12.116504854368927
MAC-013,92,89.79086251372595,8.854938310365107,136.63812173826798,1321.232546291854,1,11.106796116504853
MAC-013,93,91.76291499105902,8.548381746414867,131.65854216030348,1315.458923475195,1,10.09708737864078
MAC-013,94,95.40768634168272,8.72224825329031,139.35731864331828,1305.2771647375832,1,9.087378640776706
MAC-013,95,93.28366036981713,8.86836311510405,138.83902543665533,1307.3960479669558,1,8.077669902912618
MAC-013,96,98.27619047174497,8.596019831591295,137.98493866225596,1288.3773945119071,1,7.067961165048544
MAC-013,97,92.1782733347801,9.064775507649394,136.3696540876028,1355.4018088862622,1,6.05825242718447
MAC-013,98,93.74086336969867,8.553196634501463,137.3364068165011,1253.6224601110562,1,5.0485436893203826
MAC-013,99,94.11754912816423,9.174375563468306,140.23281668221676,1312.6646289274634,1,4.038834951456309
MAC-013,100,93.48663114786501,9.139132838082684,132.7176721528989,1268.7078559196757,1,3.029126213592235
MAC-013,101,95.30586763674941,8.625723994176274,134.76360334155447,1269.442550894768,1,2.0194174757281615
MAC-013,102,95.97775214287635,10.211308741184741,130.61725946885866,1250.3625835117243,1,1.0097087378640737
MAC-013,103,94.8209196919034,9.366519512607297,138.50695745512334,1276.573465941912,1,0.0
MAC-014,0,80.16166367039236,2.1477784738469943,108.72827617653775,1538.22883533604,0,165.0
MAC-014,1,79.43774897410931,4.015162774331813,110.28161870264606,1506.4788561167932,0,178.0
MAC-014,2,84.08253606818406,3.6289013215789683,99.3952909321983,1498.101009070377,0,185.0
MAC-014,3,76.32444706809841,3.134865615159721,110.26561892527423,1525.0533198168532,0,223.0
MAC-014,4,75.14094436318315,2.4930050396026684,106.66340246757206,1477.3458701825286,0,249.0
MAC-014,5,76.65710774906528,3.4902676679880593,99.63944875134234,1542.8894910433128,0,145.0
MAC-014,6,80.58306146725207,2.6666822030029524,104.16546374435185,1530.420833611849,0,212.0
MAC-014,7,76.8252829603898,2.4430518379321313,107.29048672116664,1471.1796092532047,0,190.0
MAC-014,8,75.50081208537765,2.6542201884044516,109.78830890225328,1497.7528024073695,0,240.0
MAC-014,9,78.0055423261377,2.005321108836377,112.07224800254188,1518.1859277601627,0,132.0
MAC-014,10,79.0178550874595,3.0561761218976407,107.80046625866422,1504.108825997463,0,232.0
MAC-014,11,80.66007237962168,2.8904913867855795,106.58123159782316,1513.611188090533,0,176.0
MAC-014,12,78.34083314920358,2.7241680109425372,109.64036055372982,1495.0670767264958,0,254.0
MAC-014,13,76.67518121070044,3.091682657619511,106.6836320375513,1533.2121432118051,0,220.0
MAC-014,14,79.21852128344479,2.535736857867077,110.28531055683365,1537.7281003281219,0,227.0
MAC-014,15,79.29472239442357,3.144843284438591,106.55097448817327,1533.6450788265531,0,177.0
MAC-014,16,77.23938245232178,2.9813223257754515,120.25735950336994,1524.5619022894564,0,251.0
MAC-014,17,77.55934082099732,2.6004046920594934,107.05312025473856,1530.8091968035314,0,166.0
MAC-014,18,78.69231830051582,2.4877869062859945,104.15834377724683,1516.8252677894027,0,214.0
MAC-014,19,78.48555325565864,3.0395388974647037,111.99727822011475,1568.3314752171332,0,162.0
MAC-014,20,75.47669624864587,3.155481876548414,107.90136728313173,1476.8927565467313,0,212.0
MAC-014,21,80.89982472948452,3.022637426196167,111.40886020529106,1479.7959022669895,0,193.0
MAC-014,22,77.95992942718465,2.2724523404580452,118.22533345459334,1536.6752880838308,0,147.0
MAC-014,23,77.03882771561014,2.043731362430392,108.38010407310905,1535.6327212148303,0,290.0
MAC-014,24,74.9306560713092,2.3461634774086084,101.88190519612048,1531.123204487155,0,111.0
MAC-014,25,77.66110510509203,2.6480825517164406,108.28310214438513,1496.218664922363,0,255.0
MAC-014,26,75.51338980872593,3.4968933940853355,114.72225728358825,1517.3759303582067,0,271.0
MAC-014,27,78.9050742935163,3.442557801195197,108.19309652420898,1505.4027230500703,0,270.0
MAC-014,28,78.47944153573599,3.5086351314889295,107.6764370833343,1500.3966304758721,0,244.0
MAC-014,29,78.69476738075126,3.140162381673075,110.09109621571878,1524.8407601303754,0,139.0
MAC-014,30,76.7474079239142,3.1971025961844215,107.55215843725173,1499.548457819554,0,276.0
MAC-014,31,79.92506670948512,2.585231388446811,99.53834199841252,1493.7722335467367,0,184.0
MAC-014,32,78.0374894160869,3.1012019539608326,103.08947898074983,1508.9710319601925,0,156.0
MAC-014,33,75.96754881885495,3.303067271025099,115.99648431096804,1545.9699316587096,0,186.0
MAC-014,34,80.33072238315333,3.243305791465324,97.05043111917426,1517.3277458133452,0,183.0
MAC-014,35,77.40857803486125,3.2522839934276435,94.72183936278364,1517.6436352243468,0,291.0
MAC-014,36,77.97187571451626,3.371265779370895,115.14976400956397,1495.2073608286878,0,284.0
MAC-014,37,76.63334241038743,2.92729912351105,116.078642198798,1514.9871747146035,0,220.0
MAC-014,38,75.8424404514724,2.5091165898235466,108.4231495635076,1518.5883297402222,0,173.0
MAC-014,39,76.99258801099631,2.4991554660153823,102.5019887684083,1536.607704846019,0,206.0
MAC-014,40,76.73121292359428,2.5796537109460513,104.94356415857052,1481.6651362186353,0,223.0
MAC-014,41,76.67393267254543,3.426119612548462,101.36338953223664,1494.5114351324157,0,297.0
MAC-014,42,75.73567173462254,2.766745032789563,116.83721234752173,1511.1303967384017,0,199.0
MAC-014,43,78.53428753288983,2.414327194971699,107.10173851722892,1538.3652872958955,0,142.0
MAC-014,44,78.68658205745741,3.877935853936275,113.70722730271874,1512.0579542600444,0,218.0
MAC-014,45,78.18918753099683,3.6275123817170085,108.09645662046643,1541.9627123743776,0,122.0
MAC-014,46,82.4065779624344,2.7099411289931385,109.16960557086536,1533.3843648602708,0,254.0
MAC-014,47,79.9357633602261,3.1922961793654436,100.7424596053016,1496.8159466057073,0,285.0
MAC-014,48,77.41022924029869,3.419261214639531,101.23295420555586,1544.24881531252,0,136.0
MAC-014,49,79.96043151033842,3.38916592526658,102.76216335496528,1515.2303284227457,0,233.0
MAC-014,50,78.99864885444369,2.93953431391654,108.88811574542387,1508.2537515610409,0,164.0
MAC-014,51,78.67117744430838,3.3288327904377866,101.57726719898584,1544.7252835470513,0,233.0
MAC-014,52,80.36456119491795,2.3294498665635266,109.32900895846689,1531.814256692104,0,277.0
MAC-014,53,75.93017663440969,2.8330400295934934,107.01725223701526,1500.8726703188054,0,121.0
MAC-014,54,78.58547695570908,2.511907524923798,114.28136408604396,1501.251394742395,0,204.0
MAC-014,55,79.98472116220738,1.9843576190951109,106.60077972194047,1514.0305043159703,0,187.0
MAC-014,56,78.01218118095,2.6138916643074976,104.07225361446467,1528.8750967692413,0,252.0
MAC-014,57,80.39967899237182,2.770970369976868,101.92664120108208,1549.6632677966797,0,224.0
MAC-014,58,76.6411684163653,2.082339683663619,97.34671915859143,1515.7733191071964,0,178.0
MAC-014,59,77.96593051115059,3.3275291374783627,110.46525155841802,1519.588305660644,0,189.0
MAC-014,60,77.85802889125556,3.3670394490040265,116.74677824995294,1533.9638651515413,0,299.0
MAC-014,61,77.47370002048264,3.2028335898462807,105.3993801138542,1491.6829348517438,0,150.0
MAC-014,62,76.60268515793717,2.63296161083632,107.92962713600801,1554.9959042204523,0,275.0
MAC-014,63,76.63738433095733,3.4737950577508574,105.82353098272743,1473.4565814200362,0,201.0
MAC-014,64,77.38931127632038,3.4003993094890386,109.13317633783646,1521.8733051422223,0,297.0
MAC-014,65,81.05777129986983,2.2938826684373295,102.15107659072903,1468.5097089830147,0,205.0
MAC-014,66,80.15492742466662,3.0932929297199947,111.02966133914585,1490.1240566878075,0,292.0
MAC-014,67,75.19226537034136,2.152241658688527,102.79696737939676,1544.8634593472002,0,159.0
MAC-014,68,80.40101672974606,2.582940492595033,108.90608870749021,1500.2170362459883,0,145.0
MAC-014,69,79.12932280374437,2.243002944034194,111.16108597105993,1496.7902152172553,0,135.0
MAC-014,70,80.01259333926737,2.598339358808022,103.45944897319892,1546.0442155139363,0,285.0
MAC-014,71,78.75465565196859,2.6509601273809142,111.2007202829466,1486.9844597774454,0,265.0
MAC-014,72,80.61449046070177,2.7423284597009685,110.41376731953247,1482.8268119484815,0,110.0
MAC-014,73,77.63591136591506,2.8143408825779352,112.56132480928292,1527.3925024476928,0,111.0
MAC-014,74,77.61580920694622,2.9710246915668836,113.69267424982519,1509.784511500492,0,269.0
MAC-014,75,77.78303336131044,1.867198491528737,106.01446706447624,1478.9917403952527,0,138.0
MAC-014,76,78.17209392411465,3.3061183845265667,96.8116313659562,1538.468457661359,0,298.0
MAC-014,77,77.74031702886866,2.79846837934189,104.89772984049758,1479.5195435179699,0,238.0
MAC-014,78,76.83478493358858,3.8607558471299352,101.92960125992302,1482.0134339344322,0,135.0
MAC-014,79,78.68334533699526,2.769162555319035,105.79317978721204,1514.0732400359882,0,151.0
MAC-014,80,79.68916850357337,2.518469013012536,108.38187978260336,1534.2617744115432,0,130.0
MAC-014,81,76.41018594867147,1.6509601409358785,110.76387120166986,1563.8435326810027,0,132.0
MAC-014,82,78.38605397488342,2.913016913438171,105.93078657572033,1545.5454979991484,0,240.0
MAC-014,83,78.24524941629133,2.7187687328977255,111.9641478125363,1504.0988219250066,0,245.0
MAC-014,84,75.83137588002936,3.2532010026780402,104.45209270282956,1494.275080615423,0,268.0
MAC-014,85,82.60085959932744,2.722752411293837,109.88095915267695,1514.3748459890987,0,157.0
MAC-014,86,76.62812430144041,3.1567676229161545,108.98272366012391,1500.5966845361445,0,283.0
MAC-014,87,79.26714395789374,2.5548957658401923,101.88735194064763,1489.6709360819007,0,251.0
MAC-014,88,78.94088052410702,2.620685347940971,114.91834883641009,1512.925118902184,0,227.0
MAC-014,89,76.83035669527389,2.890959632227149,100.93849213331725,1512.1016563584492,0,130.0
MAC-014,90,79.03909683513761,2.909886966722846,113.92382839378908,1565.7346236858323,0,154.0
MAC-014,91,79.74355802486363,3.401448976797953,120.12714203947648,1493.6597642126137,0,109.0
MAC-014,92,78.66201809973107,2.573052546861864,111.62311729249564,1519.2166595584756,0,287.0
MAC-014,93,76.76389864237319,2.817524721078715,112.64444243946971,1487.7097885484418,0,229.0
MAC-014,94,76.8060741709031,2.338413270384289,109.04181151862483,1538.5946027612424,0,114.0
MAC-014,95,74.38129435156904,2.859250094644485,102.78872515481436,1533.8923366655429,0,102.0
MAC-014,96,77.92682673103855,2.877387782443892,107.40314376517998,1536.26865723274,0,142.0
MAC-014,97,82.49802634377663,2.2447181479644724,102.64704815121702,1520.2142392200374,0,258.0
MAC-014,98,76.76795858557722,3.27884269810533,112.88041603661196,1502.8527549240139,0,297.0
MAC-014,99,76.8736887488981,2.6746613020788335,107.92991981100538,1520.081024966847,0,166.0
MAC-014,100,73.89512916408272,2.328323053480134,105.38933199683736,1497.8444945340054,0,155.0
MAC-014,101,72.67134349747515,1.8678645802278462,100.88303611326845,1511.4785971518788,0,162.0
MAC-014,102,77.52835889521845,2.4962662716409056,111.39240354515448,1529.7069544674184,0,114.0
MAC-014,103,78.70060058914481,2.8721109542645222,103.12652598652322,1499.0444345558126,0,208.0
MAC-014,104,74.98546451593063,2.686675097016028,111.33853518974627,1540.8708791044344,0,215.0
MAC-014,105,77.91120356637013,3.0578852289100382,93.1298825268843,1505.1257147609747,0,191.0
MAC-014,106,77.48803852191453,3.557634970017885,109.37449604579737,1523.6693896265554,0,237.0
MAC-014,107,79.28541990417905,2.8347721790713036,115.07165539543593,1467.6786902096417,0,265.0
MAC-014,108,78.6931840996119,3.376952238724975,97.95286147522704,1530.5426382443893,0,146.0
MAC-014,109,76.87843679965043,2.8669587773262135,103.50803183646315,1532.9673146999237,0,156.0
MAC-014,110,77.82403951973393,3.234949241083799,109.58647792251199,1497.9084314877664,0,149.0
MAC-014,111,79.40448166297212,2.480266283898827,107.73046921039015,1507.6523939391473,0,170.0
MAC-014,112,80.20058701495861,3.082211948273902,107.25622099816657,1500.0700456258298,0,242.0
MAC-014,113,75.86278030251962,2.879879022550542,104.24837427543149,1476.2243580174666,0,245.0
MAC-014,114,75.74070620018855,3.6249884656760516,104.10994681624305,1535.4275367191512,0,181.0
MAC-014,115,77.6874638277845,3.4318396304856,113.24564882856217,1497.27037263093,0,215.0
MAC-014,116,74.42481194856585,1.860390574390033,103.36652122141174,1551.576969680094,0,204.0
MAC-014,117,77.57963913233598,2.8846727879419203,113.92651307220723,1515.990708431177,0,187.0
MAC-014,118,78.5525453592226,3.1233824098777663,108.85467751874022,1511.7949390688734,0,101.0
MAC-014,119,76.95786459578618,2.851295258337921,112.88182772660599,1549.4243729089176,0,203.0
MAC-014,120,78.98531656531888,3.1896313804531795,108.75848227700435,1512.037693880871,0,183.0
MAC-014,121,79.42927743940643,3.4067172300614352,102.97801956109456,1484.756347122685,0,142.0
MAC-014,122,77.33474678290813,2.917881784555045,111.75918682929644,1493.9941246718333,0,253.0
MAC-014,123,73.42361023693144,2.557326484569685,106.4402576128991,1490.5388115007145,0,170.0
MAC-014,124,76.88858142454643,3.245692517948692,107.80042908917078,1520.6967235411296,0,265.0
MAC-014,125,77.68939881895996,2.43499560742603,105.59533759406956,1523.761885052537,0,193.0
MAC-014,126,75.41812285949862,3.6371359428211987,110.2841212196023,1503.0666790831287,0,141.0
MAC-014,127,80.02757751795406,3.423225346441747,105.7581384931781,1509.452585373642,0,232.0
MAC-014,128,81.38771170912707,3.871538386364242,107.55700702903081,1490.6199942271637,0,238.0
MAC-014,129,77.45955897233195,3.3285586851397935,102.25875226112132,1509.6186171737627,0,164.0
MAC-014,130,78.98593304504432,2.3506934697013593,112.89200155057067,1527.6636314730306,0,133.0
MAC-014,131,82.41985510123165,3.202781260834079,102.60538056336009,1524.3916623871269,0,219.0
MAC-014,132,80.37680662921278,3.3317902199678664,103.5256180017366,1495.8575271218338,0,100.0
MAC-014,133,76.12148904396304,3.6144168099746263,110.52422286040047,1497.359908684769,0,229.0
MAC-014,134,78.6551411596953,2.7502071562046813,102.54692139636187,1514.5079600480751,0,247.0
MAC-014,135,78.78215385762194,3.777677360231143,104.13139111235891,1479.5962946850364,0,160.0
MAC-014,136,76.3028558114691,2.365727101189082,105.2751928610258,1492.8542065864003,0,248.0
MAC-014,137,80.04500729381894,2.254034431400453,107.50991858268644,1553.7881248393867,0,187.0
MAC-014,138,79.50789982570831,3.037429318761373,116.69640974491608,1538.6972724536827,0,167.0
MAC-014,139,79.53101201688627,2.6566873879329584,107.29638436724132,1512.358203815619,0,226.0
MAC-014,140,77.59791218703684,2.9180690688466555,109.16356722642857,1488.8917118257787,0,239.0
MAC-014,141,81.66484828210565,3.016949569441834,106.0959139314372,1518.2078007435323,0,121.0
MAC-014,142,80.26150106449826,2.0787076066122467,106.88452510878905,1490.0671656716966,0,247.0
MAC-014,143,83.7147709241323,2.8811438367895006,101.52110050319276,1585.773616782891,0,181.0
MAC-014,144,77.32872612462029,2.7075108538670896,106.72583754126347,1496.8252200375625,0,228.0
MAC-014,145,78.89546731717334,1.7066807297251803,112.83932065557674,1491.2281837541987,0,129.0
MAC-015,0,75.99409367346871,3.23845412247089,98.21737543385996,1439.858163673731,0,168.0
MAC-015,1,77.59673758972028,3.392253162655991,101.06540961252558,1410.5004365521634,0,167.0
MAC-015,2,78.40906675675924,2.892825378874523,103.5195660998492,1454.6155122297992,0,127.0
MAC-015,3,78.48737829431379,1.901628083012739,107.85502077136252,1437.21549085912,0,280.0
MAC-015,4,79.64891901463707,2.4267403565738483,105.48370928483119,1425.4687152756815,0,215.0
MAC-015,5,75.36383274523071,3.3699728503138933,102.65195016223366,1446.2907626758645,0,150.0
MAC-015,6,75.79337887005526,2.1662968309609054,102.64684924862486,1427.8743785020667,0,280.0
MAC-015,7,76.2107045857524,1.3643611319814892,105.77792588337442,1430.8157286612584,0,103.0
MAC-015,8,78.65343099727215,2.7063433485852144,101.68442149687104,1452.0425503068477,0,178.0
MAC-015,9,74.12828706854678,2.773030669526783,104.57118938943961,1435.3565514511026,0,116.0
MAC-015,10,77.61863080499886,2.435593247129823,109.69774989888485,1423.274263096356,0,207.0
MAC-015,11,73.94309102720749,3.0011778917473,106.2360645148879,1462.4509939187801,0,294.0
MAC-015,12,78.0965991379308,2.1555767803530417,96.6251737047388,1448.4103040147832,0,173.0
MAC-015,13,75.67349041349193,2.1217990342880233,108.86223449757274,1413.7213986065244,0,274.0
MAC-015,14,79.17312436850943,2.4392298136958974,111.22874182710999,1440.6773889894832,0,283.0
MAC-015,15,75.83372570698752,2.0663943329132826,115.38549945255129,1419.0319608109548,0,122.0
MAC-015,16,75.75363314603878,3.5897437007753523,108.58847942584278,1446.8920457170693,0,117.0
MAC-015,17,77.08207988515476,3.837116911522415,97.30658925602377,1412.1951244196673,0,228.0
MAC-015,18,78.05885395161998,3.4806452384791595,107.16547526140472,1421.578800133882,0,134.0
MAC-015,19,76.32880070571126,3.48334499554028,107.68166022516573,1405.7456389969966,0,163.0
MAC-015,20,75.47055764406416,2.6238454891408454,100.4908708306837,1443.8329331017471,0,285.0
MAC-015,21,78.15056108462625,3.175483186562152,104.81802834276446,1428.0115291575648,0,158.0
MAC-015,22,74.1154616095096,3.293681395202987,101.04227275582336,1422.573008189818,0,100.0
MAC-015,23,76.33275059591955,2.9695253489364406,106.72514979500056,1403.0590142003512,0,230.0
MAC-015,24,77.78459488867821,2.6720882769836747,110.4669740381606,1400.9436067912252,0,166.0
MAC-015,25,75.2740639010621,2.7168044573421977,99.23146158371138,1418.7484945910796,0,136.0
MAC-015,26,76.22332542795878,2.9407957552115094,108.90004029790134,1424.6617069645033,0,128.0
MAC-015,27,77.60380556182317,2.367928264954553,103.18938238970493,1414.80102541863,0,188.0
MAC-015,28,78.64237836747118,2.5143060747592543,99.55640219622441,1429.5846987937648,0,260.0
MAC-015,29,81.2393025489361,2.8086152543732714,104.70072218993307,1442.1965518179136,0,199.0
MAC-015,30,78.29890423742076,3.1548293065517017,103.38371789919056,1421.7214111952526,0,288.0
MAC-015,31,75.76879936473716,3.1397761935112944,106.1774523087738,1437.579405404694,0,221.0
MAC-015,32,76.30288749908352,3.311656766049906,109.52635409952026,1398.9569524852925,0,189.0
MAC-015,33,76.6853512814754,3.484101357341022,100.61190165951615,1433.8113653944845,0,231.0
MAC-015,34,77.29624844419507,3.0620292270723573,104.05496167224163,1438.1595345421033,0,113.0
MAC-015,35,75.23606216846245,2.4399279442994595,111.18224791011485,1465.2433804505242,0,260.0
MAC-015,36,77.26825756293749,3.7542225874364576,100.00080692371296,1412.6043971810986,0,249.0
MAC-015,37,80.19407146368096,3.298642830672282,111.89181564844186,1432.6072302319978,0,275.0
MAC-015,38,75.25400428716166,3.0083782451119414,109.86969285112063,1420.5814107978943,0,230.0
MAC-015,39,76.70622940317878,3.138516267842664,101.0621488310546,1429.146124513088,0,184.0
MAC-015,40,77.40609936953312,2.651382335986393,108.76336631811765,1436.1558736298332,0,250.0
MAC-015,41,76.57175527161696,2.889108933890566,102.50330215954139,1410.4631620659588,0,295.0
MAC-015,42,73.88255709537614,2.6546756941825667,100.73954266720246,1425.5339290075249,0,120.0
MAC-015,43,78.1604940432467,2.4954972314591606,105.7271669674156,1404.1111991934843,0,270.0
MAC-015,44,77.0285114089133,2.5953800160301865,107.59054834917579,1425.5715768507098,0,125.0
MAC-015,45,77.05876058852665,2.5839646863031605,102.21547361689788,1459.8173310973389,0,140.0
MAC-015,46,76.27692819874513,3.1362930251588446,103.29644857434214,1432.2526211422985,0,221.0
MAC-015,47,78.95304818557669,2.7196003197000644,107.40854729100619,1478.3689043909346,0,137.0
MAC-015,48,78.41417642857363,3.703380298660501,106.26491015931364,1404.5968824068677,0,187.0
MAC-015,49,77.83048443469619,2.7313976682556373,100.87997667219271,1421.7844106427722,0,110.0
MAC-015,50,76.96959628273271,2.3666271134641725,117.40198808237955,1439.3935331402618,0,128.0
MAC-015,51,77.76787693187444,2.9415296219860894,109.87142325689005,1464.7475220970077,0,159.0
MAC-015,52,78.64926718421536,2.957185918752763,111.22290051866867,1426.083299709535,0,294.0
MAC-015,53,78.14972605944043,3.3970950263765216,101.92728446940927,1381.7194269026998,0,292.0
MAC-015,54,76.40893598953018,3.283090031050296,107.37243464737146,1450.0895170390697,0,160.0
MAC-015,55,76.4854343724512,3.687052187833985,104.78501931104039,1435.3243781020915,0,246.0
MAC-015,56,79.08632195677883,2.2057567529137545,98.83519419564595,1402.4743045094729,0,273.0
MAC-015,57,79.42353080988785,2.7438612604909887,113.99759002540416,1423.3036343486629,0,276.0
MAC-015,58,74.33634874402722,2.560380811008011,104.44656197487721,1433.5399121346873,0,121.0
MAC-015,59,75.30942098402546,3.180829952263738,108.03739394401036,1410.4171628597112,0,177.0
MAC-015,60,81.2174108643085,2.6302600546853245,98.86028978770287,1392.651664556287,0,212.0
MAC-015,61,79.72037783757455,2.9080310050335543,101.46325021145863,1393.7533461421813,0,284.0
MAC-015,62,76.50059459305629,4.087312260198659,93.13724263997499,1410.6029468301667,0,222.0
MAC-015,63,80.86466438027463,3.5210760898953644,101.00655181737417,1427.308016789524,0,241.0
MAC-015,64,78.20497124957903,2.9635088572642365,112.78193120682646,1430.0311989599768,0,143.0
MAC-015,65,79.5501290221163,2.987388950908411,93.69773609514826,1399.387859783688,0,243.0
MAC-015,66,75.30934074157817,2.7719466377226,114.25175135385253,1430.484344108327,0,196.0
MAC-015,67,77.06752023606069,3.515868564438427,96.60026178127184,1413.442211447853,0,176.0
MAC-015,68,76.00443913231014,3.095610346094672,108.33886162055042,1432.6658258913624,0,239.0
MAC-015,69,78.25372940662804,2.71603500675163,105.46347944936127,1406.43935743521,0,154.0
MAC-015,70,78.62737431020581,2.6462880640289423,98.25213235727871,1423.9925035674594,0,150.0
MAC-015,71,73.45286411150084,3.6337746023586064,107.84517514333908,1429.975511855774,0,201.0
MAC-015,72,74.03172694940072,2.546494474823896,104.06247233313984,1417.9740194303135,0,266.0
MAC-015,73,73.90196650929528,2.2383750635925326,102.44420817421269,1397.5703268791412,0,260.0
MAC-015,74,80.02187108795674,3.1438587460635192,99.84235961258543,1446.619211411132,0,260.0
MAC-015,75,79.2145096175376,3.0410687445540625,103.66174899146081,1417.266638686221,0,128.0
MAC-015,76,76.1992190246269,2.228193606756676,111.50132393427057,1412.8258504753935,0,168.0
MAC-015,77,77.33549765961489,2.4414656382102935,102.56242757573393,1480.2516633282125,0,297.0
MAC-015,78,75.82710063269977,3.6208874536313784,103.72065257301108,1436.8348841207107,0,258.0
MAC-015,79,79.76825695098272,3.032723258563602,102.10114437687913,1419.514295285169,0,179.0
MAC-015,80,76.97423947689754,3.828774844818309,96.43905127297862,1387.821575694962,0,130.0
MAC-015,81,73.87099060579467,2.4496238495743916,107.36009554477239,1438.4645006989017,0,211.0
MAC-015,82,76.0640911573768,2.8823438025306833,98.2781869833414,1402.7650691026904,0,145.0
MAC-015,83,78.4388301182133,3.420431596914802,101.47558603662986,1455.9364172674339,0,196.0
MAC-015,84,79.21030713776244,3.6924524924883784,102.35498981330599,1453.6498397634707,0,151.0
MAC-015,85,81.63818172014177,2.6903307996825934,103.08883496694014,1404.28174480269,0,237.0
MAC-015,86,74.99066624786856,2.3303138957274556,99.80234949984411,1428.7308744305292,0,173.0
MAC-015,87,75.74069736134751,3.018670843654037,105.18390591475534,1413.8336269733302,0,140.0
MAC-015,88,77.1538222310516,2.6326333700174467,102.30598129239831,1407.0588553615335,0,176.0
MAC-015,89,77.44730581975585,2.5963166336306864,98.0293507790916,1435.1046926277886,0,230.0
MAC-015,90,78.53367884276115,3.4524388341826566,98.73769328575969,1413.617568716598,0,286.0
MAC-015,91,77.74008725036965,2.645569627954473,106.71424007781968,1433.1947726004964,0,213.0
MAC-015,92,78.23768715257235,3.626423183012735,107.08006553107282,1426.3139370804463,0,151.0
MAC-015,93,76.89202546699714,2.834657512272195,98.53862938958021,1387.9219111118173,0,261.0
MAC-015,94,78.20660869565235,3.508406035142136,102.2091055422669,1454.9779980314697,0,276.0
MAC-015,95,76.92607157402728,1.9197035758040983,108.45092642742858,1413.650350106055,0,255.0
MAC-015,96,79.29665379523024,2.257825824394783,105.91990096951882,1407.2268931799315,0,186.0
MAC-015,97,77.68190617331493,3.279892913648281,106.53168516525001,1424.6234715114197,0,208.0
MAC-015,98,74.52217822776576,3.2617616566364855,109.01683234875858,1402.3761743676869,0,240.0
MAC-015,99,75.48703801157822,3.433368245377059,102.81747234593425,1405.833848102706,0,168.0
MAC-015,100,77.82420526722876,2.577327372383394,104.66489081581048,1414.9719814338907,0,219.0
MAC-015,101,76.62407480002912,3.4517882582893287,91.51705675815555,1434.3311299395227,0,166.0
MAC-015,102,79.1699979967232,2.5855924957717753,108.54850693059633,1404.0556355140013,0,160.0
MAC-015,103,75.95912934886296,2.5090060445650857,108.6161409767935,1388.3371611174612,0,287.0
MAC-015,104,80.55939089224137,2.7441202833036584,106.93424092956735,1433.8102732780924,0,170.0
MAC-015,105,77.58156001660325,2.596246535621823,110.07154297341985,1412.9390895363956,0,251.0
MAC-015,106,75.81659912474841,3.3354447081223695,104.58842825646492,1450.3925463531418,0,290.0
MAC-015,107,77.15376225727921,2.5711518800127298,105.23339752390007,1414.2837717290697,0,288.0
MAC-015,108,76.0352514175788,3.31253366318854,113.01745549515572,1418.306879012448,0,250.0
MAC-015,109,75.32961406761835,2.8198613914106936,106.43368630826019,1428.3857054203672,0,129.0
MAC-015,110,79.66755982913364,3.2291344854984527,98.34263281823104,1413.3697478380022,0,287.0
MAC-015,111,74.51742820023956,3.4689292391756967,93.90024383242357,1397.5694682383714,0,245.0
MAC-015,112,76.25549150817987,3.1785482679130115,101.25141309025233,1415.9315265765279,0,195.0
MAC-015,113,76.58804069364481,2.9829808775397257,97.75712248243057,1404.2925738898568,0,155.0
MAC-015,114,80.640943837782,3.0977891149591086,107.6635910180448,1424.396685479922,0,152.0
MAC-015,115,76.99853594370474,3.1251550394082432,107.49774857716125,1440.1576283446523,0,106.0
MAC-015,116,77.02597732055153,3.3742778444997636,91.52859621463247,1441.0818550453203,0,196.0
MAC-015,117,76.42528452670261,3.1732807895114514,100.61304153030126,1396.7022242492621,0,296.0
MAC-015,118,77.95850450282354,2.145824304700003,101.86129301766704,1406.9875210287348,0,212.0
MAC-015,119,76.92903136360326,3.295194126159239,101.41045373150813,1429.52766579907,0,224.0
MAC-015,120,78.7577885166444,2.5929620409637093,100.89591251518506,1450.622692894822,0,299.0
MAC-015,121,77.1203191606344,3.1511589629265404,106.3674856205767,1399.2763627292582,0,279.0
MAC-015,122,75.75734468784623,3.084263248130613,93.52310572516237,1419.0101625100492,0,231.0
MAC-015,123,75.54852869540466,3.4518426373489297,105.59025742455532,1447.0610407986314,0,261.0
MAC-015,124,77.20084717308352,2.839644969977092,102.33503256338275,1413.174726859716,0,296.0
MAC-015,125,82.64840911830218,3.300174324257214,98.52873742909667,1476.0222922340613,0,260.0
MAC-015,126,76.46913657018567,3.057165566449031,108.55766701813991,1392.4770363093678,0,220.0
MAC-015,127,75.62444283689202,3.7206719786459477,102.7355368420986,1443.2095171860353,0,296.0
MAC-016,0,66.87177190214027,2.7294017998307005,114.85031826708928,1518.7626350609091,0,105.0
MAC-016,1,68.42035599118427,2.1228325961781995,112.88900485745043,1527.7599834147916,0,103.99038461538461
MAC-016,2,70.63208629121789,2.203190241057238,113.4614378832503,1522.2328394105707,0,102.98076923076923
MAC-016,3,67.15832498305411,3.5802344819527483,120.88036934317095,1534.628258730437,0,101.97115384615384
MAC-016,4,71.8834353503253,2.90546673206956,109.03962872150612,1519.6184560552906,0,100.96153846153847
MAC-016,5,70.34525689005025,2.4767473416138044,110.44137507077251,1546.6368890535462,0,99.95192307692308
MAC-016,6,66.31341397863791,2.4518368341026697,106.54249417036661,1506.1877694033083,0,98.9423076923077
MAC-016,7,67.97532644099519,2.6235987559674827,109.64664167947153,1504.04066221004,0,97.9326923076923
MAC-016,8,70.53383061613007,3.235947687635054,116.50279318061902,1562.5340469561586,0,96.92307692307692
MAC-016,9,72.58816518845755,2.293479106778616,116.7550543921438,1522.7606946884207,0,95.91346153846153
MAC-016,10,72.08448415412468,2.538906482020846,109.93648703499122,1550.156667501767,0,94.90384615384616
MAC-016,11,70.78635188365149,2.300666472617063,111.6720523663827,1507.3853738612304,0,93.89423076923077
MAC-016,12,68.33774210726153,2.4412926847689516,116.31650422112214,1520.1602382489616,0,92.88461538461539
MAC-016,13,69.65527929039283,3.475423137908386,104.6839450687822,1523.0969812435903,0,91.875
MAC-016,14,70.43667084399816,2.2901978362305817,116.84509845283327,1510.6745367884912,0,90.86538461538461
MAC-016,15,73.40681247653731,3.2569401199536028,124.83919469147891,1503.4983805206725,0,89.85576923076923
MAC-016,16,73.89625071408075,2.2875991623592062,115.04107279894535,1501.955036173505,0,88.84615384615384
MAC-016,17,72.49850875088073,3.2072834931077407,111.37687161489768,1522.519058801117,0,87.83653846153847
MAC-016,18,70.72311594985031,2.557365961629165,116.10677705604019,1477.9135701894163,0,86.82692307692308
MAC-016,19,73.53718300599184,2.9855732840032,116.2826700434759,1503.8023589701747,0,85.8173076923077
MAC-016,20,75.15874666987405,3.8204415812580175,123.49091790517632,1501.940096721966,0,84.8076923076923
MAC-016,21,69.8242728619868,3.100632063020198,118.59482882753059,1517.9883737802465,0,83.79807692307692
MAC-016,22,72.86836435964335,2.64299369398641,114.63146365790787,1487.3086751726405,0,82.78846153846155
MAC-016,23,73.51458116873069,3.485658606320234,121.06741473572761,1503.9473609863041,0,81.77884615384616
MAC-016,24,68.50855223885796,2.3885490881818936,117.17903142433933,1497.983440397423,0,80.76923076923077
MAC-016,25,75.32475862317739,3.3379955489358615,113.28593721245359,1507.3604162388806,0,79.75961538461539
MAC-016,26,72.97340025361913,3.145689629790376,110.37840111261556,1493.916098340796,0,78.75
MAC-016,27,73.65601565178272,2.8962629181234156,122.45890137921177,1503.4035322468292,0,77.74038461538461
MAC-016,28,73.48668118508594,3.447816546766509,123.75301545721592,1495.7534417446684,0,76.73076923076923
MAC-016,29,72.17482131287946,3.390750023614462,122.09278801928937,1445.8516539776447,0,75.72115384615384
MAC-016,30,71.90675630367312,3.878262046203071,125.63864331640382,1505.014285364884,0,74.71153846153847
MAC-016,31,75.74687121622412,3.6496841919883516,114.7354525325991,1478.756080963297,0,73.70192307692308
MAC-016,32,70.1642226809664,4.282759351377056,116.08011985438027,1470.116871549536,0,72.6923076923077
MAC-016,33,76.45847507796212,2.8727368773359547,114.50438503233896,1484.2384517217408,0,71.6826923076923
MAC-016,34,75.5724739932921,3.691819005922694,120.54169687350085,1502.341822018365,0,70.67307692307693
MAC-016,35,75.99482624375464,4.025873418392595,124.9010591878634,1469.057695541942,0,69.66346153846155
MAC-016,36,79.25899687239557,2.6691417395816277,128.59814613020288,1491.2068895058144,0,68.65384615384616
MAC-016,37,75.59971823768743,3.910541025167973,120.81648880963772,1493.3288489854588,0,67.64423076923077
MAC-016,38,75.21388897706214,3.5542032242244215,126.38988400764595,1501.050540002626,0,66.63461538461539
MAC-016,39,71.62975586938059,5.144310556990172,116.98202737910361,1448.2444878863596,0,65.625
MAC-016,40,73.18479086702906,4.013808215456372,116.05280672762294,1442.380490234887,0,64.61538461538461
MAC-016,41,74.48794640132324,4.130230574440277,123.91138043301794,1488.4648751953446,0,63.60576923076923
MAC-016,42,78.49182023335649,4.620927441510957,121.71474086856605,1424.9125321424492,0,62.59615384615385
MAC-016,43,72.51937008083488,4.665105770136109,127.52731336814583,1447.4973165487381,0,61.58653846153846
MAC-016,44,73.55500256532416,3.6802843681157045,124.46772680632088,1461.457863889956,0,60.57692307692308
MAC-016,45,78.71201380464923,4.02630169871555,122.65978943852933,1478.528308107424,0,59.56730769230769
MAC-016,46,72.56723764609616,4.457824448396859,122.49453997359214,1468.372315662408,0,58.55769230769231
MAC-016,47,78.0331168450703,3.9985622003625605,121.9147238700712,1406.1728496676178,0,57.54807692307693
MAC-016,48,78.69836282634745,4.514222980208757,131.72967421543896,1442.3195955505987,0,56.53846153846154
MAC-016,49,79.21752721559605,3.906992095013419,111.49887773459986,1446.5125555616924,0,55.52884615384615
MAC-016,50,76.44596870067014,3.964163452522176,129.79906797704206,1470.663005935157,0,54.519230769230774
MAC-016,51,77.9806509599841,4.445933678224501,125.90779716483586,1431.5347856814974,0,53.50961538461539
MAC-016,52,79.08547648858539,3.815126267571912,120.51457893888659,1426.863325628626,0,52.5
MAC-016,53,79.23347164416782,4.481186379750057,132.96763584026718,1456.8499818775701,0,51.49038461538462
MAC-016,54,76.73905062155626,4.9967832510900365,124.41036301170602,1448.3426347457173,0,50.48076923076923
MAC-016,55,80.2352574903431,5.285026704416133,127.74722028736997,1468.9767366700805,0,49.47115384615385
MAC-016,56,79.60481806575588,4.842814530857638,125.510254785595,1422.4433206319468,0,48.46153846153847
MAC-016,57,79.75243299623294,4.873286317237861,128.6126690127809,1442.779655682078,0,47.45192307692308
MAC-016,58,79.61634469087181,5.877174249830842,124.95443087443256,1439.9058441085845,0,46.44230769230769
MAC-016,59,78.83823149336443,3.687409537198344,126.91260546669531,1410.6252742030579,0,45.43269230769231
MAC-016,60,79.35044919785727,4.952563380939159,130.0924733064485,1416.8468659103432,0,44.42307692307693
MAC-016,61,78.8643844745404,5.363730515629033,124.4061055050605,1388.776631697719,0,43.41346153846154
MAC-016,62,80.17910921034344,5.59642711062723,132.18301481641484,1427.150613517749,0,42.40384615384615
MAC-016,63,82.55681337366423,5.649630404044613,127.36825408524938,1426.6866022691224,0,41.394230769230774
MAC-016,64,80.82691932271574,5.112865517709919,134.97977886397837,1416.7885971296837,0,40.38461538461539
MAC-016,65,79.43591728590906,3.9080892510126732,125.6027358834547,1391.6182857167885,0,39.375
MAC-016,66,80.54615895586237,4.62463430208792,132.92339328938203,1438.1906341523759,0,38.36538461538461
MAC-016,67,80.75511393169519,4.807089116806474,131.59768574765948,1451.9866212450938,0,37.355769230769226
MAC-016,68,84.17286489799675,4.643677675938681,123.23549203512492,1378.2216293825722,0,36.346153846153854
MAC-016,69,78.92442092232316,5.5201323045607555,127.95364106233077,1393.5341955561175,0,35.33653846153847
MAC-016,70,83.46707555533291,5.707001677339303,122.49931358812562,1428.0373278532404,0,34.32692307692308
MAC-016,71,82.59140165570028,5.753705794429722,128.45617088995613,1402.751988868388,0,33.31730769230769
MAC-016,72,77.82436534485814,5.970686549300897,126.59962023881667,1387.1807299376449,0,32.30769230769231
MAC-016,73,80.19200200300915,6.485012819104541,128.5364492572261,1421.5337541256363,0,31.29807692307692
MAC-016,74,82.10277657243921,5.2178764515539395,127.11368360035333,1388.20666500032,0,30.288461538461547
MAC-016,75,82.19231415912921,5.980918909084814,130.09643975501405,1388.7107900096316,0,29.27884615384616
MAC-016,76,80.769402873353,5.130648332779662,126.34865733941908,1416.734841299268,0,28.269230769230774
MAC-016,77,81.6645111843916,5.555150501350939,129.68976380899042,1388.7323752371617,0,27.259615384615387
MAC-016,78,83.6548138927564,5.579467088163058,134.21224044676183,1421.528908920905,0,26.25
MAC-016,79,81.46381370221131,5.650792411371812,136.7995566423823,1421.2059005698288,0,25.240384615384613
MAC-016,80,80.80899736930951,5.067743581562048,133.87693782667608,1387.2776773819926,0,24.230769230769226
MAC-016,81,84.88443270787029,6.239544814915519,133.99586773738045,1408.4347504840025,0,23.221153846153854
MAC-016,82,82.31253499630897,6.119174085262437,128.3728620083945,1384.7031259883984,0,22.211538461538467
MAC-016,83,80.94278321941042,5.503080963354957,143.28437162563,1347.1501782500316,0,21.20192307692308
MAC-016,84,83.62221929613715,6.522229345824489,146.12960463234182,1385.2776685377019,1,20.192307692307693
MAC-016,85,84.71443912956825,6.176083522955077,140.5947130330298,1388.465477102377,0,19.182692307692307
MAC-016,86,83.28629949433328,6.761615725414614,133.2833017160841,1345.9567214911772,0,18.17307692307692
MAC-016,87,81.43630217552408,6.150944854106957,136.39517740989447,1395.13446744907,0,17.163461538461547
MAC-016,88,86.09906027243363,6.339023447541518,141.2232363239136,1374.3718782159522,0,16.15384615384616
MAC-016,89,82.42693157378773,5.592490861568615,142.8448366904944,1327.30776235053,0,15.144230769230774
MAC-016,90,84.79689851840547,7.885232817053954,139.0332796597329,1366.1367398642324,0,14.134615384615387
MAC-016,91,82.01993288699364,7.250640401862097,143.09196607736698,1382.0987726158157,0,13.125
MAC-016,92,85.57821274482257,6.775580288885225,136.56543571658972,1347.0328542545992,0,12.115384615384613
MAC-016,93,87.68247826426202,6.511863884742478,140.2039751186172,1362.1708457483285,0,11.10576923076924
MAC-016,94,86.88392335582225,6.577565895323756,137.41722032058982,1363.2883405643124,0,10.096153846153854
MAC-016,95,92.07250016313085,7.0336348012626475,151.09597345124945,1360.6217384698364,1,9.086538461538467
MAC-016,96,85.72312103395191,6.142951826702989,146.4675541355789,1340.775326702256,1,8.07692307692308
MAC-016,97,90.15083467793053,6.219575238124626,143.17041178134252,1325.1541132710033,0,7.067307692307693
MAC-016,98,85.83827795045201,6.786329215851984,136.03537164537724,1351.682968999035,0,6.057692307692307
MAC-016,99,86.58357533295181,7.226374273762902,128.87478206467526,1341.906344570391,0,5.04807692307692
MAC-016,100,89.61241443012763,7.151766508025214,145.9506866059583,1366.4357643216442,1,4.038461538461547
MAC-016,101,85.12658771104229,7.248594179545753,140.38093358150135,1394.7164419572885,0,3.0288461538461604
MAC-016,102,89.08842328052692,7.227448345443812,143.51280518345837,1356.8273642499992,0,2.0192307692307736
MAC-016,103,88.55817256150644,6.8802370045256005,143.12876258756611,1364.5150251173586,0,1.0096153846153868
MAC-016,104,89.98570263455464,7.530561146644864,148.27743066894075,1366.0987720732214,1,0.0
MAC-017,0,63.77433290990829,3.8130613685126624,114.02215312758564,1424.3210918617376,0,291.0
MAC-017,1,66.85891250567668,3.3296366777749453,111.88285012257433,1463.518958275058,0,119.0
MAC-017,2,66.29051903613227,3.03831969965118,105.30206404121475,1425.7533436279932,0,171.0
MAC-017,3,66.2947162346366,3.3061474173631,103.39889689640593,1398.489345517549,0,172.0
MAC-017,4,62.62320474104681,3.3461531469826613,116.48310954935121,1417.6448287081896,0,170.0
MAC-017,5,65.65665582548246,3.980941229078253,108.51338665299211,1418.76349773036,0,177.0
MAC-017,6,65.81485021548386,4.049128591789988,108.9772998130644,1418.7239619175905,0,127.0
MAC-017,7,63.4152533889164,4.26641203425653,109.64385830609667,1433.0618204113196,0,229.0
MAC-017,8,62.76672025788734,4.944010327231565,106.09504655058005,1429.9873208866404,0,220.0
MAC-017,9,63.90073798347299,4.949312074099462,107.03950718483124,1422.9455353016358,0,142.0
MAC-017,10,64.51142753745577,3.625186030737725,109.05157883287674,1478.0244457245042,0,107.0
MAC-017,11,64.87419635232462,4.103579436332108,104.90405578382311,1464.7765172082081,0,112.0
MAC-017,12,68.1528706428184,4.3982966633823235,111.76274636368106,1425.8970670923725,0,210.0
MAC-017,13,65.05748040291168,3.554377673037564,102.86301036947548,1400.845175786634,0,134.0
MAC-017,14,65.09615318777203,3.2827692393084735,105.99540323280675,1429.3677866171092,0,122.0
MAC-017,15,66.2653860402665,3.682846392158358,114.05994181206613,1449.3755523840325,0,145.0
MAC-017,16,62.13218858588049,4.533369222411455,107.07567463766149,1420.6133516466305,0,114.0
MAC-017,17,63.71609869039579,3.9702036120894806,106.41835724618099,1413.798540913924,0,229.0
MAC-017,18,62.77229405383309,4.041427880320826,107.69126248928394,1441.13856798914,0,160.0
MAC-017,19,64.37953103562896,4.010463473460697,111.4576414225406,1458.9707355594026,0,214.0
MAC-017,20,67.19284993780622,4.642159685525927,112.8458260970757,1472.3005865629918,0,163.0
MAC-017,21,65.15045277370959,4.134729383129853,119.71318662588442,1376.0729971191593,0,151.0
MAC-017,22,63.8470122639338,4.598204340043818,113.39489501197758,1481.9054056178616,0,263.0
MAC-017,23,64.48977667788527,3.75654767427472,106.8331565149982,1436.9537373783737,0,294.0
MAC-017,24,67.51810043312508,4.789026979911563,108.21350688920081,1435.6525438547046,0,168.0
MAC-017,25,63.05160208281671,3.718348701666045,113.72486631555503,1462.6366018957824,0,166.0
MAC-017,26,62.88023788028281,4.093434651534493,107.27818996797313,1447.869807312189,0,274.0
MAC-017,27,63.49777319650953,3.0087290057390437,113.51203380392919,1424.522701524014,0,182.0
MAC-017,28,63.87591780944633,4.189750433814737,110.25774846413228,1439.7148072961966,0,101.0
MAC-017,29,61.015338910730044,4.2501109814870635,98.94829849661349,1445.983676996769,0,271.0
MAC-017,30,66.5115678054436,3.2876964041062093,110.13574520127692,1451.7359567134374,0,291.0
MAC-017,31,63.37679800047937,4.308774658323129,94.56655088474076,1452.5562964860171,0,177.0
MAC-017,32,64.3347937186088,3.8430417871508014,113.41378751289157,1465.1781676356284,0,127.0
MAC-017,33,65.24623692393043,4.776313416993265,100.72716398573428,1443.9113508778303,0,153.0
MAC-017,34,64.01079753551389,3.577846923110659,98.85017307405496,1442.828115101202,0,166.0
MAC-017,35,66.0253853480555,4.642967850965442,114.37603243654434,1415.1581803799816,0,263.0
MAC-017,36,66.8562162718467,4.67013022742474,107.19366062210564,1431.1609393953831,0,201.0
MAC-017,37,62.406496827123355,4.712399620795484,100.9346445185245,1441.2917875684243,0,219.0
MAC-017,38,63.08114686499101,3.4180300656905622,99.11993884556213,1426.284251561729,0,290.0
MAC-017,39,61.745635012026625,4.00016620210572,117.34026686537229,1434.5825206499267,0,252.0
MAC-017,40,68.26936624579173,3.480819848729741,102.08887624837243,1410.0520623565833,0,147.0
MAC-017,41,64.14460416371183,5.333430819330969,100.18300668061197,1442.9856364843974,0,266.0
MAC-017,42,62.87487456914137,3.8600549499433363,102.20348069203749,1448.1751406019396,0,146.0
MAC-017,43,64.18695497531219,4.515683250815901,109.36980621853198,1391.9598945776113,0,120.0
MAC-017,44,66.46789083317287,2.9654561593139777,99.14406683378711,1412.248320518516,0,257.0
MAC-017,45,62.46709415731777,4.669967158159559,107.63779831461736,1455.540079960642,0,191.0
MAC-017,46,63.13897028405053,4.130779659974135,110.8637918059302,1444.5136824626898,0,258.0
MAC-017,47,63.344952892390765,3.783029031076371,107.00292735203995,1397.5441263152127,0,220.0
MAC-017,48,64.10700151468585,3.780114347930678,111.39394471875694,1432.4183975423423,0,215.0
MAC-017,49,66.94756884812881,4.007000713073101,105.68255176726785,1431.7463185644644,0,253.0
MAC-017,50,65.72313972297677,3.0853527715742946,104.91733765428121,1416.7088394034417,0,249.0
MAC-017,51,65.09678564697744,4.235599745314793,108.99971888754364,1381.0196117385904,0,248.0
MAC-017,52,60.97096887483887,3.852490564740257,105.9862331315768,1430.699781697869,0,100.0
MAC-017,53,63.33600891635149,4.737777708543336,97.02387232413656,1436.644926751745,0,264.0
MAC-017,54,65.93082605354938,4.322725704648017,112.42994518837509,1449.2146922889676,0,176.0
MAC-017,55,63.06684546800799,3.421214596980339,98.32017188489581,1423.340317447555,0,184.0
MAC-017,56,62.719738993312724,4.552760882297386,107.05578969761349,1409.9842593765977,0,145.0
MAC-017,57,61.897734333300235,4.966366502360715,108.38314867341128,1414.96228485567,0,236.0
MAC-017,58,64.52288885676649,4.920401053551353,106.5451770368714,1444.332588310113,0,244.0
MAC-017,59,66.64772731588309,3.0262445295438645,105.30151815502147,1451.8141066843261,0,146.0
MAC-017,60,62.87619836301742,4.179269175102459,104.70117225274512,1421.6813360509102,0,158.0
MAC-017,61,63.14007763000823,4.2902915523167335,109.50148081936713,1432.5695630213693,0,153.0
MAC-017,62,69.2897957169401,4.841805179028851,98.58736214560027,1421.724180656778,0,185.0
MAC-017,63,69.12773259043642,3.6846614601247967,118.9323101777449,1422.0658378237836,0,111.0
MAC-017,64,63.80681010012931,4.403742155036724,108.04254437332999,1440.4848669126345,0,291.0
MAC-017,65,67.42470263983772,4.351356942456702,109.20124090911767,1464.0629109555007,0,105.0
MAC-017,66,66.02818019297264,3.6051848939201436,118.39395641558926,1443.4396859621525,0,152.0
MAC-017,67,63.84745170348271,2.9615476831758443,101.60569834804583,1464.5950723291476,0,243.0
MAC-017,68,67.75413574516334,4.014598509835438,99.64235936849174,1408.8528690481367,0,189.0
MAC-017,69,61.027268537123284,3.1419008455119375,118.62759209305369,1471.7907322894384,0,104.0
MAC-017,70,62.0331109340913,3.967588987520018,102.06959944871015,1430.287613191147,0,172.0
MAC-017,71,67.55341300796063,4.511316000870325,112.5368940758556,1426.7087793758915,0,273.0
MAC-017,72,66.79873947321516,4.295290848760483,110.51315815494777,1428.284187357153,0,113.0
MAC-017,73,64.91155112025177,4.116082264403481,105.78642202299787,1415.0940434466036,0,271.0
MAC-017,74,62.28099132056166,3.505524919572021,107.5530658706439,1423.5386761412371,0,290.0
MAC-017,75,63.033337748017324,3.624565738101235,109.95298037895076,1458.144523064635,0,205.0
MAC-017,76,64.25297387907554,3.933791075448433,103.81914678480233,1426.1309778853347,0,151.0
MAC-017,77,66.65547792244118,4.490687027223304,113.33344896974084,1449.3097507055456,0,215.0
MAC-017,78,65.14827035235211,4.172560057210315,109.71733188179304,1422.2546685200987,0,125.0
MAC-017,79,64.44220403845345,4.079756317321751,111.65942326494942,1432.597503862052,0,152.0
MAC-017,80,68.48512800316728,3.367050376939862,112.26595874722267,1429.7674999883677,0,208.0
MAC-017,81,64.27909780547552,3.5656685843134137,113.59029658461259,1443.649204807572,0,128.0
MAC-017,82,65.94208003482983,4.0565791778783,106.86910617516804,1429.2611431502596,0,118.0
MAC-017,83,65.14173654133371,2.9691683890089475,112.85824458624646,1479.1162304148102,0,146.0
MAC-017,84,65.2354753351294,3.8314931633649305,107.68740397497282,1444.7432211398323,0,235.0
MAC-017,85,63.758227914592204,4.406294111138406,107.62287666271796,1464.8760434536357,0,122.0
MAC-017,86,67.64799751326682,3.806871641498347,108.08846106467517,1430.144996883582,0,216.0
MAC-017,87,64.25687258969496,3.4982419529384794,103.05727682699741,1455.587525552108,0,205.0
MAC-017,88,66.45437926963078,4.508216832557453,108.14668841366752,1468.4326095209428,0,262.0
MAC-017,89,64.2298672878733,4.403394562418688,101.55047017569424,1425.9976674911918,0,152.0
MAC-017,90,63.963163130074804,3.9392127064580102,101.86608540839075,1444.669992677634,0,195.0
MAC-017,91,66.33202586382919,3.60002678090736,102.75687266676252,1415.2135416232704,0,285.0
MAC-017,92,65.2658025795028,3.6736547980146406,107.82325400018729,1409.123159227095,0,104.0
MAC-017,93,68.23337805222536,4.0085557895502095,114.24215689450232,1440.4557708059256,0,115.0
MAC-017,94,64.1910451312923,3.925125313024179,104.86736186518024,1421.5831111034743,0,116.0
MAC-017,95,62.25920057802543,3.413523489502345,118.92545733612593,1436.1706214227877,0,259.0
MAC-017,96,67.20623972463056,3.5749253469508067,102.23556228604545,1411.0368099019718,0,201.0
MAC-017,97,63.430661471043045,3.990206441381898,107.73889716414921,1415.1285547514162,0,279.0
MAC-017,98,64.45023525985796,4.059649537738792,112.00496238612706,1460.0010201813996,0,119.0
MAC-017,99,63.547017662204595,4.579696772286134,108.8232682155091,1400.0459943727933,0,211.0
MAC-017,100,67.8413468620141,5.108224696418663,111.58906263862693,1432.3880734095314,0,219.0
MAC-017,101,63.731995120893444,3.7399824907266135,114.54708651410675,1430.2469093601853,0,293.0
MAC-017,102,67.62268483571198,3.9893876831334003,106.43184678125213,1418.5663648309142,0,210.0
MAC-017,103,62.78737307063344,4.229029388671841,102.02111347407912,1414.2256244544237,0,100.0
MAC-017,104,66.92377049290458,3.4946818200565786,112.80710485831925,1389.3321378911326,0,157.0
MAC-017,105,67.17497932557394,3.3368405559550443,104.11161153099538,1444.1992256808753,0,192.0
MAC-017,106,64.81562150963853,4.419450193516221,102.1022671020813,1424.856265934478,0,271.0
MAC-017,107,63.040648822801565,3.416862076392606,111.473067540971,1449.4534030532848,0,105.0
MAC-017,108,63.60107283114137,4.733312125116903,104.56507914397746,1460.5617206038896,0,207.0
MAC-017,109,65.39928336073896,3.3601728827313124,118.40120158378252,1421.7028234573283,0,202.0
MAC-017,110,66.68504072045134,4.044781036433634,110.36578637062833,1448.616509730995,0,149.0
MAC-017,111,65.96650761016045,3.8008831939070875,111.15190822806214,1439.7243710951188,0,217.0
MAC-017,112,64.70192764060093,3.8702982085539532,109.55140441434041,1469.943189045066,0,209.0
MAC-017,113,63.68475053699412,4.575250185370922,105.39539812878685,1412.966080874694,0,299.0
MAC-017,114,70.82760393144844,4.241968573963439,111.33114755481724,1442.4969295578328,0,187.0
MAC-017,115,67.08940465429161,4.1758614827776945,112.57468961115514,1409.4210085560185,0,119.0
MAC-017,116,66.24265231571134,3.8535761964500472,111.85229265932854,1396.289975027255,0,113.0
MAC-017,117,65.53516442595267,2.8510082980814033,107.11400289618828,1396.4813423031567,0,232.0
MAC-017,118,65.54087869372349,4.0065914160567555,104.63964323316779,1459.2805350218455,0,268.0
MAC-017,119,62.481472252555676,2.456359559223773,111.06175541769493,1395.26039973287,0,139.0
MAC-017,120,62.54478595520075,3.7132831889991786,101.37361099988911,1420.7178223999845,0,133.0
MAC-018,0,69.57842790061343,2.4404496248330734,108.47904406193553,1418.927288285246,0,234.0
MAC-018,1,73.15373263878448,2.8270246070076577,111.42126069340905,1447.6471231115759,0,128.0
MAC-018,2,70.16730787197642,2.20938368168299,107.15499800981976,1431.5113637958657,0,147.0
MAC-018,3,68.57759612163755,2.3463550825661024,107.58753632353537,1473.9668275703536,0,112.0
MAC-018,4,65.14838965851553,2.506675730156623,118.7965884969664,1433.9125922564226,0,102.0
MAC-018,5,72.20285448522554,2.646398748409324,106.83145262681015,1386.637384283595,0,101.0
MAC-018,6,71.10693091245597,2.2086822885582444,106.16644250206603,1421.4959578541911,0,115.0
MAC-018,7,74.18574235163034,3.7989043619864264,111.25415922053455,1422.180358495539,0,193.0
MAC-018,8,68.34156670348094,2.8307556716324744,119.08264753321826,1426.5288952332703,0,201.0
MAC-018,9,65.93802745687691,2.931510426767202,115.09511809014279,1399.7587901660565,0,233.0
MAC-018,10,71.04898790570925,2.8220985989274894,109.80258302284786,1415.6602845920663,0,144.0
MAC-018,11,72.72789398551046,2.3947957178750987,102.74218871939289,1390.4862132603798,0,170.0
MAC-018,12,73.21771857838198,2.904817579094999,110.6079872685384,1422.6702102367574,0,232.0
MAC-018,13,69.6380227099771,2.058617266638634,108.01084131009313,1389.0739586713698,0,155.0
MAC-018,14,69.22389223144633,2.4410168326838932,113.21751976884464,1430.6771737063061,0,298.0
MAC-018,15,72.28586576613448,3.2710531434161547,115.45897000201306,1440.8858999213446,0,226.0
MAC-018,16,70.71974489674493,2.1060915866526604,113.86783978978913,1465.070650618204,0,131.0
MAC-018,17,71.38023161768419,3.5551151650725012,102.54026099258712,1408.3924352781826,0,148.0
MAC-018,18,72.40642255387988,2.7286306959360656,116.73703041575159,1431.1662701592386,0,112.0
MAC-018,19,68.96006869332669,2.489688969756919,102.50469967827388,1408.9038895118326,0,257.0
MAC-018,20,72.64090753421938,3.0328792980942447,111.98314095692294,1397.054152554564,0,124.0
MAC-018,21,69.97921238735758,1.9839856465294146,116.05078580183137,1419.8012603025213,0,159.0
MAC-018,22,68.52452411682026,2.611383673420152,106.96734724871949,1461.1505811778475,0,158.0
MAC-018,23,69.22639774331498,1.8968714612471245,99.40355195410497,1430.8599729255052,0,255.0
MAC-018,24,69.5721593106675,1.8820332876035766,116.11425183917147,1444.8206059223583,0,157.0
MAC-018,25,70.6395837805089,3.2786487129448734,113.48079969988561,1415.0185849434047,0,119.0
MAC-018,26,68.61757921040183,3.0054763630863706,112.14995431522931,1434.8706583331866,0,261.0
MAC-018,27,69.00302393264553,2.900459374362317,106.3906251172228,1429.4359698818998,0,232.0
MAC-018,28,73.58990783115732,2.266068472954367,102.30317324752824,1410.4247591363712,0,287.0
MAC-018,29,72.6846171917586,2.723851159549545,109.52373263944878,1421.293826867542,0,270.0
MAC-018,30,71.66673935348973,2.171933165364328,111.69644737610552,1416.8506115975142,0,156.0
MAC-018,31,68.90070076783324,2.277741873446934,108.29108230047274,1430.4991062550994,0,284.0
MAC-018,32,71.16693112860558,0.7523029451452179,106.12986674415872,1423.6443034266526,0,153.0
MAC-018,33,73.70614361560001,2.0564842866683737,110.98210262339211,1461.3763091684903,0,211.0
MAC-018,34,68.07008247848881,2.793473203791641,106.15676036321995,1421.3830281279888,0,272.0
MAC-018,35,69.08979787047673,2.230556936651497,123.77768027242502,1448.3648204152069,0,185.0
MAC-018,36,72.89949526195578,2.842482334277688,102.13683559088275,1439.3748623802396,0,136.0
MAC-018,37,72.84187876739804,2.169785853839884,114.99475286869819,1445.562427170855,0,183.0
MAC-018,38,74.4000996280107,2.3875940846026307,104.6800646215139,1424.2431407863226,0,147.0
MAC-018,39,73.5671615247106,1.6822826504384585,99.82624095573739,1433.2636085524057,0,217.0
MAC-018,40,69.81084095283504,2.6003495374472823,114.89467838907187,1420.4243160513963,0,281.0
MAC-018,41,66.95000787652211,3.618726369459412,105.18197809569867,1410.2949605335314,0,147.0
MAC-018,42,72.90345956582854,2.404241030338681,109.85117027271849,1441.1315054549798,0,211.0
MAC-018,43,72.86318574460334,2.429755244268554,117.76787956246405,1388.7597059990774,0,209.0
MAC-018,44,72.21559401228951,2.1767218118506113,117.02947611593251,1434.3165925503843,0,105.0
MAC-018,45,69.35020887436455,2.927906137370256,114.6340612689288,1444.3135854309462,0,261.0
MAC-018,46,68.63662705911723,2.3544770290483976,110.14775534728537,1430.6505099207723,0,290.0
MAC-018,47,72.19551048926004,1.5890349746061359,111.83975480566006,1425.6760758850405,0,177.0
MAC-018,48,69.01901830561545,2.2252422019746403,109.09543121030273,1359.4540008845831,0,275.0
MAC-018,49,69.29344039680025,2.158578178536293,112.83203557950567,1415.3651693235631,0,122.0
MAC-018,50,70.26579193804237,3.367623904690091,115.13987713196967,1449.5211309726424,0,225.0
MAC-018,51,69.69627467756165,2.868001730504266,108.99863053062458,1427.5538387602346,0,183.0
MAC-018,52,71.51539022587646,2.2979887966489736,117.63313505510857,1428.2731001818147,0,112.0
MAC-018,53,71.93274067090269,3.324285830488089,115.32638840576843,1403.2973209199629,0,146.0
MAC-018,54,71.58581132840312,3.0218452880897635,114.62743464369629,1409.2098062914808,0,143.0
MAC-018,55,69.3819490643487,3.0937647087302507,106.35931767947932,1425.4817818404872,0,204.0
MAC-018,56,73.84777115738729,2.572585965667045,106.53424884372333,1413.9233558365154,0,259.0
MAC-018,57,71.36145819755373,1.9299115866208356,108.93143971341046,1438.140313673574,0,253.0
MAC-018,58,73.29431917947869,2.930259631044438,106.59779394298165,1455.044089325048,0,280.0
MAC-018,59,70.0969894632884,1.9786340798347355,109.30791273656519,1460.2390869966875,0,113.0
MAC-018,60,71.0264996385132,2.602746523024333,118.35417775640681,1402.848606032685,0,279.0
MAC-018,61,68.12482131027781,1.788562355376024,112.03136046529282,1434.8055655160758,0,220.0
MAC-018,62,73.7814922729429,2.718223129427825,108.14733373549603,1431.5116004313356,0,135.0
MAC-018,63,70.93143437530527,1.7606049541953563,123.71977775456702,1441.8731233358117,0,107.0
MAC-018,64,71.11603615442853,2.90406758299873,113.71517443582557,1428.6646332637247,0,267.0
MAC-018,65,69.43353726590195,2.896210934020292,112.09667373554981,1415.2779009919852,0,249.0
MAC-018,66,73.53409076111788,2.7431616090209316,113.8172163442307,1459.3141207273718,0,115.0
MAC-018,67,70.73979718071303,2.7549615943514976,114.21825572542313,1416.9784812977723,0,190.0
MAC-018,68,70.80412286407535,2.659259884185014,105.38782677447557,1477.828438747251,0,219.0
MAC-018,69,67.88143265139855,1.947433639015861,116.73925241141045,1445.7410279897042,0,287.0
MAC-018,70,68.6440899034218,2.9001300984102865,117.5073717578791,1430.8704418218338,0,159.0
MAC-018,71,75.89366533853251,1.7344546854254221,113.63723680218806,1454.8062696981935,0,109.0
MAC-018,72,72.47870734159385,2.494307727536616,108.7159121228368,1440.3586063955186,0,252.0
MAC-018,73,72.32752851168749,2.8977223090006214,115.36840898685949,1411.0983038324387,0,130.0
MAC-018,74,70.24047758013609,2.126477624797563,108.23755565246184,1451.7801208100595,0,120.0
MAC-018,75,70.91198737983382,3.8999151724343246,111.13515136884114,1432.6695405853682,0,180.0
MAC-018,76,70.90838537726378,2.277581244429472,109.87893647100458,1454.0314635160064,0,132.0
MAC-018,77,70.9239608746389,2.1997557259177043,105.54269643049938,1422.4716651404565,0,130.0
MAC-018,78,70.84374640720512,3.193278858597571,103.46567632606036,1425.0791774159984,0,248.0
MAC-018,79,70.98463957725352,1.6796327070447226,106.00012811806052,1417.8779321790496,0,135.0
MAC-018,80,69.10407879068235,2.6924303633702635,109.36532148538356,1420.3699809217526,0,292.0
MAC-018,81,71.55194479148862,3.4580229496825647,118.36440211660131,1393.0202675325268,0,231.0
MAC-018,82,71.85016390605364,2.507473945827521,110.94389624721933,1423.5100423029226,0,167.0
MAC-018,83,70.93119679815776,2.6721892888954493,107.27336074614793,1413.5483520172697,0,189.0
MAC-018,84,69.79862817314438,2.7136152230878228,113.16310124131387,1448.5426825205764,0,231.0
MAC-018,85,69.70763949224953,2.7384078745108082,114.98063249265904,1454.787600876656,0,108.0
MAC-018,86,70.5783538301203,2.4860197283896337,111.12374070207451,1408.4815535158252,0,129.0
MAC-018,87,70.30880051631233,2.968778790096005,113.37785518011106,1426.0703508864956,0,214.0
MAC-018,88,71.13145594055769,2.1841604207140963,113.68558027401767,1429.919274251044,0,144.0
MAC-018,89,70.14411663499108,2.4156236728127465,109.85365019839325,1422.5181500751341,0,103.0
MAC-018,90,72.01230561038848,2.3988438168513495,118.13294001302945,1460.779913043401,0,168.0
MAC-018,91,68.91293255867434,2.63133772557408,106.91483642621156,1424.9427517100012,0,122.0
MAC-018,92,74.70087447367295,2.4426998823015404,111.96924971827968,1442.302128853939,0,115.0
MAC-018,93,68.69476079341688,2.1689378536548376,104.13800767585195,1413.756288295818,0,121.0
MAC-018,94,64.99595931974899,2.868776791256254,120.43908873917289,1434.432117754504,0,171.0
MAC-018,95,67.86348181970214,2.275097399409466,107.87373530776756,1411.1240074295058,0,147.0
MAC-018,96,72.41638481517367,3.001615613047107,104.39086056380425,1445.9773238627236,0,289.0
MAC-018,97,73.74964486553789,3.5477646934742197,124.49417964832236,1413.4358499849095,0,287.0
MAC-019,0,68.70268661852216,4.832459824554709,112.81846489118215,1404.6233716113122,0,213.0
MAC-019,1,69.94466720289363,3.605898575066766,112.70255505034012,1459.4111606928077,0,174.0
MAC-019,2,67.57631701646415,3.7150876326191775,108.99675396778002,1411.1051434527674,0,270.0
MAC-019,3,73.30804455226342,3.8370916260832715,115.65697206836451,1403.136014318131,0,158.0
MAC-019,4,68.9865695350398,4.607929859001576,116.80693032460714,1415.1313418478298,0,229.0
MAC-019,5,70.71702716641325,3.830201029827929,110.1129208231632,1414.5494739102464,0,114.0
MAC-019,6,74.34488485668909,3.892370389945645,106.46490903587487,1432.1298418456163,0,204.0
MAC-019,7,72.44198919852926,3.244180008145961,112.02590760900519,1451.0010579798584,0,264.0
MAC-019,8,69.90563759012582,3.6249299868266798,107.62982894303019,1443.3369650503053,0,298.0
MAC-019,9,69.45887457897211,2.61087763064394,106.44693151859131,1410.694026577034,0,247.0
MAC-019,10,67.69012806614809,3.2383882213723356,126.03346856893974,1436.07609915401,0,197.0
MAC-019,11,64.68112260648468,3.5392081426120736,113.86265205565324,1392.3869602019554,0,134.0
MAC-019,12,70.90458526354526,2.6756744356523656,119.79485388127443,1450.7562385151457,0,261.0
MAC-019,13,74.54098281038738,2.909204471105868,107.4556322999219,1435.7790795657427,0,130.0
MAC-019,14,72.20117276260532,4.100845428901611,119.70870412839389,1449.4621861199887,0,226.0
MAC-019,15,70.24031344353183,3.5900941415120284,107.46923305279556,1415.963530776372,0,118.0
MAC-019,16,69.54603584781157,3.221526811560197,114.11899808663726,1400.6780595390983,0,295.0
MAC-019,17,72.0624773251677,3.9092813328119047,112.01210064823101,1425.7024510372096,0,123.0
MAC-019,18,67.62563312775707,3.194522716662693,111.14084590103647,1418.087077472506,0,183.0
MAC-019,19,70.11821627745141,3.7689472816703278,107.71623075993608,1420.3110612228447,0,266.0
MAC-019,20,68.19970201131025,1.9918857294970078,129.68804675003733,1405.9526243616297,0,191.0
MAC-019,21,68.34950834418376,3.023151037042029,109.02265431893672,1418.1521925824056,0,281.0
MAC-019,22,72.53943930071343,3.5991947624484846,112.69230754624921,1445.9311184211158,0,266.0
MAC-019,23,68.7870195914032,3.7069437960101577,109.70226876635768,1455.6283088997393,0,244.0
MAC-019,24,71.93283313254506,3.6198754134556412,112.31290268306896,1421.2888497479532,0,246.0
MAC-019,25,69.55904749525176,2.922959265560988,119.72345634954945,1417.3828832758002,0,217.0
MAC-019,26,73.63249340456565,3.907276953603616,101.70468584177412,1396.293169883707,0,275.0
MAC-019,27,65.54370243903685,3.049345071062876,106.14211072147569,1426.9769886883248,0,262.0
MAC-019,28,69.20364196926081,4.066639057236769,114.11962117905277,1417.1194575177913,0,259.0
MAC-019,29,73.84222655101205,3.807780415151576,113.90756150490971,1404.856820479327,0,274.0
MAC-019,30,67.48398562113411,4.081619607418375,117.86359908159687,1453.3572136596679,0,146.0
MAC-019,31,70.793635839079,3.4998176795025517,116.86517048627417,1420.3196268366091,0,291.0
MAC-019,32,71.5665829206209,4.363535011648347,113.46733736050365,1457.0718316769828,0,273.0
MAC-019,33,72.2125071877164,3.70521126793786,117.66383546771227,1428.0355766202917,0,202.0
MAC-019,34,69.87980063808195,4.65294162645883,116.89814139737604,1405.1062716680667,0,220.0
MAC-019,35,67.77987329861615,3.202820637996211,116.75764159701345,1415.0953654343068,0,262.0
MAC-019,36,70.50240008569892,4.164567240703011,124.45368674458402,1415.5561742069208,0,193.0
MAC-019,37,67.0187114378069,4.5925701308876885,107.02461498082722,1391.9970647315722,0,244.0
MAC-019,38,73.36871317240715,4.229484862091065,116.7343207985535,1420.9272189316184,0,141.0
MAC-019,39,69.35740461768286,3.3709560857251555,112.8949032210455,1420.9773312600735,0,210.0
MAC-019,40,67.08691286859452,3.2862548402360967,103.7505278481016,1423.4841879226942,0,128.0
MAC-019,41,69.99201505464202,4.585626816354915,116.18789370258537,1410.8047975423804,0,297.0
MAC-019,42,69.4351026490739,3.9397802544778755,115.44818222514759,1433.49135726492,0,223.0
MAC-019,43,70.58990219954923,3.5700469656273244,111.63115263705758,1410.1343948014887,0,116.0
MAC-019,44,67.98527008322925,3.155309456335062,123.50243874673495,1424.4198419136092,0,113.0
MAC-019,45,69.52520975025669,3.448426940135872,116.45451463907725,1445.9989166018095,0,251.0
MAC-019,46,71.28234160498485,4.15716364187808,111.37747518150269,1421.8430540450204,0,284.0
MAC-019,47,68.68905642875545,3.7498847976239458,120.67307413271364,1430.7137157787647,0,149.0
MAC-019,48,73.08924138446547,3.552107292997254,110.27531382233735,1432.1682086145736,0,156.0
MAC-019,49,70.073529378919,3.8577202248046585,115.17621990725507,1412.2369514136585,0,288.0
MAC-019,50,70.22728474801336,4.18305436613691,119.69065763193235,1412.1353068969806,0,203.0
MAC-019,51,70.29782451593434,4.434924639663119,111.97066534712496,1408.936710892037,0,138.0
MAC-019,52,71.4246185804111,4.005848701712564,110.12523868376202,1393.9364269415378,0,282.0
MAC-019,53,70.25892485706606,3.4870705492898617,105.88973781928051,1408.1815884037187,0,195.0
MAC-019,54,71.04103228254252,3.6206637427668276,122.14063931751589,1380.1808906723131,0,135.0
MAC-019,55,72.51179739544766,3.5244174083392306,111.86801241264068,1390.9017621477228,0,213.0
MAC-019,56,70.76597635075888,2.7829881012255377,118.39963731541216,1391.6583575798527,0,136.0
MAC-019,57,67.12440073199954,3.100761789880984,110.73036925545509,1440.767157702678,0,113.0
MAC-019,58,72.84372571971667,3.390072323752311,114.07730358589225,1431.7239850621381,0,254.0
MAC-019,59,69.17718792500555,3.921747911868823,114.28972173490243,1416.8564413055574,0,222.0
MAC-019,60,66.99618126266917,3.77089069718466,119.10199761566287,1406.3600819258822,0,182.0
MAC-019,61,65.8992713840947,3.536593777074673,121.85897231646018,1446.164637590443,0,258.0
MAC-019,62,68.67488824090819,3.924126600717253,117.37784865817541,1451.7324013104812,0,172.0
MAC-019,63,66.73464806007236,3.1619549829075027,104.26134228623931,1408.3574549137904,0,201.0
MAC-019,64,71.96842378741104,3.4165095182444842,107.76917444332105,1426.45836723033,0,180.0
MAC-019,65,70.34055032604807,3.1878443717466576,111.77988955649859,1424.9371692936006,0,182.0
MAC-019,66,71.32778564585695,3.3719328714777985,110.34523735886921,1460.1767326693268,0,143.0
MAC-019,67,69.2877601909838,3.8210862503293517,117.55194387440073,1386.1879181777297,0,167.0
MAC-019,68,69.79875872907635,2.873510955885493,113.65623184858558,1449.3881169174178,0,147.0
MAC-019,69,67.83887599902948,2.863159503348413,123.74854797675555,1398.9844953726445,0,156.0
MAC-019,70,66.83865465801938,4.505884882917415,108.37776948343681,1454.8239230752604,0,174.0
MAC-019,71,70.38399430881468,4.338347636559043,115.24045077289884,1443.5196861752631,0,121.0
MAC-019,72,67.99891500731184,3.389567716210658,103.73256173694932,1441.361268435845,0,231.0
MAC-019,73,70.67495133910407,3.192706785557614,105.56560885083299,1427.5619018531909,0,299.0
MAC-019,74,73.18772172201774,3.627388636931163,111.017888899814,1403.1841532777287,0,145.0
MAC-019,75,72.33451006800601,3.3067451860171873,112.45422359233417,1442.7603370390636,0,286.0
MAC-019,76,71.110775862146,3.5299144332289853,110.81523438617586,1451.2372046755956,0,261.0
MAC-019,77,67.60307330226141,3.5912265056586326,106.78073665571108,1445.7029824394288,0,110.0
MAC-019,78,68.88604090070736,3.346556198864497,117.61843141934622,1393.4153314546452,0,130.0
MAC-019,79,71.10657541491105,3.5160977021885715,108.28362301852161,1402.1203794754515,0,238.0
MAC-019,80,68.4674124533499,3.4743472604904557,108.31748872321651,1427.815958672049,0,219.0
MAC-019,81,67.38636868456203,2.5138078716531806,123.9082172364102,1425.8841898626674,0,155.0
MAC-019,82,73.85479583576452,3.1745394232088,116.70909266386258,1439.8178128579532,0,137.0
MAC-019,83,69.45712013612685,2.9741441104329844,112.98771342131111,1434.4535775426127,0,120.0
MAC-019,84,71.01225355227476,3.6955547919932963,118.79655880828132,1438.9273613105352,0,209.0
MAC-019,85,68.78847745235436,2.936159270793221,115.26228863247653,1406.9928875602798,0,193.0
MAC-019,86,70.12330985427195,4.369134024998274,116.49757917177807,1447.8507530651225,0,237.0
MAC-019,87,67.81285305044022,4.240096967562671,122.69310875068092,1423.2120790148485,0,253.0
MAC-019,88,74.47991943986874,3.267653492358022,111.11594974362532,1434.9243498892574,0,235.0
MAC-019,89,69.94474374213374,3.3249154318317107,117.40563947550142,1429.0364691473358,0,107.0
MAC-019,90,68.66325929940886,3.790894911244511,118.10524669557721,1409.7564631507178,0,287.0
MAC-019,91,70.86980427175514,3.262847484461651,110.94099718754835,1444.1573851450935,0,171.0
MAC-019,92,71.06330523868623,2.752950344168463,112.4389959672099,1431.7195743725513,0,218.0
MAC-019,93,70.11354388685004,4.005471220814301,114.89002739133406,1419.2736854111013,0,133.0
MAC-019,94,69.50948838079889,4.241958755019593,117.7848170245757,1430.0205149555973,0,243.0
MAC-019,95,70.01347885027492,3.4219597525322154,112.77635077161489,1443.2190613694256,0,204.0
MAC-019,96,71.7768176415458,3.372082883374608,114.80971833104708,1431.8949853329693,0,240.0
MAC-019,97,70.7021814752867,3.9091104397540404,108.74974500053891,1398.4959571097318,0,186.0
MAC-019,98,72.176202139196,4.450881697668252,106.9025133972053,1421.3704361477946,0,249.0
MAC-019,99,71.46391424714001,2.5944798463424523,108.94342980202735,1420.0816984381454,0,254.0
MAC-019,100,68.64133534035693,3.800940848795099,121.66252923084102,1404.8696863304233,0,163.0
MAC-019,101,69.93635843510411,3.523971036725233,114.99194563278827,1422.0416412630098,0,101.0
MAC-019,102,75.11020905073845,4.441157827646115,106.40544148923642,1403.922943621238,0,208.0
MAC-019,103,68.28009813605614,3.079231356158424,107.4683041884769,1418.3583103867923,0,125.0
MAC-019,104,68.35643752445009,3.2509722649893424,124.41248897788657,1408.5080864654944,0,182.0
MAC-019,105,68.94947719684696,4.0670973417186325,112.07747673205051,1398.612168671654,0,206.0
MAC-019,106,69.3199332447699,4.700735809670376,111.90290864109797,1403.690304164091,0,168.0
MAC-019,107,70.67627331417141,3.5434118543923394,128.0050897307878,1406.187699846156,0,196.0
MAC-019,108,73.30327409289346,4.278063873166847,112.40339257681312,1421.8553329875601,0,129.0
MAC-019,109,67.77605293538434,3.4271483334108184,112.3678899444109,1425.0827095008972,0,107.0
MAC-019,110,67.01045240052524,3.852111433390471,113.58077698593934,1429.8877949009445,0,137.0
MAC-019,111,70.93042593696208,3.5834013762944323,116.75110797687901,1420.1821156521694,0,288.0
MAC-019,112,71.32275863132949,3.8544320064021864,115.21532659815279,1419.8767193580068,0,180.0
MAC-019,113,72.42744447837339,3.898961712869836,107.70280672742959,1412.4866234954104,0,207.0
MAC-019,114,69.37864303581969,3.695807518069422,115.19365584855511,1403.0413045951518,0,164.0
MAC-019,115,69.69981693164351,3.5393084245948896,119.73384030619238,1402.0240726942625,0,166.0
MAC-019,116,69.80105545245704,3.353676542052095,123.62509867002154,1447.0579109337575,0,273.0
MAC-019,117,66.55109682169217,3.2982622556794556,118.66473555276119,1431.071299841552,0,189.0
MAC-020,0,73.750489485363,5.280648042187276,116.56172514019568,1556.56586744387,0,99.0
MAC-020,1,74.73282469149841,5.003072086765325,104.82381439530462,1574.0013676352294,0,97.98979591836735
MAC-020,2,74.0553273447244,5.251110426124547,103.42310358719807,1582.1031808451319,0,96.9795918367347
MAC-020,3,72.16559007417243,6.21849276390208,125.8505633523942,1520.3648203536684,0,95.96938775510205
MAC-020,4,76.31450693625676,4.489721369441788,112.36036153990716,1532.506286702372,0,94.95918367346938
MAC-020,5,75.77831511251736,5.2111507441116185,109.85246791394282,1551.6217647697756,0,93.94897959183673
MAC-020,6,74.67625571479189,4.189060958571347,113.9932910064953,1574.0110717513785,0,92.93877551020408
MAC-020,7,74.48593162739311,4.232074044394065,120.5388162921132,1520.2321289671124,0,91.92857142857143
MAC-020,8,75.91737223264408,5.11435425270798,125.57786409208535,1533.3364641518237,0,90.91836734693878
MAC-020,9,73.40135602315983,5.016428748886208,110.92866248918311,1530.5566343876171,0,89.90816326530613
MAC-020,10,79.43213624153381,5.92559162113355,127.581526053432,1542.306728518638,0,88.89795918367346
MAC-020,11,76.380775393166,4.852716122766687,119.02694278542828,1528.0942989609146,0,87.88775510204081
MAC-020,12,77.8538499091843,4.84124021303582,118.2450464150726,1497.2113800800107,0,86.87755102040816
MAC-020,13,77.17384056703057,5.790748693691923,110.17711398860831,1499.8660754663772,0,85.86734693877551
MAC-020,14,74.10867554264486,5.414565324120712,111.60027168543058,1552.21072296295,0,84.85714285714286
MAC-020,15,77.77496174897668,5.853402643814592,110.94548562454641,1548.4842782102578,0,83.84693877551021
MAC-020,16,78.40389486817794,5.26321508451284,111.4849157321194,1519.077970018113,0,82.83673469387756
MAC-020,17,76.37383336527846,5.442429537179043,115.96962567828254,1533.0090306061709,0,81.8265306122449
MAC-020,18,72.30756635296255,6.420361900628619,124.7903984052846,1520.7738142049968,0,80.81632653061224
MAC-020,19,77.42256545313641,6.297428383744416,119.89155048426582,1508.9713187284158,0,79.8061224489796
MAC-020,20,80.19019293177381,6.853105968997639,115.55084245071141,1521.015692668219,0,78.79591836734694
MAC-020,21,75.94199324232673,6.107732998108155,116.8179994789174,1534.7304695167163,0,77.78571428571429
MAC-020,22,78.11655839617953,5.93065754208517,129.16751266110313,1493.8192439760319,0,76.77551020408163
MAC-020,23,79.88850179033341,5.641196537045977,127.29645519607121,1542.1942093146836,0,75.76530612244898
MAC-020,24,78.19502320839248,4.911383108612253,118.17731246912788,1553.0916247983102,0,74.75510204081633
MAC-020,25,77.73862941978322,6.944443934196958,118.8895981322699,1489.7987091797936,0,73.74489795918367
MAC-020,26,80.68325316218443,6.439108907037534,126.48492929255595,1500.4967054487422,0,72.73469387755102
MAC-020,27,81.39561840623215,6.640693507160012,128.2722290039682,1485.9071111512862,0,71.72448979591837
MAC-020,28,81.59617681778106,5.949780439279503,122.0446128420595,1492.805549484601,0,70.71428571428572
MAC-020,29,77.73473079234789,5.393194755838266,129.25176950756094,1480.292897369602,0,69.70408163265307
MAC-020,30,79.39347936711346,5.946100221473855,122.15290691455616,1482.1996273888158,0,68.6938775510204
MAC-020,31,82.69314675716868,6.0667115877298485,132.311980639903,1513.082912160403,0,67.68367346938776
MAC-020,32,79.38810523731507,6.57237452993137,126.63897185211391,1505.1094262314268,0,66.6734693877551
MAC-020,33,82.4199534377671,6.556290091294701,119.573155008949,1499.0748466263292,0,65.66326530612245
MAC-020,34,80.26802687342939,5.118876317536447,126.59969319548658,1469.5546770910803,0,64.65306122448979
MAC-020,35,80.02628367265727,6.566994431956778,117.18309589636945,1484.9975056379205,0,63.642857142857146
MAC-020,36,80.51166513983631,6.175878921610037,125.48557054134045,1446.392549722795,0,62.632653061224495
MAC-020,37,81.49835378718585,6.900293421810213,127.08363501736761,1493.9539562062216,0,61.62244897959184
MAC-020,38,83.87982519752948,6.6748251520457105,131.3376694448548,1474.4543667220264,0,60.61224489795919
MAC-020,39,80.3522188873469,6.569628756870095,127.49834027469865,1495.8394249782912,0,59.602040816326536
MAC-020,40,81.95608654609323,6.4796806807720895,133.68778286247255,1443.4193357677098,0,58.591836734693885
MAC-020,41,80.8207702695332,7.31340635619223,135.6017991640888,1479.7090892588485,0,57.58163265306123
MAC-020,42,82.85697635683371,6.772086632488449,129.8128990246776,1470.662615374455,0,56.57142857142858
MAC-020,43,81.05015873449717,6.813527383903594,123.0383435540586,1466.3273722216534,0,55.561224489795926
MAC-020,44,83.08492059063167,7.83572091791777,124.69161821203876,1460.4193228177649,0,54.55102040816327
MAC-020,45,85.48162448959307,7.971579044327884,130.3551890305155,1456.9433924646685,0,53.54081632653062
MAC-020,46,82.21924671404496,6.198006012173845,123.64582295107397,1462.0257023435029,0,52.530612244897966
MAC-020,47,83.00533051857842,7.481748457106552,127.61168081543694,1443.4531059204844,0,51.52040816326531
MAC-020,48,84.25201097131793,8.473182143350822,127.30397921563046,1458.731800259934,1,50.51020408163266
MAC-020,49,85.46519381707283,6.985245375334506,135.5575430388203,1422.3530455904659,0,49.50000000000001
MAC-020,50,83.15790882213044,7.165949172869913,130.25257438494174,1412.4840197928245,0,48.48979591836735
MAC-020,51,86.88086284801007,7.579173464604658,135.41397318919962,1482.154158521698,0,47.4795918367347
MAC-020,52,82.89627570403397,6.175392722272893,135.83467664121846,1442.1455883487508,0,46.46938775510205
MAC-020,53,82.31308647098416,7.761224599659597,142.7236612284259,1443.6749098292498,0,45.45918367346939
MAC-020,54,86.68367627935312,7.029828426909658,122.27511804354714,1462.1116470982745,0,44.44897959183674
MAC-020,55,86.07561021038522,7.341233456819905,139.54303371395218,1406.5228562984744,0,43.43877551020409
MAC-020,56,82.72542391694485,7.3531561272782255,129.53298244025248,1469.0995278219827,0,42.42857142857143
MAC-020,57,85.48590014643061,7.57861798035966,125.26796394093138,1459.5049024880389,0,41.41836734693878
MAC-020,58,83.31624270589481,7.088294379984507,129.91973737818026,1439.01591012411,0,40.40816326530613
MAC-020,59,84.35125947452887,8.129613827648448,130.80917700104268,1454.7872064030362,1,39.39795918367348
MAC-020,60,87.00378610103584,8.722349796856763,130.31594405958927,1448.5910460787143,1,38.38775510204082
MAC-020,61,82.62196263526252,9.322944523717691,136.7998516593633,1423.7652791259459,1,37.37755102040817
MAC-020,62,85.8793548596444,7.804108690866162,142.3333324105457,1445.6422115570228,0,36.36734693877552
MAC-020,63,85.71298887815959,7.358717769127705,139.4167027756072,1442.4219980562689,0,35.35714285714286
MAC-020,64,88.2143870794517,7.986758111003946,132.24112265654412,1457.335287739389,0,34.34693877551021
MAC-020,65,90.56020436557966,8.39919781702076,138.89144452832778,1426.3325787730064,1,33.33673469387756
MAC-020,66,84.4657145440571,7.639769051700176,140.07618002240574,1445.064520425614,0,32.32653061224491
MAC-020,67,89.51596030763035,8.353171635253565,140.10479559166518,1416.4074655592037,1,31.31632653061226
MAC-020,68,88.8525071661079,8.12830934665504,129.66740294746972,1432.8414488789315,1,30.306122448979593
MAC-020,69,90.3619955043738,9.518134971428509,136.57450642322942,1392.5736110412195,1,29.295918367346943
MAC-020,70,87.3568854224141,8.263714938962611,136.2998807524193,1420.927130523351,1,28.285714285714292
MAC-020,71,88.94172568388525,8.77070681146288,136.84753726077298,1364.9834853128448,1,27.27551020408164
MAC-020,72,88.87207495849901,8.476036113388897,138.91478664444503,1400.2395572366277,1,26.26530612244899
MAC-020,73,89.06687895208509,8.761296877004792,135.66627161971724,1418.9664113725817,1,25.25510204081634
MAC-020,74,88.96209757008221,8.612010249902951,122.15596893611597,1380.5510516112638,1,24.244897959183675
MAC-020,75,86.74153627585343,8.692351993200287,143.43086940091376,1399.0402931932495,1,23.234693877551024
MAC-020,76,90.92248446780266,8.958817262918439,138.07504065481317,1410.8679272840036,1,22.224489795918373
MAC-020,77,89.91979574887681,8.614055736864165,139.63400558882455,1426.3008194432025,1,21.214285714285722
MAC-020,78,90.57542646018473,8.844686595784934,133.59438123767478,1423.6654922122582,1,20.20408163265307
MAC-020,79,87.01785165325565,7.933174545971605,140.14196788814004,1375.7125833844696,0,19.19387755102042
MAC-020,80,92.21216692296863,7.994858324092714,143.3967271121359,1407.72722388132,0,18.18367346938777
MAC-020,81,90.47202104750974,7.837430365990601,130.27420945101673,1394.0860887208587,0,17.173469387755105
MAC-020,82,89.97242532054325,9.301386380237307,138.8526738969872,1384.1635685011113,1,16.163265306122454
MAC-020,83,85.78739437641687,9.399442444177165,136.25105473487915,1377.2828606515714,1,15.153061224489804
MAC-020,84,88.70249163913624,8.268525806820733,147.1605051025296,1399.1365310048516,1,14.142857142857153
MAC-020,85,92.66806107808301,8.980981080251274,131.41323403490532,1423.2474702023078,1,13.132653061224502
MAC-020,86,92.09067339192174,9.208136039844506,138.61021145627922,1338.2952480065976,1,12.122448979591852
MAC-020,87,93.73122779596859,8.66139473685993,143.4417526851062,1392.582850267619,1,11.112244897959187
MAC-020,88,92.31844577718167,9.475738310982052,147.7425359333167,1359.2976607882863,1,10.102040816326536
MAC-020,89,92.18115591554256,9.178703888981243,132.11714223774499,1378.8524336020841,1,9.091836734693885
MAC-020,90,94.55667213052513,10.029928721164808,150.90538382636447,1335.631182492757,1,8.081632653061234
MAC-020,91,95.51344653525844,9.48468657451145,149.92384061976594,1361.1897147804311,1,7.071428571428584
MAC-020,92,91.39661038392639,8.835135454722863,146.10394621797724,1377.3546823547726,1,6.061224489795933
MAC-020,93,90.42621241907571,8.411208409834863,144.60331486059368,1375.6283662628302,1,5.051020408163268
MAC-020,94,90.88834872210504,8.949867637160931,146.10945988773827,1400.1526308702314,1,4.040816326530617
MAC-020,95,92.07429154976063,9.154467427989996,144.62744161379024,1373.7096161804932,1,3.0306122448979664
MAC-020,96,92.53771195781214,10.65733748660249,147.94460520877604,1351.3589387426962,1,2.0204081632653157
MAC-020,97,90.28334640706076,10.355007889269,149.6988660821733,1350.9090934438923,1,1.010204081632665
MAC-020,98,94.37148346886246,9.67056709712536,146.64523460967308,1334.444958200292,1,0.0
MAC-021,0,73.85782234240945,2.8228843202968052,98.47892794627356,1530.66202192636,0,201.0
MAC-021,1,74.03396782096748,2.8242999016437333,104.36592218751129,1533.816826813342,0,185.0
MAC-021,2,74.38488386580526,3.3925352569957266,107.88492438043866,1550.0102207046868,0,241.0
MAC-021,3,73.5312056714176,2.073528443816912,111.78481574853801,1568.5965852065788,0,290.0
MAC-021,4,69.90578751676883,2.6062483040619133,108.8115197305152,1560.2987460964775,0,180.0
MAC-021,5,72.89030989739494,2.144384380760119,109.32771711475233,1553.9903145156054,0,150.0
MAC-021,6,69.12921058626522,2.5709567989485578,111.40076075719581,1559.2211095839891,0,211.0
MAC-021,7,76.91807131052232,2.9710694585580133,108.18880299074587,1564.3917331976359,0,285.0
MAC-021,8,73.30552892474671,2.6248736667240027,104.9836652189314,1577.577041757331,0,114.0
MAC-021,9,71.57043888069416,2.218638569921625,100.87903692496715,1607.8727894695312,0,164.0
MAC-021,10,74.50278714361644,2.908831585123827,101.20743882787689,1579.4265445294845,0,187.0
MAC-021,11,73.20895864736863,2.86366995484963,101.61191060002626,1570.1650756643396,0,282.0
MAC-021,12,72.59443426386233,2.373779905768661,110.16554385838029,1536.205542345388,0,175.0
MAC-021,13,74.57165386890358,3.0988285510602527,102.09679380158784,1550.5531292933388,0,109.0
MAC-021,14,72.99604997774249,2.897603589514865,105.73073722027291,1575.6309477198256,0,141.0
MAC-021,15,76.96806064535008,2.5027270997088977,97.91911232582694,1583.4781701766012,0,194.0
MAC-021,16,76.80873049213035,2.952969665809317,101.0562688025757,1564.481851251284,0,110.0
MAC-021,17,71.20505437185201,3.0780132312652286,99.73856016585188,1560.957122779424,0,217.0
MAC-021,18,71.43342568768747,2.819997826851236,104.66330379365526,1570.4949405809934,0,243.0
MAC-021,19,73.48680245020802,2.2632559704216995,109.62939749698916,1565.9843854791256,0,224.0
MAC-021,20,71.46504332454349,3.877048762386651,108.87716301292967,1563.8944874480019,0,177.0
MAC-021,21,76.27251039367893,3.6774932889770584,105.76826506777462,1573.9076482446833,0,246.0
MAC-021,22,71.4660957042694,2.682989108899749,105.4996994105447,1570.656239188421,0,258.0
MAC-021,23,74.10762229754931,3.0364997086977845,107.68322546084384,1542.7448459834047,0,280.0
MAC-021,24,71.56516712879312,2.4833816745519184,105.0838092197279,1587.9751843254303,0,189.0
MAC-021,25,71.11622336656946,2.5778779601984048,111.2600596704143,1560.9621490260558,0,107.0
MAC-021,26,74.36293263996093,2.686814462819803,107.77892846596765,1562.3902476397973,0,251.0
MAC-021,27,74.776232285732,1.984057280580537,104.67845213740132,1572.8911520498743,0,235.0
MAC-021,28,74.50949183628767,3.5030617956606687,104.53988884501616,1596.5493337532055,0,210.0
MAC-021,29,72.12405368695595,3.4209086900560766,110.5823478128359,1548.6905269233437,0,275.0
MAC-021,30,74.05617981477893,2.730967566517659,109.62293514771905,1562.494266747322,0,257.0
MAC-021,31,72.82760888895183,3.4411327756651806,106.00140770706568,1583.4881449998234,0,157.0
MAC-021,32,72.99139837018689,3.589917113897516,103.10333903266658,1554.6768278910445,0,185.0
MAC-021,33,76.4911357025071,2.5341122888361283,114.500383710166,1584.7965101078844,0,154.0
MAC-021,34,73.13280192715362,1.8499387482751755,106.39842065798487,1568.9922995866566,0,221.0
MAC-021,35,75.77653680688404,3.5508090724038106,103.07007628362531,1582.9833337957518,0,289.0
MAC-021,36,74.97290565230199,3.2932918354889775,108.98846174002176,1528.1097446967526,0,207.0
MAC-021,37,73.13125647521977,2.178731696825297,105.48198331475368,1586.559783238666,0,147.0
MAC-021,38,74.05240301202524,3.330630917482471,108.20378178291175,1540.99317972261,0,231.0
MAC-021,39,68.40040732712981,2.83098986512355,105.42537984758822,1547.4207837283504,0,264.0
MAC-021,40,70.04084684097253,2.3892138775474,105.52255475502017,1580.2772549901158,0,235.0
MAC-021,41,73.81936350341125,3.560619107870119,101.31699189911707,1584.5808763571367,0,228.0
MAC-021,42,73.53669882653274,3.103920046343047,104.31243786301633,1588.3933059938,0,297.0
MAC-021,43,74.03255085696577,2.41686299182488,106.4348920347781,1562.168581337246,0,146.0
MAC-021,44,74.42045804155087,2.1666971095965004,106.34825366876557,1574.8658435689747,0,104.0
MAC-021,45,73.50814795466135,3.4300561064782524,110.36512604969931,1566.8100825811732,0,277.0
MAC-021,46,73.87547953527063,2.9044182600247543,108.51151020017817,1530.446538602696,0,123.0
MAC-021,47,72.83904874873659,2.0143659501870417,112.88641691664148,1565.7427081159294,0,274.0
MAC-021,48,73.05541944091604,3.204984150300372,108.60663616659342,1544.3870082284038,0,117.0
MAC-021,49,73.30029061522055,2.5890019976705623,97.77234773631378,1553.154173851244,0,183.0
MAC-021,50,73.07502069624236,2.6991100185378336,99.0838550609575,1589.9930101769376,0,255.0
MAC-021,51,73.23789522249241,2.7753620226140363,108.49822037104323,1551.1981734379146,0,104.0
MAC-021,52,74.35481328654068,2.5730481612746634,102.01208447610809,1578.428648383096,0,129.0
MAC-021,53,76.42544905787891,3.119000171026671,111.1099000050462,1556.547086384742,0,100.0
MAC-021,54,70.24686188193837,3.5016542453336754,116.76758662636784,1597.8158339913816,0,185.0
MAC-021,55,72.77052946231579,2.179268314919333,101.16659869024622,1533.285047163707,0,181.0
MAC-021,56,73.2273441034552,3.559424463324982,105.78669901998283,1573.0061565229535,0,273.0
MAC-021,57,76.1932952688837,2.554537828367555,116.67266946294203,1606.801586665937,0,168.0
MAC-021,58,73.17987866291432,2.4678183522741484,109.98120241129561,1560.0091996656108,0,130.0
MAC-021,59,71.12899090614061,3.3972048110452446,112.57724911572944,1570.0699305912592,0,297.0
MAC-021,60,70.91637183281892,2.1418223586750615,107.03115862143981,1556.9622778258874,0,190.0
MAC-021,61,72.75991547599207,3.2675670618137564,110.16090876645683,1594.5225521259404,0,283.0
MAC-021,62,71.46085489352078,2.5849896999403987,110.28992065664461,1575.9212653362458,0,192.0
MAC-021,63,76.50686210545052,2.9668538372357895,115.7355576998718,1577.7600545504508,0,226.0
MAC-021,64,75.56643623545261,2.594828010891526,106.566448238764,1585.1785865927775,0,255.0
MAC-021,65,76.66805768146139,3.121203958939131,106.07915331967095,1594.506399106555,0,115.0
MAC-021,66,69.05814402771553,2.045468233530318,109.90318329768598,1567.2418656410505,0,153.0
MAC-021,67,74.65312864252361,2.788789245499726,109.34974065236341,1550.6716420961243,0,280.0
MAC-021,68,74.58307351243467,3.253792748387547,112.59776519900021,1607.230784408962,0,239.0
MAC-021,69,73.93029822728006,2.8935410277073443,98.8791498584748,1556.3314704932195,0,119.0
MAC-021,70,73.05593719226206,3.2817452604219324,103.4400065588959,1582.8864989109647,0,181.0
MAC-021,71,73.43885790634853,2.6680014267263736,107.73948202501033,1559.1365710709313,0,261.0
MAC-021,72,72.58402684408996,1.9041925313886976,105.25524114270459,1557.3603355930136,0,280.0
MAC-021,73,72.41013936157712,2.965022015578775,109.78817194329659,1571.6035886088346,0,291.0
MAC-021,74,75.43293172117424,3.044366447198937,105.01973123031583,1557.7025728017004,0,250.0
MAC-021,75,74.06774581380898,3.0434690392347052,113.48423371450154,1590.78315941479,0,208.0
MAC-021,76,72.35915532726095,2.7055823442201237,109.8501012039329,1588.3196540771676,0,254.0
MAC-021,77,75.32004027768487,2.7246465678680813,100.22489891720146,1546.9809709910762,0,212.0
MAC-021,78,73.98736836891412,2.9276982739959276,101.00161531217212,1567.8510907337734,0,116.0
MAC-021,79,74.70455005421886,2.1809721555301826,112.01999818836612,1559.4090755447914,0,275.0
MAC-021,80,75.95732756542859,2.4898592613958046,101.36188476492315,1557.7969587191537,0,248.0
MAC-021,81,73.25180509412064,2.562345530898014,105.41500507147848,1573.639001509512,0,277.0
MAC-021,82,73.09974260068249,2.723529287307751,97.94888018333107,1574.7936588361974,0,267.0
MAC-021,83,73.26369474489195,3.5617319745251903,101.79718634307426,1530.7937919459978,0,225.0
MAC-021,84,74.67823832813536,2.9298489934402547,101.45284707668831,1536.3647194159062,0,102.0
MAC-021,85,76.51689480164387,3.4636406795871455,94.05772838581339,1557.795237930858,0,116.0
MAC-021,86,76.77048544984308,2.518554205394821,104.04195100921078,1561.3045119634007,0,288.0
MAC-021,87,71.20030739273896,1.9041976121697326,111.75774873301779,1530.1009603910345,0,149.0
MAC-021,88,73.9366442444928,3.1998752306625793,99.23888068483825,1548.4743304640867,0,221.0
MAC-022,0,74.50490890569914,4.789373208607096,108.9569002713848,1555.6927918848148,0,201.0
MAC-022,1,75.03504437741114,5.417078649729932,108.93845005208159,1551.7527640748415,0,150.0
MAC-022,2,77.1267368972344,5.557422754413204,121.38628886942347,1595.5769833245804,0,263.0
MAC-022,3,74.6035298624791,4.809264043009864,109.77589243238764,1566.4343270568168,0,151.0
MAC-022,4,77.78568630960912,4.704333356929364,109.28314264083227,1539.0794697272695,0,150.0
MAC-022,5,71.85879641176221,4.346752014345994,116.92669801057221,1588.3222341771293,0,230.0
MAC-022,6,79.8628362777069,5.450451252203847,107.53311495207451,1535.403695550137,0,113.0
MAC-022,7,73.54507481741794,4.704235702170502,113.028355781179,1538.8724590639508,0,276.0
MAC-022,8,78.02929725045612,5.321763165870163,110.22037246090729,1532.2277899438334,0,100.0
MAC-022,9,79.92897423078452,5.013405393422798,122.29885472597876,1560.875727490146,0,284.0
MAC-022,10,77.49154693767437,4.513585871117561,110.47510801769525,1527.852089113946,0,244.0
MAC-022,11,74.47987237661238,5.366416804775631,111.17990776906423,1550.574983929962,0,277.0
MAC-022,12,75.68626914180767,4.803072428890556,118.258141892685,1561.912579639758,0,113.0
MAC-022,13,74.80709134299336,5.511026628056859,121.21801763363922,1568.922237863309,0,286.0
MAC-022,14,78.94970152675958,5.6062257397968285,104.30980009222718,1596.313551860018,0,180.0
MAC-022,15,79.36474924453633,5.240261631568826,111.9655219888883,1532.2832961839276,0,102.0
MAC-022,16,76.5043188957894,5.22003278937717,107.07103278945107,1557.6331991546897,0,197.0
MAC-022,17,74.80003836156008,4.803522193080272,105.82968785336222,1529.8726227463605,0,139.0
MAC-022,18,77.84729992610974,4.705955501912137,110.16387170260674,1546.359271806887,0,188.0
MAC-022,19,82.61335707843479,5.299517823965256,116.16654238048768,1543.5198337761733,0,224.0
MAC-022,20,78.17662248032458,4.881973779573319,108.67557598014717,1597.6099725266758,0,293.0
MAC-022,21,78.31270382760118,5.257003596348455,107.73415658079054,1533.6239596345656,0,261.0
MAC-022,22,77.05201816270561,4.709077270852148,115.65602939758769,1572.6133621200788,0,194.0
MAC-022,23,77.29812763942061,5.4096908679037385,113.55934667517911,1541.5943521909282,0,108.0
MAC-022,24,76.77057166975328,5.063700802405913,117.23744998785838,1563.5271613910875,0,193.0
MAC-022,25,76.02421989387342,5.478919934086189,114.49660391338881,1589.9416190140378,0,183.0
MAC-022,26,77.34167604108636,4.4771699242275025,118.47772150239157,1547.4923452330395,0,120.0
MAC-022,27,77.75796935718346,5.088692625796845,112.82097133458846,1555.6317450587605,0,124.0
MAC-022,28,73.86283283940429,4.494782318797147,118.20348629580153,1567.6041588577896,0,201.0
MAC-022,29,80.98571520443485,4.476981870095124,112.43954415788696,1582.292014881532,0,221.0
MAC-022,30,76.03547408247456,4.753150759056902,111.12612536145546,1550.1211886023734,0,271.0
MAC-022,31,78.23071590014317,4.105729196204399,120.80645422163897,1539.8348779711955,0,124.0
MAC-022,32,72.93277772719169,4.99071458220375,110.70581986438174,1555.4685495256522,0,236.0
MAC-022,33,77.79227425385305,5.318254925889475,121.02608145298863,1545.2253277513266,0,202.0
MAC-022,34,78.71570321951064,5.35030250664672,99.38889650677213,1542.364256451587,0,289.0
MAC-022,35,74.5931599746204,5.2197807103913245,114.28195426430909,1566.1866985020022,0,253.0
MAC-022,36,76.5559365681531,4.893456001572285,112.44992092659378,1551.0058790770458,0,156.0
MAC-022,37,78.72148564739157,4.461002468106129,108.68375536785503,1561.4545291474356,0,136.0
MAC-022,38,76.43126266689201,4.441443491407107,115.25245129149341,1547.5823970504184,0,115.0
MAC-022,39,75.47767916164611,4.908644427410412,108.12657719705716,1558.3445179256946,0,136.0
MAC-022,40,76.44772343123526,4.739544229238982,110.06115687199302,1578.9404477828093,0,175.0
MAC-022,41,77.90555592573729,4.1412360180206855,117.0077557119581,1569.3592853983012,0,251.0
MAC-022,42,78.082150906872,5.439789724238238,112.66797486920314,1571.4298181345437,0,125.0
MAC-022,43,76.23817722346924,5.419624440216951,113.68339245985193,1531.4889114135867,0,119.0
MAC-022,44,79.23989103904302,4.9313819567271695,111.2522111395599,1550.1747952894398,0,236.0
MAC-022,45,76.42839386532545,5.110651938649275,107.65492470882263,1527.6558910126555,0,202.0
MAC-022,46,75.03819002498268,5.18669320653238,111.78313395183284,1581.292006993844,0,128.0
MAC-022,47,77.03729563769188,5.41709083523046,109.12875164439869,1550.3253003142602,0,130.0
MAC-022,48,77.18616941904914,4.9223457900887935,111.39099952648561,1541.5858534521406,0,118.0
MAC-022,49,73.99599701145003,5.3113425671066095,115.1891264564377,1546.75076004083,0,247.0
MAC-022,50,77.9248886787876,4.912611276377393,118.1236834436108,1532.782952635797,0,126.0
MAC-022,51,76.91366842005642,4.89256091388789,113.39840447893003,1589.7709007199405,0,193.0
MAC-022,52,76.91968676290496,5.367400371041462,111.8537433592703,1580.4464033697961,0,184.0
MAC-022,53,78.67281776558247,4.82917678385836,110.56631938063244,1568.767357290898,0,143.0
MAC-022,54,75.85630902397271,5.091150578927968,110.81384179499976,1566.3901974654407,0,262.0
MAC-022,55,76.84508595185709,4.649543692417129,118.1193592216672,1563.819269247172,0,212.0
MAC-022,56,77.0599503525442,5.205828653722764,104.23688802016598,1600.8318409976257,0,298.0
MAC-022,57,77.21649663095324,4.0142478261717,118.57829731594393,1544.000374448647,0,249.0
MAC-022,58,79.25454780973419,5.056618024968687,104.74075056045422,1564.2533786744082,0,173.0
MAC-022,59,77.54253999943778,5.5717200158057985,115.20364403659123,1534.2399115612027,0,186.0
MAC-022,60,79.17165964841895,4.7888020647122005,121.19415122892381,1551.9325467552974,0,242.0
MAC-022,61,76.74453838759541,4.584874114825486,110.09983450627827,1543.7693308356622,0,193.0
MAC-022,62,79.52001875391447,4.330080131335135,116.61572286333735,1575.6013469326592,0,197.0
MAC-022,63,79.92221614907507,5.01771504533233,107.45935589427773,1555.5929835551053,0,240.0
MAC-022,64,78.35651816314355,5.038199250362431,114.42646344557821,1586.3338672201319,0,231.0
MAC-022,65,78.33112781203916,5.09505504537779,103.37101637354571,1543.3511328092102,0,155.0
MAC-022,66,76.35777086679354,4.007277691385134,107.04648175231331,1553.6590932783693,0,250.0
MAC-022,67,76.95568505377973,5.248739413934192,111.56636171439217,1563.9889573602206,0,196.0
MAC-022,68,76.3315422050238,5.0168408958891,114.84768873840768,1588.4807495155655,0,197.0
MAC-022,69,76.1378354869795,5.067925276866827,116.93846237074011,1530.2362723457002,0,133.0
MAC-022,70,81.16277335323619,5.585349657408336,104.03538225782444,1566.4557813343733,0,199.0
MAC-022,71,76.0382142354537,4.797160265153306,114.34533216875967,1580.0361352197933,0,244.0
MAC-022,72,76.23537521883536,4.769610178220558,114.45365849647969,1570.4672709417546,0,255.0
MAC-022,73,75.15285835957377,5.85767073195834,109.37625304885003,1578.3216292960328,0,113.0
MAC-022,74,78.07053040296329,5.298996242116505,109.4730676034428,1524.5511401261037,0,261.0
MAC-023,0,61.773413122654624,2.3143755784512323,117.30403525531483,1447.0188342499605,0,144.0
MAC-023,1,59.324066897296476,2.967514280422613,115.4063567660184,1445.9098815372367,0,173.0
MAC-023,2,65.43338568466712,3.095476631375706,100.44568280935448,1462.1876444692148,0,219.0
MAC-023,3,60.86577048619984,2.5827125865337988,115.09487666866683,1466.2169019995845,0,171.0
MAC-023,4,62.72057367883122,1.396537277224752,112.20339970051059,1461.639324173569,0,237.0
MAC-023,5,65.74985356517098,1.7472416828980655,119.59054279115902,1440.544925677843,0,241.0
MAC-023,6,64.44396867100959,2.0782103567015118,115.36609379535444,1471.339924162179,0,145.0
MAC-023,7,61.26504075324346,1.9932043847609124,115.38005359350437,1501.5340446913804,0,222.0
MAC-023,8,61.99268948348688,3.3532242761327877,124.47735717516979,1451.5561484567415,0,217.0
MAC-023,9,63.122763855420736,1.9871247338019822,114.11422800513058,1425.3679828195823,0,174.0
MAC-023,10,63.56659087317934,3.081597470059756,111.39981534441034,1448.6878853909923,0,105.0
MAC-023,11,60.31678795928605,2.5201883771998497,115.7776490815508,1454.7764186660888,0,120.0
MAC-023,12,63.28541480737625,2.186778373748101,116.9647418252973,1452.926039439001,0,289.0
MAC-023,13,64.3490126509312,2.440648741861602,120.07237709227275,1467.0422534182744,0,246.0
MAC-023,14,64.10479259412092,3.092368348460418,116.55658330207675,1479.6016252465818,0,202.0
MAC-023,15,64.9329541245938,1.4121977936685566,120.97941447339058,1456.2058962976269,0,187.0
MAC-023,16,63.61515936601898,2.4738315068791166,112.73032484700859,1458.0429486785522,0,198.0
MAC-023,17,62.53531677513435,2.970293462501513,113.88730008868868,1445.8506946163247,0,161.0
MAC-023,18,61.86921727638199,2.4675452277086487,115.3907761574194,1461.2708637443236,0,206.0
MAC-023,19,61.664565132810274,1.5325667337285416,117.58319716932674,1483.1952087083034,0,182.0
MAC-023,20,61.666361663040746,3.1278779749151773,115.87479595047584,1453.3611133797567,0,280.0
MAC-023,21,62.923971514728976,1.6408983234218297,119.39388323641693,1437.9902442420214,0,251.0
MAC-023,22,62.159455556345335,2.8291204880778054,105.0403234234353,1423.0304152574101,0,155.0
MAC-023,23,63.68280042080437,2.479799547636754,116.87891389663855,1447.4664016028482,0,289.0
MAC-023,24,68.77980824510391,2.219211053751411,113.30130989628032,1437.562638094496,0,261.0
MAC-023,25,63.96688254086268,2.6406379491577154,120.47313092946123,1423.716686181969,0,121.0
MAC-023,26,63.22707823110913,2.5565091385389,117.39052832976661,1453.633344626864,0,167.0
MAC-023,27,64.80391684688473,1.928675386671428,122.24476781838571,1473.354933530362,0,284.0
MAC-023,28,61.029213333690194,1.7956058090759504,109.2206319062594,1467.061770888704,0,109.0
MAC-023,29,61.1496133749856,2.1676451660302876,116.72876263887781,1452.1790527798446,0,165.0
MAC-023,30,64.23684393924594,1.800255977459949,117.42951252378016,1441.2381336212534,0,107.0
MAC-023,31,63.069829559024654,2.452023197087321,114.97063176444817,1453.9819718510853,0,222.0
MAC-023,32,62.217815263867024,2.183382627534732,114.46615861097911,1426.0006668074316,0,137.0
MAC-023,33,62.79400297519378,2.5269972726507515,108.06805763756722,1476.6340045026582,0,222.0
MAC-023,34,66.25829543302022,1.7105820451542852,121.24333882204463,1450.6307396965308,0,161.0
MAC-023,35,64.55609802613465,2.0848318070702048,119.07046479292774,1461.6242518477468,0,255.0
MAC-023,36,62.09076239462533,1.7505563331516838,107.15372848074782,1457.2612069994284,0,237.0
MAC-023,37,64.86401173138,2.658640172524049,113.86533518375704,1430.362442357486,0,144.0
MAC-023,38,62.35491931177297,2.909331652615291,112.03209783379353,1456.3707240844028,0,164.0
MAC-023,39,61.56776794067076,2.5014488558638455,112.16681784839854,1474.4366257462887,0,166.0
MAC-023,40,65.26618432023416,2.0853043598468783,113.82192052005561,1442.4800466699608,0,236.0
MAC-023,41,60.88020251473051,1.9044361183607197,115.44632729539804,1460.007561435365,0,232.0
MAC-023,42,64.01616471500581,2.1822908061550104,119.12057368539885,1454.7732095619922,0,205.0
MAC-023,43,65.12557656401243,1.4462697670330686,94.84323939870222,1459.178132027535,0,237.0
MAC-023,44,60.869537600377555,2.2269314817778,112.9447554516709,1485.2503835190842,0,239.0
MAC-023,45,64.51906201370775,2.4160868465336645,118.6401964299623,1460.8723232075542,0,181.0
MAC-023,46,62.80371492184367,2.868895298261608,108.90649001735257,1459.9673152214446,0,157.0
MAC-023,47,60.62392931954791,2.4351292618923255,115.42018886565857,1487.0314707090665,0,248.0
MAC-023,48,60.58912112093698,2.0327137452074218,118.56865278966465,1460.2087165987195,0,248.0
MAC-023,49,64.07967901049554,1.8550894816550585,111.50114891633679,1478.4031916352385,0,292.0
MAC-023,50,63.616050520312676,2.5208371812065646,113.87929901291153,1429.840661165778,0,230.0
MAC-023,51,65.58668975997053,2.584773525400576,125.98342484362988,1433.1907438777625,0,168.0
MAC-023,52,65.36421475022149,1.6773853501158276,115.24197349515931,1473.0325032520366,0,188.0
MAC-023,53,59.57479867562756,2.230691096013524,111.63919198658083,1439.463225504871,0,163.0
MAC-023,54,64.48949421233924,2.8935001863456256,113.78884708064815,1457.6121000219737,0,276.0
MAC-023,55,63.94768641393903,2.3340590863125352,109.0085274682334,1475.6712635052313,0,171.0
MAC-023,56,64.3094596441382,2.530598078135617,110.42269251166603,1444.3179635109886,0,116.0
MAC-023,57,63.36680051239898,1.5660949864099023,106.01506903080553,1441.487412858002,0,172.0
MAC-023,58,64.76411044070531,2.0065886381693576,109.36121466884036,1437.20865840602,0,259.0
MAC-023,59,62.80838406152991,2.1562278517242763,125.28284791782671,1474.5947840405197,0,169.0
MAC-023,60,65.768617132384,2.917447515271019,109.46113631012369,1429.0550791710286,0,212.0
MAC-023,61,61.50532832475242,3.000410399803247,111.71928171238147,1428.4752478259877,0,120.0
MAC-023,62,62.85707650738091,2.2138545672770142,115.79730702526675,1458.5213918850143,0,234.0
MAC-023,63,62.06270778007352,2.6759855293911836,111.25927298804314,1450.3768447366724,0,106.0
MAC-023,64,65.09261704882725,2.0122466311621574,111.60848353888825,1465.335732464636,0,210.0
MAC-023,65,62.003602554610495,2.1407613213322927,117.23395154700839,1494.584220299493,0,126.0
MAC-023,66,64.92987791734603,2.569477214629334,117.10924857515758,1432.0385659894323,0,107.0
MAC-023,67,63.95026238518035,2.318274088966127,116.06316335865772,1455.832532520291,0,127.0
MAC-023,68,64.47846826265476,2.1774237356847275,114.7482852436529,1428.9458001496334,0,293.0
MAC-023,69,63.079254351814704,3.0285741072226497,116.04928235493522,1453.083950723112,0,298.0
MAC-023,70,67.51131546032923,1.6527398439837886,108.90796287956283,1487.7565996962987,0,146.0
MAC-023,71,63.810990779918406,2.211865814989431,108.45921903131571,1462.4562967986735,0,185.0
MAC-023,72,64.80798864687546,1.78591015271688,113.75386272904178,1446.792054830112,0,109.0
MAC-023,73,64.23102320065807,1.7735322120240062,120.71497792935972,1471.8188471027254,0,213.0
MAC-023,74,62.9927177903549,2.2249479773151424,113.77312990540585,1437.9362004106433,0,132.0
MAC-023,75,62.83221007135047,2.1980221492970236,122.51958251032957,1472.434737637382,0,234.0
MAC-023,76,65.58837832249378,2.5181201396365234,108.86860561213776,1452.6725493792258,0,230.0
MAC-023,77,65.6600458270473,1.7040250184506842,117.63800669116026,1499.9545559760286,0,113.0
MAC-023,78,65.8427021998,3.040171900915322,115.54693440900473,1472.8610104460731,0,271.0
MAC-023,79,62.28336247911246,2.731089239304941,117.72718132709775,1459.3005949515266,0,145.0
MAC-023,80,66.35108374725753,2.063764914210634,113.51995307442562,1455.4116122979392,0,160.0
MAC-023,81,61.659846965641734,2.446623305034452,105.8605885920247,1474.4414621593376,0,263.0
MAC-023,82,63.81234364095247,2.0727108811824464,110.28337259531833,1448.8107908783895,0,112.0
MAC-023,83,65.09558832936536,2.6070268225031086,110.92755092040163,1436.5815780182206,0,115.0
MAC-023,84,65.03286632045983,1.9719836308268133,114.75478952719145,1455.9774643212588,0,232.0
MAC-023,85,64.34319317127401,2.762292548225264,108.14042597245732,1415.2791849655637,0,137.0
MAC-023,86,62.584174345363834,3.233921537050421,124.56611115723082,1490.125914182091,0,277.0
MAC-023,87,63.33310617229915,1.4420997921419136,102.74004514853473,1441.2216082397852,0,137.0
MAC-023,88,63.32292164752182,2.9834700336623072,118.79426795450617,1458.050473050606,0,202.0
MAC-023,89,61.93937936593825,1.8527675540118829,115.7258790921511,1467.443391047568,0,155.0
MAC-023,90,64.50283143231171,1.8158583533310007,117.70857880075437,1462.0205908128016,0,162.0
MAC-023,91,61.57773609544018,1.9409968479842001,117.89772052960177,1448.8122207678555,0,219.0
MAC-023,92,66.89736351109345,2.583721971166616,112.02208471584758,1453.2982594629548,0,147.0
MAC-023,93,63.84583569309597,1.968962176513473,109.8922996659058,1467.5301693469632,0,204.0
MAC-023,94,65.40961550190472,2.6350480679108075,122.03183112841295,1442.6669067505413,0,158.0
MAC-023,95,67.06761043996279,1.8826967738572518,109.39181283995147,1418.3031938277884,0,176.0
MAC-023,96,62.8274782801669,2.081296164719601,117.08492705806718,1458.3801903031824,0,271.0
MAC-023,97,61.333122165782264,2.1367942139214193,112.5979305513555,1417.9827265315355,0,226.0
MAC-023,98,61.7571754537938,1.9477505178272834,121.62336575589866,1457.3313857899204,0,154.0
MAC-024,0,67.30028889116238,4.039476622635817,117.96684310134805,1524.7970165515076,0,297.0
MAC-024,1,64.0108947889605,3.270716998521438,115.17259003107566,1510.209074790453,0,288.0
MAC-024,2,69.02189186428247,3.156053241289332,114.74630270843487,1562.3420334252935,0,142.0
MAC-024,3,66.52274524487699,3.897711388081942,108.53558387756289,1503.3695555096638,0,276.0
MAC-024,4,66.86466594418454,4.562948152223526,111.1837521599815,1508.2237091286909,0,128.0
MAC-024,5,60.40822686525132,3.3194921100047834,112.80971789987716,1562.9874040977525,0,205.0
MAC-024,6,66.6708331108153,3.9624172341894286,111.3774038058667,1519.3416249358988,0,219.0
MAC-024,7,68.13586092136529,3.910243802215247,102.86499865276724,1517.534146323073,0,180.0
MAC-024,8,63.60813366280611,3.53674252724732,116.19255541379778,1528.8560416451328,0,130.0
MAC-024,9,65.17083491234204,4.46661111249867,109.89569666343891,1568.288929798765,0,280.0
MAC-024,10,63.98195054360719,3.854473630142338,111.97198413535853,1533.4733219510372,0,261.0
MAC-024,11,66.21374971649563,4.026792151880491,109.61241545926946,1508.5466457320665,0,227.0
MAC-024,12,70.33090930816078,3.5678823620357756,116.87406430573229,1498.852113070554,0,137.0
MAC-024,13,64.76534028654001,3.7462748398448307,115.74207746201152,1476.555856461179,0,284.0
MAC-024,14,65.65684695250603,3.2350038041521056,114.99973066834697,1510.2783553442546,0,200.0
MAC-024,15,63.6136003344982,3.6730607266394184,108.11635476435637,1521.4942503463108,0,231.0
MAC-024,16,62.93781418926273,2.8932893059866887,118.46778737451916,1505.0839654245392,0,229.0
MAC-024,17,64.9672039511334,4.186320072582944,110.30328159979214,1514.5016212861071,0,111.0
MAC-024,18,65.77704190368421,4.368841443199628,107.53142578694002,1528.001982640669,0,134.0
MAC-024,19,61.85957653641471,3.6132740299949573,113.54902553506274,1513.9124464459167,0,297.0
MAC-024,20,64.4105820586989,3.105761147682327,113.76339516927983,1552.118824258681,0,209.0
MAC-024,21,63.13027798680844,3.498538648559861,115.89073334464327,1555.2467536674726,0,171.0
MAC-024,22,62.3381861019315,3.7254821631280777,114.79365622396998,1528.963811468441,0,248.0
MAC-024,23,60.370981592595186,4.060419536490438,120.97468386782558,1533.3381743044079,0,209.0
MAC-024,24,63.26235361976084,3.553310908653911,122.22756745065033,1549.204190098229,0,160.0
MAC-024,25,66.60461896311801,3.9880808236032403,110.0723165514175,1526.9935156679026,0,262.0
MAC-024,26,65.16872025499234,4.084661689868274,120.92259658370688,1553.3717020168804,0,147.0
MAC-024,27,62.48579701475728,3.9218720162865766,117.06181883821185,1543.3821458839107,0,242.0
MAC-024,28,64.06609819957453,5.266929139720233,106.99257930071676,1509.3411703476968,0,170.0
MAC-024,29,65.79175588887252,4.868276059317979,109.1970278588515,1525.688371968078,0,242.0
MAC-024,30,67.47915307238075,3.8009434543921854,111.70498283972088,1542.3175973187522,0,233.0
MAC-024,31,65.86960170680855,4.325093924654448,119.83534655769917,1537.1450004811252,0,167.0
MAC-024,32,65.90803117710598,3.916930022979119,115.8236548956188,1532.108352038447,0,121.0
MAC-024,33,65.32334876170478,4.408188092249674,120.95858301414758,1500.8538803883494,0,131.0
MAC-024,34,65.3446080298305,3.4655273151134347,111.823144779942,1539.0552634757244,0,222.0
MAC-024,35,66.6634424694343,3.75381131003038,103.81130043875834,1511.7040276694943,0,121.0
MAC-024,36,67.11756506674969,2.439661320818587,119.31513787078235,1541.4295390939087,0,254.0
MAC-024,37,67.95691788940941,3.710589938395572,103.07097499225783,1539.6121921111478,0,209.0
MAC-024,38,67.87387197442604,4.272235434592763,110.06454469493218,1532.7401607902707,0,114.0
MAC-024,39,64.25889318878951,3.4002412997413662,118.15494496827161,1507.0542930557147,0,223.0
MAC-024,40,63.53693286518614,3.2578617150998594,105.92676449587712,1533.9332251178698,0,143.0
MAC-024,41,67.64757182331331,3.7174361537134195,105.84926310955153,1547.8038300758585,0,214.0
MAC-024,42,68.69596923441931,3.486753369762755,110.98523077878377,1541.3181518826857,0,108.0
MAC-024,43,68.56831322191947,3.5499574589734393,106.71575320738133,1543.633311406466,0,133.0
MAC-024,44,66.92270187263397,3.8129402570536657,110.58733581408511,1550.8925139008588,0,172.0
MAC-024,45,66.38063773544529,3.425656773384306,113.62347576890072,1503.970788640525,0,242.0
MAC-024,46,66.6963466392252,3.6787577471446244,111.19944795044867,1530.3474495779692,0,289.0
MAC-024,47,65.40518112500986,4.257339562618832,116.33345476899846,1527.8767537051617,0,144.0
MAC-024,48,66.85190202578735,4.010243158681859,111.24500393094218,1528.5105761162881,0,171.0
MAC-024,49,65.02811994866312,4.062505203423153,111.54288903876414,1523.1967555525853,0,157.0
MAC-024,50,69.26208034521729,4.279742272709605,109.57499879024667,1542.423759159862,0,214.0
MAC-024,51,65.56126585765972,4.005650119466099,114.06470873519788,1554.7977921907225,0,118.0
MAC-024,52,66.01580641565225,3.7788301827289086,118.58895499728744,1535.6706401027752,0,115.0
MAC-024,53,65.56752288500748,3.9668858330791097,112.90995699554053,1531.1894791409272,0,174.0
MAC-024,54,64.15117654882562,3.434290922024113,108.38515017996016,1503.1652735450764,0,205.0
MAC-024,55,63.56513100358025,3.7227410146025894,113.89359002460054,1525.579008018065,0,235.0
MAC-024,56,60.61315874609465,4.5971677107172235,118.81040272682426,1539.9201363053605,0,260.0
MAC-024,57,69.1395470714559,3.321192473094197,122.81612771550238,1511.700657746007,0,173.0
MAC-024,58,65.80204157693207,3.17295586926895,113.45147259009418,1538.7282692409856,0,117.0
MAC-024,59,65.01518506408026,4.166813253881121,113.87307435980864,1520.5566447134677,0,262.0
MAC-024,60,64.19093909074468,4.215331418143901,110.10929196333753,1549.3129986907165,0,142.0
MAC-024,61,67.76998931201322,2.9755176006629873,119.04263404887753,1572.2133932499119,0,149.0
MAC-024,62,65.82857324875322,4.109416624483464,118.56302873421815,1525.4952929774374,0,102.0
MAC-024,63,65.68912617342511,3.1527747670244977,114.07117725502461,1540.9671791939088,0,158.0
MAC-024,64,66.3568917722023,4.342586893634842,109.50399122169472,1520.3528041475479,0,127.0
MAC-024,65,69.11558041833207,3.7347103449541974,114.37817104893399,1529.6647384465134,0,145.0
MAC-024,66,63.681204073739316,4.621639137281956,110.73949505276933,1508.4592288068793,0,163.0
MAC-024,67,64.42308517174386,2.8090215309732853,110.12156478745645,1511.6423673239713,0,169.0
MAC-024,68,66.559422988204,3.473167412056116,117.8170217902666,1558.9746191424042,0,146.0
MAC-024,69,66.88691639892455,3.702180387406014,114.08357459590032,1500.5052404781368,0,241.0
MAC-024,70,65.05700698130688,3.3796552978026355,116.84963401811885,1582.4599870659074,0,234.0
MAC-024,71,66.32420899829698,2.814304457358719,111.57185114780049,1533.4547577885069,0,258.0
MAC-024,72,65.4992805768699,3.4444679690316757,114.60446082555703,1506.1549225426302,0,205.0
MAC-024,73,63.43474828097923,4.1327733526379085,108.29968595797322,1541.769171390863,0,180.0
MAC-024,74,62.58563817703725,4.692287473731921,109.50665250035209,1526.531607844949,0,150.0
MAC-024,75,65.98579224853017,3.527199555585505,114.09503191772887,1542.5120737714203,0,128.0
MAC-024,76,67.24579219135633,4.205623249822531,112.51894979335898,1528.0723038001458,0,212.0
MAC-024,77,70.02278284239942,4.284819065960698,108.76888383077129,1533.004702556329,0,242.0
MAC-024,78,64.65427944879298,3.7422074148744975,107.23052632383192,1522.7664745932989,0,227.0
MAC-024,79,68.9476772727372,4.099412682273804,100.92219507161505,1555.3394091309767,0,189.0
MAC-024,80,67.50382477216769,3.630231879682844,116.96431983128844,1513.816955064674,0,124.0
MAC-024,81,64.38405429381665,4.559147712170979,112.01935191302381,1493.610306041918,0,288.0
MAC-024,82,65.19795928078669,3.770580335378874,119.36984495923966,1531.291667724533,0,140.0
MAC-024,83,64.48140110346878,4.332402604451655,113.98195327487791,1516.0044856497036,0,168.0
MAC-024,84,67.6345608474326,3.9067054140944517,113.39263194576955,1534.563107109251,0,103.0
MAC-024,85,63.183228983516166,3.5460476437468835,113.39591512153628,1527.1116653805243,0,204.0
MAC-024,86,67.86942249198255,3.918577458199554,117.65252172555437,1531.1928463725349,0,284.0
MAC-024,87,67.43714269384161,4.00863841012263,113.44510453931466,1530.7392775018375,0,130.0
MAC-024,88,63.41568847376744,4.063332391904208,113.17697843969046,1520.9651000773938,0,230.0
MAC-024,89,67.53748926797351,3.184766518888652,111.26552263521019,1551.5593142566086,0,216.0
MAC-024,90,65.95561160818987,3.785945068009674,114.6330198281231,1534.5932227019946,0,294.0
MAC-024,91,62.29124063377752,3.6352435891620716,121.4606103849411,1517.8184565854745,0,189.0
MAC-024,92,64.68796369814069,3.5390641501814586,112.94292599578166,1519.342482654532,0,277.0
MAC-024,93,66.29804873066549,3.9085312379811854,117.24574018790744,1509.9861159572386,0,244.0
MAC-024,94,64.64388476058356,3.6970132160299847,115.65623666281533,1515.1405153368771,0,287.0
MAC-024,95,67.15587333486604,4.4030823270948565,108.43364037419444,1521.1874813831466,0,165.0
MAC-024,96,64.26070270976518,5.1260676341748015,111.22850158633292,1564.5574481241406,0,187.0
MAC-024,97,62.79130173613614,3.3150490487538704,109.94497945313135,1514.0911530520875,0,123.0
MAC-024,98,64.78876825803236,3.4554854304753033,109.28129414869949,1554.1743792104844,0,198.0
MAC-024,99,67.77215297137569,4.2845227810237105,115.99799689029399,1532.859800596609,0,259.0
MAC-024,100,64.33050434501754,3.3332957794585063,115.1929806295358,1507.532331430082,0,204.0
MAC-024,101,63.33672386799858,4.386331159938457,122.8812473209828,1538.8708420443475,0,118.0
MAC-024,102,67.53748003093865,3.6869503731140605,106.68963118193393,1543.2483716533895,0,165.0
MAC-024,103,66.46314437288949,3.845708808776174,112.16612482184681,1550.2491508526398,0,159.0
MAC-024,104,63.35309965949441,3.4229842423907235,108.33746957857022,1532.7043985337343,0,214.0
MAC-024,105,63.148779702130845,3.4677534415784304,109.84922430123636,1525.7927726343387,0,293.0
MAC-024,106,62.34981683354141,3.853477027854686,119.61452036569574,1533.7147667273532,0,114.0
MAC-024,107,68.40720801595201,4.476873624774515,117.26667734861164,1532.4986561337555,0,184.0
MAC-024,108,65.36956650284024,4.191774418017682,111.4196490648522,1493.3545242516686,0,262.0
MAC-024,109,66.30857383455528,3.244340216868567,108.56729597142044,1531.0094182409337,0,296.0
MAC-024,110,65.13431597124243,3.103836728678237,114.20545993303806,1550.327732498239,0,254.0
MAC-024,111,63.0678825858178,4.446116197260432,105.57714798672264,1573.351422168437,0,187.0
MAC-024,112,64.5020448653824,3.882683030249498,103.91783424994401,1529.7622179516318,0,106.0
MAC-024,113,65.78153008178575,3.766793479786305,110.56259672711049,1512.0736489104615,0,105.0
MAC-024,114,67.58561896542399,3.8252780993350273,121.08176399495622,1520.4752921851193,0,224.0
MAC-024,115,64.45497633960493,4.217671654134134,105.26312730235453,1506.7356720779594,0,132.0
MAC-024,116,67.51953566905568,3.223907567224455,104.28274703585961,1568.3754830424796,0,157.0
MAC-024,117,62.536930430600954,3.901934231000137,113.72342807599371,1474.7923729486563,0,276.0
MAC-024,118,64.78993168001375,4.034081156575607,115.14954901996666,1549.075352957088,0,244.0
MAC-024,119,64.5495830965385,4.166126752882133,109.93135677197199,1502.7955909527623,0,209.0
MAC-024,120,62.7291089749869,3.078819304238345,118.42593195182833,1500.7134690998466,0,141.0
MAC-024,121,65.87264340764797,3.676912434799836,112.8647592451192,1558.2770851850119,0,193.0
MAC-024,122,64.44771099191881,4.115675312610894,113.56581886927792,1527.9645611683638,0,299.0
MAC-024,123,69.9245039751223,3.0892036589783674,119.82366128955958,1544.1330705908174,0,267.0
MAC-024,124,64.3655157370858,4.624533790556859,104.13745155042967,1520.5696061350363,0,273.0
MAC-024,125,62.90760131781121,4.015916264271782,107.81268160643647,1539.6662182158443,0,298.0
MAC-024,126,64.95169289470626,3.57019756050801,115.3212383425389,1525.6325068022566,0,297.0
MAC-024,127,63.14729604023128,5.210561026653542,110.94216619722664,1486.6527576779777,0,295.0
MAC-024,128,63.640368346906584,3.176236187649687,117.50873019257493,1537.4379924728496,0,228.0
MAC-024,129,66.12199132993005,3.6248632989174303,111.98125087708775,1523.5863172088646,0,178.0
MAC-024,130,65.16217935807842,4.22754124951847,115.05837917489909,1541.0071958734352,0,194.0
MAC-024,131,66.32368354284777,4.252095750526921,114.81875232007363,1538.1819007345962,0,210.0
MAC-024,132,67.70217820873567,3.4773515728344964,109.09928921261482,1507.2865072972807,0,196.0
MAC-025,0,60.07756559103947,4.69569795069412,107.32792794843296,1498.9502484866764,0,144.0
MAC-025,1,59.0344254444291,4.083913550825657,106.92454160804265,1515.7175201692594,0,190.0
MAC-025,2,62.83674792204363,5.107100952560323,104.41735483865672,1518.8933312525555,0,267.0
MAC-025,3,62.830234503437396,4.485501465389037,108.39233582497371,1510.0454971169804,0,213.0
MAC-025,4,65.5031025196747,5.494889824685153,105.35854952727506,1495.770880988485,0,249.0
MAC-025,5,65.27633685063576,5.080999607568997,104.94932843416188,1464.3432578977142,0,257.0
MAC-025,6,60.647115447725305,4.392715809556603,105.08816413456995,1516.4948597693835,0,289.0
MAC-025,7,63.700620793103994,5.555247690586062,110.47704645635672,1478.115134737871,0,172.0
MAC-025,8,64.21812950354037,5.671892200578086,114.23910765310865,1479.8672240481255,0,272.0
MAC-025,9,61.775921140502625,5.285716722726393,100.02835210019498,1469.6261933559074,0,134.0
MAC-025,10,62.786025718000765,4.467434134388055,97.66281193293254,1528.7149018893415,0,141.0
MAC-025,11,62.486739660695484,4.544883680670177,101.00164684704356,1507.6158160011578,0,232.0
MAC-025,12,63.18894874231057,4.968196184343131,98.22550066166121,1513.6615343190313,0,126.0
MAC-025,13,63.54701336315352,4.6335278125902395,111.01811917775022,1487.0861451754429,0,297.0
MAC-025,14,64.73928391652153,4.871387690156729,103.33921990792285,1497.755523227675,0,289.0
MAC-025,15,64.15668411131945,4.923851022899094,109.04540390054342,1525.6178790887986,0,131.0
MAC-025,16,61.10616021259288,4.868879015981088,104.69778746642069,1524.4656525934172,0,235.0
MAC-025,17,61.3932035071184,4.829145730122343,117.29869027374329,1529.826818518952,0,202.0
MAC-025,18,60.08765812406868,5.256217901620416,109.26391370978882,1482.1117662775926,0,184.0
MAC-025,19,61.938002872880304,4.3313783173328,93.85705839540924,1501.2050625434356,0,245.0
MAC-025,20,61.145934085445134,4.254778655281601,105.77213593464364,1461.7122439211153,0,177.0
MAC-025,21,62.2406642231456,4.812928908496976,109.21376503410862,1472.0609083168663,0,242.0
MAC-025,22,66.43696285617617,5.683130960649847,101.95399342717661,1533.3192701476328,0,253.0
MAC-025,23,63.87225856994457,4.58551728504825,102.78580223884931,1493.5000013327178,0,280.0
MAC-025,24,67.81085209839827,5.485289562397108,104.80620279859295,1501.7960450336948,0,143.0
MAC-025,25,63.85301076582214,5.207051972182726,101.03568638109408,1510.0752657386952,0,131.0
MAC-025,26,61.053027287772814,4.8813297385994465,105.58000160230138,1524.4773824791657,0,127.0
MAC-025,27,61.62156050181063,4.864388590221845,96.42960809859062,1510.5975516173562,0,266.0
MAC-025,28,60.601070890257695,4.046662333020096,111.46563840593431,1503.289105684971,0,259.0
MAC-025,29,58.00379610498756,4.413418066912559,105.84507602518165,1504.8194758308466,0,176.0
MAC-025,30,61.159302966437856,3.1225818880250884,103.06050648553817,1525.545159328744,0,117.0
MAC-025,31,64.9629032734844,4.501484366229607,115.23673781635065,1471.7842713393275,0,202.0
MAC-025,32,60.538051307200405,5.250977909799441,109.49034329302198,1503.9321114643835,0,169.0
MAC-025,33,59.919862720298894,4.244330836142567,102.19164876171452,1482.5576657978895,0,218.0
MAC-025,34,62.41952064564133,4.75909617205767,100.01325811349105,1497.0268356876131,0,238.0
MAC-025,35,56.8592413818433,4.974840087603946,109.40369529240849,1485.8882907581506,0,259.0
MAC-025,36,60.58536239072881,4.934174216922034,106.35139796385349,1519.5868601559241,0,247.0
MAC-025,37,60.604755004332276,4.474951179305288,104.71657485072402,1482.8020505433833,0,196.0
MAC-025,38,61.67315623615173,4.2803432688110865,107.90791835584247,1485.4183739306825,0,267.0
MAC-025,39,62.66389983677956,5.533537966865426,107.96118815153986,1507.642214149508,0,235.0
MAC-025,40,59.43083432799433,5.499747114350459,111.3987083781009,1500.9975876938547,0,134.0
MAC-025,41,61.38988033267527,4.398239770598842,114.76695198658473,1519.8037845126153,0,168.0
MAC-025,42,60.641298761739385,5.354864673177443,112.51581064379334,1503.7002335359562,0,225.0
MAC-025,43,61.46941963711858,4.308688121522829,109.35720993912031,1495.582978262759,0,198.0
MAC-025,44,61.22126645148521,4.799465343120441,101.73003033939368,1534.6929590603534,0,177.0
MAC-025,45,64.09393792465565,4.843508519913115,101.56383420982243,1488.1793268870927,0,248.0
MAC-025,46,60.47539695111506,4.189881235012432,107.43349703670361,1491.2757378286567,0,210.0
MAC-025,47,60.75901201808725,4.3982613965921935,110.83796022214428,1488.9530030294354,0,251.0
MAC-025,48,64.69620331446275,4.661382953573982,99.59466332846324,1513.5098490843632,0,116.0
MAC-025,49,63.932666724374684,4.3762131962942075,106.13626984032445,1510.493749797283,0,245.0
MAC-025,50,62.34938204890573,4.5761577110592935,110.22816909009096,1499.102155846249,0,239.0
MAC-025,51,60.946754597238545,3.9226883947798648,97.04127779244733,1508.442570444815,0,243.0
MAC-025,52,62.00401452020751,5.248952357501221,111.47148897565495,1499.222421262974,0,103.0
MAC-025,53,64.05541413727973,4.524306791482523,105.07061801774404,1500.554794494268,0,261.0
MAC-025,54,65.31623943692681,4.1659867944682905,106.11575554872897,1490.2037914876928,0,191.0
MAC-025,55,61.56008439946597,4.634338562279982,106.1803869357278,1531.0628430904794,0,273.0
MAC-025,56,65.96211507847428,5.133515596817985,100.92440243460157,1500.631956922982,0,174.0
MAC-025,57,62.6793186056544,4.601768216773822,104.4346923870743,1502.7012819554516,0,258.0
MAC-025,58,63.702538686668774,5.0703206956430975,102.76923891556685,1515.981176446952,0,252.0
MAC-025,59,65.60683706312795,4.048755630772603,103.63341929530219,1493.8573888903622,0,202.0
MAC-025,60,62.31794764154299,3.893292262780703,112.62550364613128,1505.0603282809536,0,123.0
MAC-025,61,62.75438113887797,4.896388038058255,103.2374047582062,1518.097583145622,0,164.0
MAC-025,62,62.16857438314667,3.7628973802539454,105.2792490920588,1498.573046863099,0,216.0
MAC-025,63,63.55159771823637,6.155936392436258,107.70849366000562,1546.5204639900785,0,252.0
MAC-025,64,60.785661484836574,4.494167930526747,104.58789770772175,1512.6283358416922,0,255.0
MAC-025,65,60.87690904834575,3.9993066312237806,105.93534321040478,1481.2646136187586,0,263.0
MAC-025,66,64.38977234411729,5.127165003126862,102.02244350170675,1513.2403342953576,0,181.0
MAC-025,67,61.06179722023681,4.779133781152371,105.61170999264377,1497.4118825445942,0,105.0
MAC-025,68,63.81947409952942,4.245647996346689,108.50494787150502,1510.2150754100776,0,165.0
MAC-025,69,59.348965401133256,4.40801928951532,100.35067112479257,1496.7959594216286,0,166.0
MAC-025,70,62.254967258889685,4.341036620887911,110.6657102971254,1525.2801444137879,0,171.0
MAC-025,71,64.62695359832193,3.4462072530012584,115.56090843813416,1507.445580445004,0,194.0
MAC-025,72,62.25271337107332,4.754292936174498,99.21382376492383,1511.3196549083343,0,147.0
MAC-025,73,65.38200303733213,4.882241756551119,100.24458390204865,1473.6183590023925,0,169.0
MAC-025,74,61.57006686797728,4.433216436686488,109.33294123778757,1531.5328678469566,0,177.0
MAC-025,75,63.09741731694333,4.762683767764649,105.15740914090175,1505.546164700221,0,166.0
MAC-025,76,59.83823307961069,5.106362478995366,100.41598131517169,1526.447869418108,0,275.0
MAC-025,77,61.43162009551566,5.220634398342568,98.45372068909039,1520.5996853298072,0,164.0
MAC-025,78,64.88316908377324,4.16444111841617,105.25254922072716,1510.8222158167157,0,271.0
MAC-025,79,62.92585006468484,4.635453305832917,103.24089067508481,1509.1897519526444,0,162.0
MAC-025,80,62.863222199626684,4.491527391350153,101.69485747355529,1528.3520074702158,0,145.0
MAC-025,81,62.37345185586952,3.6693775889417055,111.90762255976716,1492.1816319674647,0,246.0
MAC-025,82,62.29159499031926,4.992661987508589,98.40165005669999,1498.348442883896,0,291.0
MAC-025,83,64.79326252912745,5.34990954594227,104.36827103358895,1518.4411688695793,0,172.0
MAC-025,84,63.85316425037894,5.203480569354469,100.08994013059163,1536.94749843908,0,170.0
MAC-025,85,61.23042902514797,4.859898269319347,104.06366325609966,1508.7197156040775,0,209.0
MAC-025,86,60.429585556537546,4.692668384678338,106.73385316143477,1528.617472599334,0,277.0
MAC-025,87,64.36597130247357,5.382506357331069,110.16332847431673,1541.0580002851902,0,162.0
MAC-025,88,61.577832538825064,4.726345757796597,104.82535254886163,1502.9018778543332,0,140.0
MAC-025,89,59.28567292142903,4.93761024207507,108.30034239026456,1498.9763574279234,0,106.0
MAC-025,90,58.64343307031377,4.81594513362929,99.34653349993474,1512.6707147693683,0,236.0
MAC-025,91,62.3967376122011,4.913915911288561,100.5148839018447,1529.3561683447251,0,103.0
MAC-025,92,62.49853273620807,4.348111187202841,108.71827551230047,1506.0792007561647,0,188.0
MAC-025,93,65.83194835701781,4.528792618864067,99.58240007729549,1509.9114272531701,0,276.0
MAC-025,94,64.1825660827328,5.966714369152557,122.91312816485139,1473.0835239164937,0,233.0
MAC-025,95,61.88763907317808,4.183123476262718,104.5831483311032,1553.6693678800407,0,181.0
MAC-025,96,60.51869168863535,4.7942541760234905,102.91576061770381,1484.0585779363917,0,120.0
MAC-025,97,65.74369434914603,4.0356011620352366,105.40749857640218,1505.8837571847537,0,242.0
MAC-025,98,62.09201456699831,4.647375427075937,113.89178185259414,1461.8868694020175,0,227.0
MAC-025,99,63.03101783209883,5.045729514186219,107.25501608001314,1487.5076159004745,0,294.0
MAC-025,100,64.56817649576134,5.382719962540352,101.4896234819763,1480.1668351960673,0,293.0
MAC-025,101,59.37590907911199,4.917932428932509,106.05397746494658,1496.9023346726538,0,283.0
MAC-025,102,66.32074894452462,4.57468766526271,106.75756671624413,1500.2383818059814,0,204.0
MAC-025,103,66.08435041478161,3.8103961926278354,104.27051744148362,1516.4096027961718,0,203.0
MAC-025,104,61.713337888803736,4.153063538851187,106.70305243753427,1471.6980222449827,0,167.0
MAC-025,105,63.49858402564304,4.598598388478058,102.91270747651674,1525.047616338758,0,259.0
MAC-025,106,60.15166594225598,4.03399656983303,101.26765432084325,1545.06450616976,0,293.0
MAC-025,107,60.15073917951865,4.987991532629496,110.03683368757916,1485.3294943416565,0,209.0
MAC-025,108,60.28120534740521,4.895309165418205,106.94667835501016,1531.0768347503367,0,256.0
MAC-025,109,60.61965149562878,4.616603091890192,120.01204904632627,1468.2719883855848,0,165.0
MAC-025,110,58.16273805748833,4.113709360135127,111.32809480622647,1495.3587943874352,0,261.0
MAC-025,111,61.28082088927033,4.322618512970361,110.41215879086594,1476.7734179092702,0,126.0
MAC-025,112,60.99511043847043,4.342408632593578,92.45870327699924,1494.559714053786,0,159.0
MAC-025,113,62.03975612283863,4.417468923252151,104.47869214197321,1499.2719709240082,0,217.0
MAC-025,114,61.89206299253107,4.278205600282996,100.26261942374362,1505.0634230552776,0,266.0
MAC-025,115,59.205939068852935,4.698167332394283,113.99752038609144,1503.3480233003413,0,143.0
MAC-025,116,58.504980869119635,4.895138955342147,109.91251909915962,1488.2181517440033,0,135.0
MAC-025,117,61.56020778854716,4.366385458398486,103.50915898509766,1490.81356670039,0,118.0
MAC-025,118,63.029451381742504,5.6343610282458005,106.10614451855595,1473.289641468322,0,190.0
MAC-025,119,67.21698094886786,5.09667915381361,109.75241946332511,1502.8499700272355,0,144.0
MAC-025,120,62.623572693811624,4.6343169135002205,110.33854681251889,1494.5764264673253,0,248.0
MAC-025,121,63.13686318557356,5.289931706169937,112.04974169689027,1524.7633469736727,0,250.0
MAC-025,122,60.11091678813999,5.59160293959284,109.1413620572078,1510.2363587065172,0,254.0
MAC-025,123,62.99986786032382,4.72603490068638,103.48695795058178,1496.7543887911684,0,197.0
MAC-025,124,64.73436892153894,4.845755771766356,107.228656693649,1505.3273325528344,0,299.0
MAC-025,125,60.822264483676264,3.7318193818579966,109.66366783901887,1517.3800460372352,0,118.0
MAC-025,126,62.135202570662955,4.26011099337621,114.92416166970612,1497.3014549442548,0,140.0
MAC-025,127,62.65461734766472,4.45365568297739,99.07147408637131,1515.9171522436786,0,125.0
MAC-025,128,59.156497216809456,4.919749061957852,106.97978335098645,1481.7292289412326,0,127.0
MAC-025,129,59.565280306312246,4.420011995912854,102.68226467131662,1473.5298034710472,0,163.0
MAC-025,130,59.907831931516405,4.843182400762649,115.76818386693533,1524.2774535860028,0,167.0
MAC-025,131,62.479153871666355,5.369400781605465,111.59738448816897,1498.0248941795962,0,179.0
MAC-025,132,62.67390602231496,5.294178795799647,111.39242992074533,1526.6059452465418,0,150.0
MAC-025,133,60.1040928702513,5.392755634571693,115.11045181568043,1533.9930480314695,0,201.0
MAC-025,134,59.98707024485561,4.136741694759613,108.14619568147359,1533.6211724386187,0,275.0
MAC-025,135,62.61045031349327,4.687740931863737,105.36912226838305,1524.534337033122,0,109.0
MAC-025,136,61.51489918503435,5.045707176308053,105.16825176143257,1486.3577333208814,0,266.0
MAC-025,137,60.224732113098135,5.067884505036388,92.29304910553016,1513.7097477108516,0,199.0
MAC-025,138,61.81687442905114,5.278271412899512,108.82738825810635,1505.0169115503033,0,221.0
MAC-025,139,60.02338512794097,4.298612000149254,102.5952420037332,1521.4963779520508,0,246.0
MAC-025,140,65.69552459076961,4.970175429883744,102.87397257446787,1494.4240102273086,0,163.0
MAC-025,141,61.28009687797186,5.3252871051620385,103.52713742906634,1503.2507565020885,0,223.0
MAC-025,142,64.8477114418596,4.521491002215571,108.60537012815581,1522.1335920898962,0,118.0
MAC-025,143,62.28499829519216,5.782288748336993,114.14733336716691,1509.3864346942946,0,175.0
MAC-025,144,60.550480627547046,4.426950541922062,106.88327322224386,1482.3238820533547,0,161.0
MAC-025,145,62.69599826995806,5.649277619748188,106.13250111191319,1503.7455375930847,0,240.0
MAC-026,0,73.16384414753537,4.943357650296548,105.68048543635095,1493.8534528126152,0,241.0
MAC-026,1,76.51638140454175,4.907686323616641,105.66165862744603,1444.2263499742037,0,211.0
MAC-026,2,75.2014837764537,4.7989934894514565,98.09457735106606,1446.2051340358116,0,173.0
MAC-026,3,75.98183851538785,4.48491788344412,103.86279523526287,1465.1199717467828,0,164.0
MAC-026,4,75.77734050097332,5.359497674042228,97.89852997313206,1480.0343942244053,0,168.0
MAC-026,5,75.0256062748625,4.911196547438787,104.2896960828739,1460.1110957978806,0,166.0
MAC-026,6,72.80231166671459,4.892815352781447,93.61078039192505,1489.0893432234286,0,276.0
MAC-026,7,74.84069280254609,5.074157856521978,104.21402427524995,1447.9157222740037,0,149.0
MAC-026,8,72.9955545727805,4.129003906195294,104.70177005565313,1461.7238643956528,0,157.0
MAC-026,9,75.19395067040283,4.435289423278101,102.87111705929193,1438.7269541278624,0,152.0
MAC-026,10,72.715408347913,4.3555101403802725,99.63828584748552,1476.4680747183263,0,190.0
MAC-026,11,71.34699360684928,4.4776570687078685,103.96666939747459,1486.8947122513644,0,214.0
MAC-026,12,72.86218525049982,3.936213669578118,104.4199307739562,1450.4811823041293,0,217.0
MAC-026,13,73.63545753639035,4.7129864701003035,105.11415851906406,1461.9248214874522,0,156.0
MAC-026,14,74.68050703109816,5.152575259343336,101.79191366008547,1448.0464397940898,0,185.0
MAC-026,15,75.50483710684317,3.8639077117292717,103.88371393198966,1441.1196434591855,0,117.0
MAC-026,16,71.41708292078089,4.706764763182045,98.51357494729513,1414.8943363220778,0,115.0
MAC-026,17,72.33477380449142,5.3389981818030945,98.0214601393927,1453.643389796114,0,229.0
MAC-026,18,71.90879656736932,5.5446368218271225,101.15162152612652,1433.502946472653,0,112.0
MAC-026,19,75.84724234241364,5.519272219226245,98.7636407300975,1433.1031268244672,0,272.0
MAC-026,20,78.66737504676395,4.432833501321431,99.62192546484893,1404.296419086564,0,179.0
MAC-026,21,74.009726214372,3.816199604261675,98.0044718980232,1406.8979894181944,0,299.0
MAC-026,22,76.54735069339837,3.7608671469300643,91.10118427068598,1429.0196781843235,0,142.0
MAC-026,23,76.57172663546218,4.271675973434132,99.24864340898621,1456.7529993032626,0,299.0
MAC-026,24,73.7737373794255,5.113151933805321,99.60678664561104,1442.7190571967094,0,153.0
MAC-026,25,78.60544027031871,4.521755222803215,101.95779069259648,1442.975507543492,0,258.0
MAC-026,26,69.22058474008271,4.930607695670734,109.10760017080338,1472.298328433493,0,236.0
MAC-026,27,72.96089049402917,4.407568911290706,102.55087362303766,1453.4627289939838,0,172.0
MAC-026,28,75.43899321654796,4.595703200649412,98.99829821694526,1449.922934267432,0,147.0
MAC-026,29,76.07462419923975,5.9523117552748275,98.3102313263082,1451.7081133411582,0,117.0
MAC-026,30,73.35049124609999,4.647948328383771,105.6832006777046,1443.0215473804708,0,110.0
MAC-026,31,69.9849890316221,5.00845938487667,101.45703302131064,1440.34338154537,0,289.0
MAC-026,32,72.94647865142893,4.649774929423671,97.32557213085056,1435.6038812974382,0,183.0
MAC-026,33,71.57981642944856,4.152990963105612,103.95925627795168,1419.560620915468,0,118.0
MAC-026,34,76.38118838932095,3.904695896781216,101.55461655280912,1456.8829982467055,0,199.0
MAC-026,35,75.72633760985633,4.906618487442655,100.38480319888563,1443.752989313711,0,215.0
MAC-026,36,75.27012236564038,4.633186174870953,99.07583036840886,1454.603473264049,0,189.0
MAC-026,37,73.74279799952491,4.19390481887069,98.9132348815041,1456.9123987316623,0,173.0
MAC-026,38,72.22087847253437,5.047340369941736,98.01856955194472,1401.9861786165573,0,123.0
MAC-026,39,75.18213833678634,3.143442329794129,95.74534216487734,1495.6331505531016,0,112.0
MAC-026,40,76.19703994146488,4.982860402478444,95.21084106371826,1443.451412173414,0,224.0
MAC-026,41,76.55991360641137,4.813991310258907,106.48422220865962,1482.8147247190295,0,215.0
MAC-026,42,75.39727345405672,3.878830582151041,103.79684687166467,1442.4734054374592,0,273.0
MAC-026,43,71.49533403746322,4.941451406989492,106.8153017086324,1445.3060310231726,0,280.0
MAC-026,44,74.71800600717785,3.4578380480442372,106.4238030255071,1463.049248889236,0,256.0
MAC-026,45,74.57750153089692,3.8679477351093925,92.58306527757838,1487.7155303669022,0,263.0
MAC-026,46,72.07791267808349,4.561264594346291,95.96147579506643,1401.405848321589,0,170.0
MAC-026,47,74.97306770196492,4.796102822618121,92.46095237192702,1469.349726503566,0,225.0
MAC-026,48,73.02385024607999,3.952877319369213,95.0640308320233,1464.608546056619,0,244.0
MAC-026,49,70.22957756237182,3.8730865095050033,102.96293568950485,1453.157572925165,0,275.0
MAC-027,0,73.23817349756743,2.7847219906954854,105.69954481362451,1428.2021516058653,0,146.0
MAC-027,1,69.35888073344327,2.5083900437567133,105.73376620433578,1451.450231696084,0,144.99310344827586
MAC-027,2,72.63376445510141,3.1835340043996374,110.20721363828233,1451.8886348965623,0,143.98620689655172
MAC-027,3,76.92353285425743,3.098795024429041,106.90255562973492,1411.2837797131347,0,142.97931034482758
MAC-027,4,74.05323789676743,2.9447764070071654,112.25359583452808,1431.5967751056537,0,141.97241379310344
MAC-027,5,75.85595302535889,3.8256815152295154,119.00528384679261,1424.3139836104024,0,140.9655172413793
MAC-027,6,77.00826448723004,3.0544561429367896,115.82145260976161,1441.6810358720693,0,139.95862068965516
MAC-027,7,76.96315518569457,3.3115677307921243,106.76010632394687,1391.1904209575443,0,138.95172413793102
MAC-027,8,75.00323513213624,4.06528565666342,108.75815208913573,1433.4136584103564,0,137.94482758620688
MAC-027,9,76.90819864958618,3.1911828504177078,117.0945802356085,1358.1680487978465,0,136.93793103448274
MAC-027,10,72.91178159244183,2.9094563880445303,106.61976038572874,1421.6966596974758,0,135.93103448275863
MAC-027,11,76.07434405739583,3.5985143976537293,113.90422242278291,1394.5994462771464,0,134.9241379310345
MAC-027,12,73.19490261904326,3.6339255279126226,107.97813403594309,1380.8221737390013,0,133.91724137931035
MAC-027,13,77.71092962311073,4.167563215502306,119.12057830472337,1414.6019660621564,0,132.91034482758621
MAC-027,14,77.15709154734343,4.189192949274578,108.33317435816771,1431.7055023000453,0,131.90344827586208
MAC-027,15,76.5930061250539,3.9953612391073836,112.67619786471934,1434.0472198002249,0,130.89655172413794
MAC-027,16,76.62624748322042,2.8307624585448457,119.21084537396807,1387.8016077721238,0,129.8896551724138
MAC-027,17,78.82230267999505,3.5618771229008592,118.03674659043779,1428.077731875203,0,128.88275862068966
MAC-027,18,77.31345850950783,3.8955127977770516,114.47531420246688,1363.7360014385474,0,127.87586206896552
MAC-027,19,76.82681930004334,3.1174596262700036,113.42358628728716,1379.783782622806,0,126.86896551724138
MAC-027,20,74.35724128116465,4.512205540525368,118.12036696123458,1401.1899188378886,0,125.86206896551724
MAC-027,21,77.23366876548472,3.620026852119379,115.82799135256606,1386.381820192097,0,124.8551724137931
MAC-027,22,78.98859829209245,3.651688019826294,111.08485394556708,1398.9673048790712,0,123.84827586206896
MAC-027,23,75.95581040787516,3.976819190424056,110.70275543021101,1406.5336535520526,0,122.84137931034482
MAC-027,24,79.70710344691922,3.4870637476141937,112.94217054235696,1405.0199327426856,0,121.83448275862068
MAC-027,25,76.5403619605033,4.113131446774078,116.57752158414631,1416.0886909941646,0,120.82758620689656
MAC-027,26,76.33708287966616,3.4438301215879745,112.46811978512369,1373.698545663638,0,119.82068965517242
MAC-027,27,78.81504568130083,3.368588666957472,125.87656827626064,1417.6022866723563,0,118.81379310344828
MAC-027,28,77.84818711377635,4.417408138887131,106.23295631549803,1440.7813330551737,0,117.80689655172414
MAC-027,29,76.77959265154459,3.9577087607809296,105.3427786531646,1398.669749508302,0,116.8
MAC-027,30,75.88431986316121,4.10303192385609,112.10655237653889,1366.0192617011785,0,115.79310344827586
MAC-027,31,76.62527147516006,4.199344635458301,108.62594912887226,1371.2280439656151,0,114.78620689655173
MAC-027,32,79.69752754258411,5.421937131195163,117.6268275430362,1366.4891815288424,0,113.77931034482759
MAC-027,33,77.7737387412804,4.170738272176761,113.69723814414743,1401.5257146934282,0,112.77241379310345
MAC-027,34,79.07990034882333,4.643116536897873,114.07762339789261,1408.604692739416,0,111.76551724137931
MAC-027,35,78.44896851560165,3.7378419852164075,126.74192370664666,1344.22527039207,0,110.75862068965517
MAC-027,36,77.44144853492476,3.944169569212672,128.60233261877318,1415.492140000524,0,109.75172413793103
MAC-027,37,82.04376857418887,4.1266007392821695,128.39717072475403,1385.3521393807143,0,108.7448275862069
MAC-027,38,81.14742532888059,4.416024336365904,116.22442730098369,1371.5796628116686,0,107.73793103448276
MAC-027,39,78.91060490280589,4.664669045494306,118.51323860353168,1374.6159458724242,0,106.73103448275862
MAC-027,40,82.48591917641177,2.911293262127367,119.4321553013155,1388.2302843959785,0,105.72413793103448
MAC-027,41,81.89778322889427,4.396480651313517,118.12779885068412,1392.2246149153948,0,104.71724137931034
MAC-027,42,82.72317660231415,4.31289495459328,118.62855688145692,1404.707263522377,0,103.7103448275862
MAC-027,43,75.62977594336596,4.152403222617837,124.82833731088873,1391.616677893869,0,102.70344827586206
MAC-027,44,81.05970681834691,4.307357661313035,113.29554437500161,1356.571745823157,0,101.69655172413793
MAC-027,45,83.24781913950076,4.2516813286323885,118.4172311431818,1351.952042297071,0,100.6896551724138
MAC-027,46,81.9743370594313,4.330786108379307,117.62762632326623,1331.9886895197508,0,99.68275862068965
MAC-027,47,77.19903882819322,4.638232420555745,111.69528945010428,1406.3882019535986,0,98.67586206896551
MAC-027,48,76.43971537774847,4.268554749905406,118.61005901448564,1355.6139473972944,0,97.66896551724138
MAC-027,49,78.49145699001498,4.22392505483229,113.77876374270649,1355.8123092431101,0,96.66206896551725
MAC-027,50,84.74059238374754,4.7761041982014945,124.8520160291951,1370.3164070423754,0,95.65517241379311
MAC-027,51,83.20144530204699,3.3713999739680625,117.62070292857112,1384.9497255751285,0,94.64827586206897
MAC-027,52,79.96723516195375,5.686865283042128,126.76792325520587,1348.0545397758663,0,93.64137931034483
MAC-027,53,80.24136607072958,4.333072354772552,116.40598077910288,1331.4155098013384,0,92.63448275862069
MAC-027,54,82.24230177105817,4.146098604619036,122.77809647142776,1367.2590020090233,0,91.62758620689655
MAC-027,55,78.19925690119416,5.683277729798888,122.53295731460756,1368.321525486217,0,90.62068965517241
MAC-027,56,80.14132160984633,5.253804561213744,125.80235754319656,1349.9855340635274,0,89.61379310344827
MAC-027,57,85.79948323279847,4.998893894776119,126.07979874890341,1356.4480151750954,0,88.60689655172413
MAC-027,58,83.10366768138533,4.1754420188447305,122.43661788977265,1334.5184739910783,0,87.6
MAC-027,59,80.37681430548608,5.917406320237571,119.71797741043888,1327.782076383015,0,86.59310344827585
MAC-027,60,81.48833396219356,4.42937618888609,128.16173044378678,1332.564635105496,0,85.58620689655172
MAC-027,61,83.40218338766853,5.7919012357946755,118.69702414878657,1355.7488356205836,0,84.57931034482758
MAC-027,62,80.42039771134219,6.370979238588821,126.08516767999811,1339.886395186213,0,83.57241379310345
MAC-027,63,81.07188866074299,5.125342752954632,119.90882784721221,1381.4275520277208,0,82.56551724137931
MAC-027,64,80.30347297946096,5.283988316362012,121.72253557785605,1338.6505919271344,0,81.55862068965517
MAC-027,65,82.67429541538395,5.192798774999135,126.3850356947399,1351.808623850182,0,80.55172413793103
MAC-027,66,83.86633824937607,3.768086074329208,123.72415918595,1305.146284703233,0,79.54482758620689
MAC-027,67,84.45814165427201,6.056576014529565,117.79946870424622,1331.6535944460818,0,78.53793103448275
MAC-027,68,82.10377621926423,5.971289793965173,123.11128314560415,1370.085933490564,0,77.53103448275861
MAC-027,69,84.26698233663487,5.509045571747149,123.18265708431275,1350.5093248506855,0,76.52413793103449
MAC-027,70,80.10108783561927,5.46473903453196,122.69687040471355,1347.2879963949954,0,75.51724137931035
MAC-027,71,83.33804332173173,4.9369464150328355,123.28933545000665,1309.7529462607745,0,74.51034482758621
MAC-027,72,79.99990840967472,5.854121448199383,126.35336939093631,1339.3817127043144,0,73.50344827586207
MAC-027,73,86.59327598011116,5.19229083764714,116.50797026566147,1327.2694352745834,0,72.49655172413793
MAC-027,74,83.42940483817758,5.137905499756534,123.46977466413355,1315.0680648729538,0,71.48965517241379
MAC-027,75,80.58938117224561,5.372711588087154,118.39262405010805,1330.5632662155656,0,70.48275862068965
MAC-027,76,83.08630852384782,6.183362245897026,132.29930967202145,1338.1480692298865,0,69.47586206896551
MAC-027,77,81.43331197773236,6.414391083608486,132.36406103960576,1323.5663889821085,0,68.46896551724137
MAC-027,78,87.31820296373992,5.420202090488091,115.35970856554377,1306.6150269698194,0,67.46206896551725
MAC-027,79,88.26793867652825,4.9847462730481595,124.89402410150399,1321.1337305953568,0,66.45517241379311
MAC-027,80,83.92037475787296,5.542772010277805,125.46314281508232,1307.8377428761592,0,65.44827586206897
MAC-027,81,82.23919255284258,5.906295357010556,130.67420950818098,1335.1025770742237,0,64.44137931034483
MAC-027,82,83.60082491376869,5.207412003192456,124.091916637237,1347.69709388337,0,63.43448275862069
MAC-027,83,86.64847830783727,6.2192548746208764,130.16762025899317,1323.3867319241297,0,62.42758620689655
MAC-027,84,85.73548554651519,6.23267255989021,123.1929844310304,1285.312277432733,0,61.42068965517241
MAC-027,85,87.07724862190655,6.554634739783304,120.53813470739513,1328.6701042946788,0,60.41379310344827
MAC-027,86,89.12977248080415,5.968889161372597,122.24476293252135,1313.3221851031972,0,59.40689655172413
MAC-027,87,84.80415941899622,5.695893782615421,128.70617364464258,1277.4173591183655,0,58.400000000000006
MAC-027,88,83.15435581178303,6.04815085312306,126.6341900657775,1314.9931771460635,0,57.393103448275866
MAC-027,89,89.92965073510412,6.125009006316465,129.94207296406844,1287.2415638792734,0,56.38620689655173
MAC-027,90,87.85206158654029,5.843803131065682,127.51379582735473,1303.2053870764844,0,55.37931034482759
MAC-027,91,88.51912103070514,5.486256861775987,115.94597794342886,1299.7438426224105,0,54.37241379310345
MAC-027,92,87.52722137605718,6.251626402209702,133.7286717556284,1311.3900870340635,0,53.36551724137931
MAC-027,93,85.59944849989708,5.047028212578577,126.58656884963754,1321.8319505819277,0,52.35862068965517
MAC-027,94,86.08003589965244,6.258144996829765,130.08541074420197,1279.5970600380767,0,51.35172413793103
MAC-027,95,88.24758955963416,7.096792335334202,127.32002216525619,1275.9517560727284,0,50.34482758620689
MAC-027,96,87.00490201368244,5.20028596137138,130.0740846966611,1306.2086690486474,0,49.33793103448275
MAC-027,97,90.62636295678737,6.249727194734968,130.63747451956516,1278.5675564342591,0,48.331034482758625
MAC-027,98,86.69922242941597,5.618378448029647,127.82657917447143,1288.3172723979071,0,47.324137931034485
MAC-027,99,88.14746250401377,6.103419301536893,129.42273348781785,1286.3859913424267,0,46.317241379310346
MAC-027,100,87.02305049660683,6.4896454800271925,129.41410089658226,1306.907210221914,0,45.310344827586206
MAC-027,101,87.58174950631604,6.308768217826642,128.51292841161586,1276.0205840903627,0,44.30344827586207
MAC-027,102,87.24019968881223,7.533536824267225,125.05905128562746,1283.3708767358976,0,43.29655172413793
MAC-027,103,87.32203085077604,6.428618236950875,128.17172799676962,1293.1589424242054,0,42.28965517241379
MAC-027,104,84.81364427590171,7.105036354681543,133.19631799142735,1261.346845664824,0,41.28275862068965
MAC-027,105,83.83282623415036,6.1321611206873055,129.02555113813554,1336.4402523462036,0,40.27586206896551
MAC-027,106,89.59448101137357,5.751148944509743,126.99608537282126,1282.4003026332298,0,39.268965517241384
MAC-027,107,89.15232049139108,6.031815914287726,129.97489120949547,1267.74190559278,0,38.262068965517244
MAC-027,108,86.57442255896012,6.853234743134881,134.72470766864967,1297.5456508705247,0,37.255172413793105
MAC-027,109,90.06769868780236,6.508998728557739,134.63355006080786,1285.5360510796793,0,36.248275862068965
MAC-027,110,89.3237960528085,6.486083509619435,128.7819000688375,1279.462838026386,0,35.241379310344826
MAC-027,111,94.07264752224535,6.976797885858496,128.4158176463485,1259.9674473908076,0,34.234482758620686
MAC-027,112,88.3463516643318,7.9490699449298,129.6809563799249,1293.3827839687035,0,33.22758620689655
MAC-027,113,88.71501470007135,7.025262067137547,135.84144543175313,1262.4374532666006,0,32.22068965517241
MAC-027,114,88.32163418407839,7.758351219067864,137.0111629882433,1288.3190936229148,0,31.213793103448268
MAC-027,115,91.31539637999961,7.192950691338197,142.38255703169446,1272.013950272945,0,30.206896551724142
MAC-027,116,91.03235482952549,6.271953058228124,128.37435398491772,1245.7495412250023,0,29.200000000000003
MAC-027,117,92.56294356352582,5.755386021857221,130.6930867561651,1208.5219261547923,0,28.193103448275863
MAC-027,118,88.48922690689959,6.820428198344128,139.83447179095373,1274.958753978735,0,27.186206896551724
MAC-027,119,88.62250595257531,7.633131108418441,133.20475704668706,1266.4076693547522,0,26.179310344827584
MAC-027,120,88.02043228505913,6.6393889669434225,129.1955887263655,1265.2156946299924,0,25.172413793103445
MAC-027,121,90.71853305593432,7.94068873099948,135.45183051783707,1208.765292279768,0,24.165517241379305
MAC-027,122,91.2250318790862,6.477880796496159,128.902179507145,1245.3033537049848,0,23.158620689655166
MAC-027,123,89.5100575576881,6.549560853902239,134.9549235995189,1231.9608344239934,0,22.151724137931026
MAC-027,124,91.68705572058225,8.38986766379567,127.49619773964194,1253.1168110253298,1,21.1448275862069
MAC-027,125,86.06379208242748,7.155161054122255,137.56205824952448,1271.8499387255608,0,20.13793103448276
MAC-027,126,91.40242056939047,7.784506988329275,147.28422461813582,1290.3133848334687,1,19.131034482758622
MAC-027,127,90.33963755137287,6.648569858058884,132.72867430760763,1235.7577727586713,0,18.124137931034483
MAC-027,128,92.42436080729128,6.81777165691997,134.60079867957973,1270.0878461480459,0,17.117241379310343
MAC-027,129,91.45726026729751,6.969458090603286,141.04446058251472,1214.3780831485444,0,16.110344827586204
MAC-027,130,91.14004820254681,7.456031565628983,135.4554130386392,1254.197760151484,0,15.103448275862064
MAC-027,131,93.15350425529058,7.493404433139441,133.7410577879774,1241.0661891230297,0,14.096551724137925
MAC-027,132,90.84657931296475,7.939126390168015,132.55418625336804,1264.7835351826898,0,13.089655172413785
MAC-027,133,92.24459538293107,7.3189738999189835,139.0843441815261,1231.9291714943643,0,12.082758620689646
MAC-027,134,93.61995160123762,7.720210939285406,133.2161641094006,1255.681083281819,0,11.075862068965506
MAC-027,135,93.57374927252833,8.226854256936958,141.2340020689615,1253.5640043759547,1,10.068965517241367
MAC-027,136,90.36237422010338,8.906634523461474,129.59066540361076,1261.3539244333767,1,9.062068965517227
MAC-027,137,93.61711005766338,7.129516418476353,136.1927212166321,1239.4237402091392,0,8.055172413793088
MAC-027,138,95.50269415688169,7.39417872991927,135.70998033095762,1192.907542819908,1,7.0482758620689765
MAC-027,139,96.49804061287766,7.249846633891806,138.85973913633006,1236.2309153121976,1,6.041379310344837
MAC-027,140,92.96949939443368,8.224258323179747,145.78697656870716,1241.9190822917758,1,5.0344827586206975
MAC-027,141,94.61264366463126,8.018019674450294,142.72380083889692,1226.2610182895107,1,4.027586206896558
MAC-027,142,95.59025503957292,8.443070414252931,143.25430821471312,1220.9465255188093,1,3.0206896551724185
MAC-027,143,93.23978496363557,8.041800551161923,131.19289239920832,1264.6780240135604,1,2.013793103448279
MAC-027,144,93.68889346647546,8.098277575916532,135.36755987677213,1204.872205650801,1,1.0068965517241395
MAC-027,145,92.64237306390014,8.10016230127343,141.82520559123142,1233.2757246364974,1,0.0
MAC-028,0,79.0190378166953,1.758492952446201,119.44306016830829,1533.0325050550282,0,130.0
MAC-028,1,76.33807341678363,0.9637361175973369,114.46452193751293,1567.4354455738587,0,128.9922480620155
MAC-028,2,77.96263550767257,2.159256100682612,110.22566464411946,1548.5318311952306,0,127.98449612403101
MAC-028,3,75.64548794007413,1.699671014308744,114.87398706507747,1545.3429482868046,0,126.97674418604652
MAC-028,4,77.48071701958932,2.7891653721815883,126.41948068850601,1518.8021830557977,0,125.96899224806202
MAC-028,5,77.69109606516112,2.2438201726957208,114.21265440989568,1507.6946942778281,0,124.96124031007751
MAC-028,6,77.60198887714003,2.4052570152378463,120.97799707341508,1529.4483119152878,0,123.95348837209302
MAC-028,7,76.45219024470498,3.532970415227479,122.64219871576208,1517.4656106008144,0,122.94573643410853
MAC-028,8,79.04265785674939,2.085100696777542,121.84763190603215,1535.4516079926477,0,121.93798449612403
MAC-028,9,79.49374443736987,1.9205165437152976,137.09018560907717,1549.5352689965925,0,120.93023255813954
MAC-028,10,82.61072724966085,2.4595779942896856,123.40945036866604,1525.089957296532,0,119.92248062015504
MAC-028,11,77.60544489029017,3.004901992564079,117.9880025102363,1536.7873265558094,0,118.91472868217055
MAC-028,12,77.85722699006566,2.864072959042451,129.9451888821683,1518.6235750092897,0,117.90697674418604
MAC-028,13,80.56770332217147,2.448568567977764,116.96112767112102,1552.979967346896,0,116.89922480620154
MAC-028,14,80.65652020909732,2.674271860543039,126.5806100950443,1497.879023649368,0,115.89147286821705
MAC-028,15,80.19942714787146,2.888446186009717,126.58205677852187,1549.503079054627,0,114.88372093023256
MAC-028,16,82.3652862454353,2.123985612165858,113.58387235180079,1520.044198874336,0,113.87596899224806
MAC-028,17,79.96131646065403,2.2887871224843184,118.98702441948983,1498.1844710722976,0,112.86821705426357
MAC-028,18,82.44654385293511,2.659080121814358,116.50224419185093,1510.7644441140312,0,111.86046511627907
MAC-028,19,79.92487578278406,2.4177327763413,127.20435692418562,1533.2593963279267,0,110.85271317829458
MAC-028,20,79.37342864522012,2.220296238899022,123.1144563779352,1515.0096191963419,0,109.84496124031008
MAC-028,21,75.92220612229185,3.251471394805251,122.83896317844811,1508.3120414627451,0,108.83720930232559
MAC-028,22,79.81262508335713,2.672454560654361,124.38976247187816,1495.7208256596396,0,107.82945736434108
MAC-028,23,79.83055534172216,2.6474269886016417,127.85936481189322,1529.0967401832165,0,106.82170542635659
MAC-028,24,78.95300840081624,3.067690009324785,119.93028945282471,1510.5829815845748,0,105.81395348837209
MAC-028,25,81.30189567345825,2.875077760741143,125.22328342495447,1518.5893583664554,0,104.8062015503876
MAC-028,26,77.79251261249074,2.5571089873564303,128.77697057866362,1500.834941656254,0,103.7984496124031
MAC-028,27,81.02076850810076,3.7129750917487123,129.6207366742842,1532.5090042891907,0,102.7906976744186
MAC-028,28,83.10482126155893,3.542806443366557,126.05953255897792,1493.7851954011305,0,101.7829457364341
MAC-028,29,81.46231401784017,3.4298951530157122,120.52645036006372,1500.4018817358358,0,100.7751937984496
MAC-028,30,81.13598738179417,3.5353921714349497,123.90249796728156,1480.4030373995133,0,99.76744186046511
MAC-028,31,82.2379151674401,3.6339635214318546,124.0019732686532,1518.4372207228473,0,98.75968992248062
MAC-028,32,84.55503151493384,2.642626729114905,123.36727821005594,1492.8387659994025,0,97.75193798449612
MAC-028,33,82.82572152409708,4.53842136550196,128.18765359045852,1486.6480020852541,0,96.74418604651163
MAC-028,34,79.961954366747,2.7180162199267848,127.04559019051918,1528.5853962725776,0,95.73643410852713
MAC-028,35,81.9683336850612,3.162808637239789,130.2050676392171,1445.7879259364847,0,94.72868217054264
MAC-028,36,82.7042977663297,3.999825086701546,123.43769388285217,1511.7381647374427,0,93.72093023255815
MAC-028,37,84.01892854427645,4.315058150846898,121.52469601174647,1479.2083059773745,0,92.71317829457365
MAC-028,38,84.6976627363673,2.915629724993765,133.37238678616012,1477.6869084538844,0,91.70542635658914
MAC-028,39,84.88651344701248,3.811755640669838,135.92192966396627,1453.9071847490236,0,90.69767441860465
MAC-028,40,83.8192424888612,2.9856995092503054,131.19625827268098,1484.7633215595688,0,89.68992248062015
MAC-028,41,82.7447849354052,3.3880450744593835,127.7025060113375,1478.6215150626508,0,88.68217054263566
MAC-028,42,84.03716777130077,4.78456321363021,133.9271876798078,1463.3920637099911,0,87.67441860465117
MAC-028,43,84.78139166767409,4.297526303060538,126.51104005657633,1487.6346593177818,0,86.66666666666666
MAC-028,44,80.80301845345753,3.5491309335005594,122.900490374196,1467.8319363444468,0,85.65891472868216
MAC-028,45,82.98304171048619,3.73531193864649,134.32979273288066,1472.3262640342957,0,84.65116279069767
MAC-028,46,85.68482502323116,4.785426514128782,140.95651181333722,1466.180071619613,0,83.64341085271317
MAC-028,47,85.30751562870178,3.9333334125166943,135.78494849708378,1483.8314946669122,0,82.63565891472868
MAC-028,48,83.07079324814791,3.792489183500461,137.87495243814215,1454.9158286391626,0,81.62790697674419
MAC-028,49,84.3221266006219,4.425156449105694,130.34761177503572,1495.0400729369242,0,80.62015503875969
MAC-028,50,86.76577545668438,3.6840128322038885,128.47872605564424,1474.5735386419435,0,79.6124031007752
MAC-028,51,84.74936178814295,3.1942795691310844,126.78261398329289,1465.9657522226594,0,78.6046511627907
MAC-028,52,86.78835333658144,4.655444128567502,141.68198235030212,1445.9161634878644,0,77.59689922480621
MAC-028,53,83.87383354743247,4.228818073105403,123.71869889444584,1458.1454186662957,0,76.58914728682171
MAC-028,54,84.92393835881803,4.675802616159669,137.13693902912516,1463.813932904702,0,75.5813953488372
MAC-028,55,85.47454295638738,4.500412946090547,128.5959659210591,1453.4764623493413,0,74.57364341085271
MAC-028,56,85.65617240628612,4.319324158323658,131.9357446487042,1441.1661548359234,0,73.56589147286822
MAC-028,57,83.72528130389568,4.292783173939516,135.9933920353674,1417.3049778476793,0,72.55813953488372
MAC-028,58,84.93576936933302,5.468337867690715,132.28752912068114,1453.5416105590534,0,71.55038759689923
MAC-028,59,89.76163645742176,4.63196901566562,135.19452481472842,1430.7732204904173,0,70.54263565891472
MAC-028,60,86.86367175641261,4.503314375322163,138.33851889256107,1472.9841477266523,0,69.53488372093022
MAC-028,61,86.4524949578674,4.740222432219802,124.49534889548406,1401.1861942998617,0,68.52713178294573
MAC-028,62,88.73210167119781,3.3401875374692374,135.81217121924865,1440.8876658643928,0,67.51937984496124
MAC-028,63,89.16226876470104,4.608509900897934,143.41752742733098,1438.7443393410347,0,66.51162790697674
MAC-028,64,89.14610740317866,3.915440856760435,123.1268400785761,1440.7196030738646,0,65.50387596899225
MAC-028,65,84.20606301264462,4.673057361171938,132.80181965372222,1451.848250339883,0,64.49612403100775
MAC-028,66,85.03235397165025,4.9538091326601394,139.4183134905628,1434.0928231879104,0,63.48837209302326
MAC-028,67,88.27141021307227,4.290659234415872,133.41605898896205,1409.8270530986429,0,62.480620155038764
MAC-028,68,92.14633927679114,5.432802164813823,143.8607016548909,1459.4187789357302,0,61.47286821705427
MAC-028,69,86.29632188727686,4.089606098107179,133.67050895278737,1443.0976760675244,0,60.46511627906976
MAC-028,70,87.19598101070787,3.7779314994065185,139.75701851022035,1400.0888788639982,0,59.45736434108527
MAC-028,71,87.08565276958916,5.8056820188500815,136.49774664933852,1452.0477962213595,0,58.44961240310077
MAC-028,72,88.77781871692245,4.467800185301613,140.12976584310195,1427.711643187364,0,57.44186046511628
MAC-028,73,85.26636404626353,4.183881556960623,138.63029769357686,1470.264593190583,0,56.434108527131784
MAC-028,74,86.2393637595466,4.570688775839705,138.9337024359158,1399.6206779716106,0,55.42635658914729
MAC-028,75,93.2538147906563,4.654800524731425,134.680778222709,1408.2699396736807,0,54.418604651162795
MAC-028,76,90.56908514142984,6.207222307725294,133.89003769223967,1440.1538564371042,0,53.410852713178286
MAC-028,77,86.24159583793903,5.644196031232649,146.4288319049966,1450.3309743032164,1,52.40310077519379
MAC-028,78,89.27290422183944,4.686613888469304,137.87165374354038,1413.5275985972698,0,51.3953488372093
MAC-028,79,88.2677190285493,5.344757074546455,137.76583460161515,1432.363800366973,0,50.3875968992248
MAC-028,80,90.74363749036519,5.248544404853165,140.49062245932296,1443.0961666519595,0,49.37984496124031
MAC-028,81,88.40559310606184,5.326351546332528,133.41832916792595,1424.7272827594293,0,48.372093023255815
MAC-028,82,90.01965597113706,5.5873015618355755,133.8465784852424,1428.9028521848843,0,47.36434108527132
MAC-028,83,89.98053226437854,5.910077216744037,136.8329740705008,1425.701288170469,0,46.356589147286826
MAC-028,84,90.82039555734855,6.1961152733886,138.67086347070745,1399.4170888317126,0,45.34883720930233
MAC-028,85,89.09660591012344,4.918091367201777,136.96782303423805,1362.1643054947076,0,44.34108527131782
MAC-028,86,92.97555754311313,6.477736842384678,138.9760249199899,1416.1997203389933,0,43.33333333333333
MAC-028,87,90.71988935547915,4.892644795430076,145.07601830895499,1429.4082406713655,1,42.325581395348834
MAC-028,88,88.46374998970896,5.7525807047783175,138.86168349318046,1428.1592094810503,0,41.31782945736434
MAC-028,89,90.53381233409402,5.598201041793942,149.51065321050882,1377.1139950016088,1,40.310077519379846
MAC-028,90,91.34951046088392,5.708884487301757,137.61895777210663,1442.0802730036276,0,39.30232558139535
MAC-028,91,91.68035313272811,6.038907157280312,144.94081749133454,1393.3282981123352,0,38.29457364341086
MAC-028,92,93.64463040622391,6.2617493710722645,140.48806485489985,1416.9722593954798,0,37.28682170542635
MAC-028,93,93.79481987211884,6.177491221761551,137.15323808300403,1394.8213671401527,0,36.279069767441854
MAC-028,94,92.41953508240265,5.9444654761849325,137.83424124306325,1389.398731478762,0,35.27131782945736
MAC-028,95,92.32637360848926,5.102259471071767,141.88752547089715,1407.5244330796068,0,34.263565891472865
MAC-028,96,92.34236259330953,5.466588947567735,138.61408253882024,1421.7929817017905,0,33.25581395348837
MAC-028,97,90.05503906942063,6.52662376060588,139.14583653348313,1413.1180976307912,0,32.248062015503876
MAC-028,98,93.16638677266013,5.798229896012437,133.65053101845496,1396.947507991341,0,31.240310077519382
MAC-028,99,92.60115125719682,6.21766930711555,145.41095887179628,1361.1551511915975,1,30.232558139534888
MAC-028,100,93.17841475159547,6.420444793427988,146.59843409087378,1360.8380984177727,1,29.224806201550393
MAC-028,101,94.85431478570506,6.301985739096061,145.95322974624503,1366.4467681538592,1,28.217054263565885
MAC-028,102,94.2137478141857,5.264140509135853,139.16527475622027,1408.153993468353,0,27.20930232558139
MAC-028,103,94.27059847526489,6.310313115760459,148.35559773014174,1401.5476997581804,1,26.201550387596896
MAC-028,104,94.52308610945218,6.0943066370858485,139.47756487245292,1366.477126255551,0,25.1937984496124
MAC-028,105,95.98227734905947,5.603732839905511,146.55268382628037,1388.054105701834,1,24.186046511627907
MAC-028,106,96.25106232717523,6.524723257490587,142.2132173724857,1368.5189499162946,1,23.178294573643413
MAC-028,107,93.45723297975758,6.8847398520235865,148.59270456083556,1353.415774107586,1,22.17054263565892
MAC-028,108,94.17996601915134,6.769498480807949,143.60499756991243,1330.3920500512977,0,21.16279069767441
MAC-028,109,93.3835402885,5.652753452150105,136.80436900864436,1393.356395029067,0,20.155038759689916
MAC-028,110,98.9723939282912,7.115932567616745,132.19944794528334,1367.0543616990365,1,19.14728682170542
MAC-028,111,92.90480201630153,5.736790214013147,147.8074759056119,1365.2802790716935,1,18.139534883720927
MAC-028,112,91.90984580476902,5.482540295771493,142.66937077341044,1367.5958333285623,0,17.131782945736433
MAC-028,113,94.15503756385745,7.0805656237319035,147.6346408173705,1359.0066567043666,1,16.124031007751938
MAC-028,114,92.91126211349419,5.702172715619956,140.71911058167433,1391.5271855778865,0,15.116279069767444
MAC-028,115,96.42890938731465,6.770481649923269,143.93591265800484,1387.6427035893541,1,14.10852713178295
MAC-028,116,92.83117684004336,6.164719284910728,146.16964090239108,1317.6210667290661,1,13.100775193798455
MAC-028,117,92.92830222991284,6.584906263172799,144.56162759837684,1339.9802847172402,0,12.093023255813947
MAC-028,118,99.23189577340958,7.423112268562179,155.67157472322157,1356.2260373397871,1,11.085271317829452
MAC-028,119,94.33777608416712,7.580775415731619,147.755367846098,1335.4586678784935,1,10.077519379844958
MAC-028,120,93.48673250644207,6.656191371082139,147.450002725216,1356.7592206894387,1,9.069767441860463
MAC-028,121,95.25547099460195,8.026668840148314,141.02526950783766,1367.0457637951024,1,8.062015503875969
MAC-028,122,94.82158106792895,6.875935557794267,152.72412086984266,1316.3981013701296,1,7.054263565891475
MAC-028,123,94.03859218934326,6.866960148051772,155.63367183364423,1379.9342096922983,1,6.04651162790698
MAC-028,124,98.63878170607698,5.875557474998319,143.23433634377997,1328.8034513644973,1,5.038759689922472
MAC-028,125,96.12755449348289,6.084199651428498,154.20343410460183,1307.54994093426,1,4.0310077519379774
MAC-028,126,98.45692302388028,7.484593856788804,143.4727956448433,1371.1383224628958,1,3.023255813953483
MAC-028,127,95.8792959823887,6.791286499104189,147.06825233365186,1337.6471187162972,1,2.0155038759689887
MAC-028,128,96.21221551528188,7.015610872064598,144.95467954997886,1329.6583866632657,1,1.0077519379844944
MAC-028,129,95.71020464602483,8.000924229659091,146.78126577447,1328.5765566273876,1,0.0
MAC-029,0,67.97739875965834,4.8758932827478025,114.23304357526962,1423.3233936756258,0,197.0
MAC-029,1,70.05967153066906,4.393335135093592,108.58400245748096,1433.3880972196534,0,115.0
MAC-029,2,66.69215886039328,3.9689531514771206,106.35991876348581,1447.5053074975808,0,247.0
MAC-029,3,68.21475439273276,4.719931975284249,115.53865801547084,1477.342387693993,0,253.0
MAC-029,4,70.579590579798,4.213742491749429,100.84157290862207,1455.639222652359,0,115.0
MAC-029,5,68.74499566834454,3.7245991066247566,109.37019334724323,1492.5473931983067,0,297.0
MAC-029,6,69.10564402055472,4.846705002634504,111.33675063520644,1441.465378040047,0,207.0
MAC-029,7,65.38518810411995,4.055160096450653,105.77400341562003,1438.2357473914658,0,122.0
MAC-029,8,71.705247336477,5.279068796634738,106.19057466111589,1442.522436018809,0,141.0
MAC-029,9,69.83339086813166,3.8121978693335,111.01005766508351,1457.5297506819893,0,136.0
MAC-029,10,70.31530588347842,4.75561664450424,107.98437998918014,1497.8639971023624,0,171.0
MAC-029,11,69.21734640331307,4.053070355534798,94.78364216422148,1416.4791580216454,0,233.0
MAC-029,12,70.16487638156437,4.212745984674037,101.21761088550421,1439.8802791291405,0,264.0
MAC-029,13,70.34270884446316,3.8129004910363835,113.44789485568995,1509.1781148216214,0,215.0
MAC-029,14,67.06072654713309,4.639580586722563,107.49469788752413,1442.405406301284,0,249.0
MAC-029,15,66.8968240177413,4.2433724030821995,99.60264276153266,1483.9835217265525,0,105.0
MAC-029,16,68.3685791434046,3.744353830840031,104.84964312556234,1471.4868485217762,0,131.0
MAC-029,17,67.41190481503035,3.30812241803298,105.92642877379085,1437.818389851034,0,244.0
MAC-029,18,67.27330350503101,4.539220598958984,102.35509544171111,1459.3361467709447,0,137.0
MAC-029,19,71.76690236839475,4.128649346331824,115.40117063282972,1476.9566754016296,0,244.0
MAC-029,20,66.99805156750078,4.066491206770065,98.98137549477642,1474.9075105055322,0,136.0
MAC-029,21,71.50982936529725,4.125471094203998,95.98761615026915,1469.3677779062082,0,250.0
MAC-029,22,67.1368343779768,3.9493335044534152,106.85222575028138,1486.7980649133178,0,276.0
MAC-029,23,70.33980362736101,4.519418508156353,104.50832940704646,1435.749663273817,0,288.0
MAC-029,24,69.55668440511748,4.663532996355689,102.31917818718124,1454.831113266347,0,276.0
MAC-029,25,71.08090401948671,4.108430254034369,103.94178667626404,1460.3903862670575,0,160.0
MAC-029,26,70.19191533699907,4.451333616128558,106.39090492221916,1492.5157687669748,0,176.0
MAC-029,27,68.04176232436487,3.8294010624491035,110.40508019370893,1466.7770145097531,0,259.0
MAC-029,28,67.68230777800014,4.124735307119561,98.9249397843265,1466.7919861626922,0,226.0
MAC-029,29,65.9379580991757,4.645682042824843,102.6825863432077,1434.2777664727691,0,185.0
MAC-029,30,71.05529774450267,5.432865207899432,107.4811924641721,1456.44996578138,0,290.0
MAC-029,31,66.9406634814861,4.435585320062004,108.4782537369783,1462.296245536842,0,106.0
MAC-029,32,70.65167601710704,5.061612857861477,98.99614891669574,1468.0393685413108,0,249.0
MAC-029,33,65.05413617227379,3.8976436115970277,108.89390970972988,1461.22228099919,0,184.0
MAC-029,34,65.6390033319872,4.829623596014644,102.57842097307098,1479.176127082092,0,105.0
MAC-029,35,69.8861641205902,3.8881041234724827,109.63912050913223,1468.5307153109184,0,288.0
MAC-029,36,69.21089553765793,4.070592401991585,99.78096972258201,1453.7847812308287,0,241.0
MAC-029,37,67.9799034778182,4.730477498375799,97.049667129732,1491.5726803062664,0,243.0
MAC-029,38,71.91199100623037,3.9841661127475967,112.30245897333674,1442.0467447652204,0,102.0
MAC-029,39,71.11505126480067,3.894838486859582,110.46177437441573,1433.410517904714,0,236.0
MAC-029,40,71.02650472815147,4.948958300064252,97.94672480113944,1497.3035713664524,0,146.0
MAC-029,41,70.89779317456981,3.305671974894352,102.84478857507983,1482.9104186205443,0,184.0
MAC-029,42,70.30702339481732,4.360561798948083,109.93441316947555,1444.6777988632637,0,193.0
MAC-029,43,68.9555260515483,3.8818774149081015,105.96863622059028,1482.1790016674406,0,269.0
MAC-029,44,70.42392113038345,4.416112882785062,110.24305867295823,1483.9219427820635,0,269.0
MAC-029,45,72.45544591404538,4.888402116283238,108.57670501036806,1480.8402095998051,0,122.0
MAC-029,46,69.347918999673,4.164693297512773,109.63263405549681,1477.3008692214303,0,102.0
MAC-029,47,69.44471071646595,4.2073709169296265,104.0443206397438,1453.9841719521332,0,228.0
MAC-029,48,71.37221582228989,4.893881493253273,110.97209940427268,1441.1212106620317,0,166.0
MAC-029,49,68.14221849199019,4.175972376610568,102.26386756917795,1499.4102844789527,0,170.0
MAC-029,50,69.66172908221891,4.468972609961299,102.96498824292131,1479.400222249892,0,230.0
MAC-029,51,73.24387369044508,4.34514352520764,104.12701591225485,1460.3466796511595,0,276.0
MAC-029,52,68.2166963105308,4.303234981789421,102.23721986173334,1444.4274059051372,0,166.0
MAC-029,53,68.81832205596622,4.3452173159653995,103.92901710478917,1491.2979482308558,0,154.0
MAC-029,54,69.69178147174833,4.675897087919039,109.13970164889786,1464.2513014285466,0,231.0
MAC-029,55,69.2981031011249,3.874584168088632,108.57450415187562,1455.492088612624,0,130.0
MAC-029,56,67.58129740749271,4.955651007706894,98.63338465104877,1496.5398980202715,0,165.0
MAC-029,57,72.14066148383296,4.1935474787532705,114.22058531267879,1444.391529831214,0,200.0
MAC-029,58,70.84897806014082,4.313067831914414,96.26262055023834,1449.538163385235,0,163.0
MAC-029,59,68.51179479106915,4.694171169859038,102.90917786706159,1456.695478118722,0,130.0
MAC-029,60,69.94276781552416,4.5487160148613635,104.8359619916603,1456.101473963725,0,216.0
MAC-029,61,70.73941309837628,4.150434688844135,99.3476598026523,1454.2703735189557,0,290.0
MAC-029,62,69.95443351279964,4.230022708137833,102.78077030815817,1437.062320485177,0,165.0
MAC-029,63,68.57292684882202,4.418624438935991,100.25766785811882,1458.3726398339738,0,258.0
MAC-029,64,66.67300888749446,4.240278863399399,113.92206673086771,1465.5926479970647,0,146.0
MAC-029,65,65.69765344062814,4.470233153081782,111.85366083594981,1434.4772522821324,0,121.0
MAC-029,66,66.76981373648539,4.433842252811427,104.8590126567175,1486.3817699142635,0,193.0
MAC-029,67,68.49952606556988,4.717391763504063,112.93510623354413,1444.8065954914223,0,182.0
MAC-029,68,70.35614472167593,4.104237297723901,94.2184111678517,1471.6858992632735,0,145.0
MAC-029,69,70.05968224192574,3.530046664794993,103.02494384262403,1449.6982793669608,0,188.0
MAC-029,70,70.48077566331493,3.5300722972110603,105.82838394135585,1415.364514845384,0,285.0
MAC-029,71,69.61981973667099,4.367232496109687,102.7397868800135,1490.7243270167487,0,218.0
MAC-029,72,63.61450035997195,4.295590550713572,111.2825827130601,1464.7345540894773,0,288.0
MAC-029,73,71.59293246644533,4.079381283216788,104.4587873847295,1486.823521141329,0,145.0
MAC-029,74,70.64990765217028,5.504294668087821,105.80867385625015,1466.1633110257135,0,100.0
MAC-029,75,67.93800002107284,4.202641120447856,110.68491773694221,1462.1530750753832,0,195.0
MAC-029,76,67.24621718389226,4.116642106310557,104.84294699373504,1447.308157134367,0,252.0
MAC-029,77,67.94488188480777,3.804770866493919,103.18156591202644,1485.4825655264262,0,160.0
MAC-029,78,68.95757896158482,5.535327710829973,101.47526295502503,1471.8682724137059,0,204.0
MAC-029,79,69.305211818283,4.629887770126456,102.26424396002557,1454.7890790882454,0,180.0
MAC-029,80,69.67531173421521,4.0523333858072474,96.42724292159677,1488.367413607798,0,113.0
MAC-029,81,70.63699029976681,4.096099363524559,106.3861758853308,1482.2949933651905,0,144.0
MAC-029,82,71.54924263671995,4.356797668517139,102.36779294759216,1491.4437516180299,0,176.0
MAC-029,83,69.0502386793475,4.231069010755651,106.61065607178882,1485.2529169016334,0,266.0
MAC-029,84,68.783202742237,4.7976676474775815,104.25187914747596,1474.3394894318124,0,165.0
MAC-029,85,66.96462339836464,4.839472720237722,101.91438189946373,1471.3441244606765,0,131.0
MAC-029,86,65.88766371860036,4.3170751796676985,106.23520587928657,1448.531866088082,0,195.0
MAC-029,87,68.64125089291989,4.435718432268335,108.1109331827038,1464.161244678231,0,157.0
MAC-029,88,71.52568782727683,4.883799161799462,105.14148426299506,1435.5517654479952,0,203.0
MAC-029,89,67.88664774140253,3.1901050659806014,104.37894061358247,1490.19345135301,0,155.0
MAC-029,90,70.44281759066666,4.34642328895993,101.65726839160953,1464.6044683086998,0,233.0
MAC-029,91,73.12325512331758,5.048517315936733,104.54311361697351,1432.5194422454756,0,166.0
MAC-029,92,73.2769927621779,3.94024803463239,107.9449666079761,1430.9840451930731,0,277.0
MAC-029,93,68.21463071073192,3.5232763156830824,99.48516274000099,1443.6640725167863,0,217.0
MAC-029,94,69.81480922515033,4.256622926010743,118.85588545522462,1484.8343290121707,0,137.0
MAC-029,95,71.1717822608751,4.556501783400543,106.6748498309636,1485.9395289481831,0,230.0
MAC-029,96,64.09835764124801,3.993562522365412,98.49211840823655,1424.472598780959,0,211.0
MAC-029,97,67.32341070018362,3.7307742101247254,111.26557036869727,1463.9910230806677,0,232.0
MAC-029,98,64.84087195146839,4.461688778663682,100.2336228251533,1463.4042871317838,0,251.0
MAC-029,99,69.64824353811788,3.929426819619579,106.38138910567125,1470.1998510418762,0,153.0
MAC-029,100,68.53225817960637,3.944855716743751,105.31030200997816,1459.3686611530272,0,133.0
MAC-029,101,69.49384172718676,4.172781501558961,99.33449100409432,1458.778201905707,0,138.0
MAC-029,102,69.51415549786707,4.397235774416572,104.7399586442396,1452.426122712859,0,211.0
MAC-029,103,67.78411511676552,4.087396811300651,110.67539089954073,1443.2013700136774,0,187.0
MAC-029,104,69.04277936452851,3.6756690754336487,109.11825135082483,1451.4357282466874,0,147.0
MAC-029,105,67.20957425615674,4.412392283463584,92.99084893029612,1436.1688415932185,0,148.0
MAC-029,106,69.58261834564075,4.8119710620969585,107.54927649848096,1464.9470417795205,0,133.0
MAC-029,107,73.68156848699213,4.550368153781826,100.07202533798981,1482.6516184515604,0,199.0
MAC-029,108,67.57873071430241,3.9505491954049052,98.38992561808563,1453.9300936648563,0,234.0
MAC-029,109,66.40181021021509,4.583380316526533,104.66751230365256,1434.9393042510346,0,117.0
MAC-029,110,68.6987135117972,4.801583644175148,113.40589678025478,1426.366073281969,0,169.0
MAC-029,111,67.30410932195213,3.6599928644922666,107.06234522422032,1433.9801743093135,0,213.0
MAC-029,112,70.97927026687555,4.906514470714223,109.38518350575454,1447.812634662816,0,133.0
MAC-029,113,67.55216130678244,4.076344402298097,110.81996561932887,1428.1977370173436,0,150.0
MAC-029,114,69.63304840285994,3.8379436339164297,103.19748607705861,1476.8812514675856,0,204.0
MAC-029,115,65.82990751998943,4.165797759566581,104.65040436057798,1461.4105357409326,0,192.0
MAC-029,116,68.65443804078987,4.582997156364311,103.03464213859633,1469.4657212496345,0,295.0
MAC-029,117,69.5204778392465,4.44770229529362,107.93378336602966,1467.799990485432,0,241.0
MAC-029,118,68.68145485312621,3.6701943966903112,112.08052392398119,1496.050894677135,0,168.0
MAC-029,119,68.14198587913303,4.532871939686567,102.5565255248505,1447.7539868632632,0,188.0
MAC-029,120,68.97143179379484,5.708395930034117,113.2713249749935,1491.0690543272815,0,202.0
MAC-029,121,69.8983439998067,3.8459054732254603,110.47866818927936,1405.3142449661443,0,235.0
MAC-029,122,69.64254948538311,4.853606982869038,106.05201119370346,1495.3458301125386,0,242.0
MAC-029,123,66.009024820507,5.105015842612052,104.50603139580055,1491.1740380709937,0,182.0
MAC-029,124,70.90119391603878,5.0617032700369124,110.17191747019515,1475.9970816873065,0,286.0
MAC-029,125,71.59312767519037,4.3324076927509525,108.30629849956551,1462.0860234955517,0,110.0
MAC-029,126,67.48913375283725,4.568141141692027,106.27831892447644,1487.297867325005,0,247.0
MAC-029,127,68.47629138669137,3.9243222900167862,111.50963757078752,1463.4252042486,0,282.0
MAC-029,128,67.27834189344213,4.999191007377256,109.92839345775525,1499.1350324822265,0,135.0
MAC-029,129,68.17897096534149,4.064260120267274,99.86173186972664,1450.8202821811926,0,181.0
MAC-029,130,68.08807991713648,4.646168746276718,100.64774092368236,1448.8916457591404,0,241.0
MAC-029,131,72.25411477760667,2.839202393891454,107.69589288391683,1436.3500502514212,0,285.0
MAC-029,132,67.25029589312248,5.016348882824693,105.65247264146282,1515.2999042326371,0,137.0
MAC-029,133,70.11442542560981,3.8898310766265936,108.08328501830259,1484.7578308147426,0,188.0
MAC-029,134,69.90466552866074,4.196987561363772,96.83930295683552,1455.709464036204,0,100.0
MAC-030,0,69.74272692006345,4.515898549238177,129.182943818897,1492.082203554626,0,75.0
MAC-030,1,70.34051824531815,4.326740569003736,117.32292238441481,1485.692423451818,0,73.98648648648648
MAC-030,2,71.19542829518853,4.294806762784106,124.17806522250787,1523.645992449995,0,72.97297297297297
MAC-030,3,69.10641022607976,4.32572608951929,117.65805152356674,1465.9899586823144,0,71.95945945945945
MAC-030,4,71.67756967105849,4.3864192607950905,119.46452612474174,1455.655439876692,0,70.94594594594595
MAC-030,5,70.47614075085556,4.157960414849279,112.78789889058574,1466.935206339981,0,69.93243243243244
MAC-030,6,73.72346135926772,4.3312532425412895,114.11261002754856,1493.6279402697623,0,68.91891891891892
MAC-030,7,70.1224804785455,5.01517108363789,116.07380660324124,1452.8438445369727,0,67.9054054054054
MAC-030,8,73.09913452277407,4.674944843530062,120.8346466756669,1420.2098869639933,0,66.89189189189189
MAC-030,9,72.13875936033882,4.2832842141871454,126.11713771605311,1451.3627243983608,0,65.87837837837837
MAC-030,10,71.41379732663023,5.129162851916956,122.79498295840148,1479.0175015012965,0,64.86486486486487
MAC-030,11,74.21810294748917,4.200936662244396,120.46507570690238,1458.7124641348496,0,63.851351351351354
MAC-030,12,69.47948649241212,4.092194895998506,117.91761281940806,1437.0117917328419,0,62.83783783783784
MAC-030,13,63.502152795637016,4.385947115909023,113.22595936721223,1459.5818785524775,0,61.82432432432432
MAC-030,14,73.76098340307843,5.148840453738154,123.01869508379188,1444.87790334863,0,60.81081081081081
MAC-030,15,70.16802203744678,5.702669773431459,123.38374215429214,1449.6670852617672,0,59.7972972972973
MAC-030,16,74.18418981603507,5.409949176539932,124.88322565769084,1433.4172300776745,0,58.78378378378378
MAC-030,17,72.57207191014346,5.451036975950004,124.74968175472418,1416.2413492625512,0,57.770270270270274
MAC-030,18,74.18412187374614,5.4164752871845465,130.16757665240402,1387.1067641894197,0,56.75675675675676
MAC-030,19,73.30380022403632,4.98044047926131,121.9305219910808,1431.8433937417058,0,55.74324324324324
MAC-030,20,70.62590476009979,5.476126432182916,125.07083352515887,1396.9827749646288,0,54.729729729729726
MAC-030,21,74.08083821062161,5.095448688011524,136.30605431845788,1439.3544325469404,0,53.71621621621621
MAC-030,22,74.16587900215558,5.32701767969586,128.2388874018613,1427.9979515461914,0,52.7027027027027
MAC-030,23,74.80709092934774,5.101984840870745,125.07069688217041,1411.542028012353,0,51.689189189189186
MAC-030,24,75.14524245135752,5.832906851295514,130.1727968891596,1434.1495056309768,0,50.67567567567568
MAC-030,25,76.85648649649785,6.038051865244888,120.63011575762069,1428.375297903562,0,49.66216216216216
MAC-030,26,76.73563845398641,5.681662969825958,127.46733086796577,1403.2933859506447,0,48.648648648648646
MAC-030,27,74.48904776757848,5.002208007156627,122.1359224964473,1381.1849541466183,0,47.63513513513513
MAC-030,28,71.69569883692063,5.386258807995092,133.82463278772698,1406.36679997909,0,46.62162162162162
MAC-030,29,73.95605601934108,5.665446830143978,134.66455384288898,1418.0711106883143,0,45.608108108108105
MAC-030,30,76.30446840817794,6.663624122415445,125.08911565845474,1395.8622982589911,0,44.5945945945946
MAC-030,31,73.4826573710564,5.960731860966815,129.4590183856577,1354.9472552415568,0,43.58108108108108
MAC-030,32,77.8842579905731,6.589659425370728,134.77423107040676,1432.6667044695,0,42.567567567567565
MAC-030,33,77.79812111495696,6.244183837440207,122.10822066568777,1391.1541484885915,0,41.55405405405405
MAC-030,34,78.35022477392194,5.664885806591584,129.31819911334898,1380.8710850442546,0,40.54054054054054
MAC-030,35,78.55707663842857,6.837679315206238,128.23584929412903,1382.008983096931,0,39.527027027027025
MAC-030,36,78.91216338089885,6.385335659334576,129.211324226374,1389.5666887887758,0,38.51351351351351
MAC-030,37,77.67592735056549,5.9443491016161465,138.583847360109,1350.9226000499493,0,37.5
MAC-030,38,78.1090126652343,6.770440388789914,134.39467695369322,1373.374102657594,0,36.486486486486484
MAC-030,39,72.6804407950779,6.324968430812961,134.00008745560217,1365.1332356910495,0,35.47297297297297
MAC-030,40,79.8546916834376,7.253639435595016,135.4520726107809,1350.0681187402868,0,34.45945945945945
MAC-030,41,78.02102044532714,7.625278809957096,132.42308995891597,1360.0736028879082,0,33.445945945945944
MAC-030,42,80.38444438225265,7.4948360971668215,129.21231458528558,1349.392764292944,0,32.43243243243243
MAC-030,43,76.42343558025257,6.794705995514671,136.95660253622978,1349.3636235488823,0,31.418918918918912
MAC-030,44,83.41765159611981,7.067659468605868,134.00730698826504,1346.9390422068204,0,30.405405405405403
MAC-030,45,77.44498036749532,7.031059122969551,136.71056877882586,1348.9537047381316,0,29.391891891891888
MAC-030,46,80.8935856252048,6.807553824188747,129.09502172859115,1346.5242593555279,0,28.378378378378372
MAC-030,47,81.13923959569021,7.1252130915669,136.73621373177772,1361.514616309997,0,27.364864864864863
MAC-030,48,82.51036051497192,7.704910958312448,141.14526584151653,1353.2567386766386,0,26.351351351351347
MAC-030,49,81.9440107422519,8.314372659813538,140.43673486588912,1323.7450932331071,1,25.33783783783783
MAC-030,50,77.77193203612751,7.288982362927137,140.0423458455925,1357.1607686722461,0,24.324324324324323
MAC-030,51,79.26374412923215,7.8409362448997975,142.9920658128228,1347.489837778412,0,23.310810810810807
MAC-030,52,82.86281010306536,7.4764866379900585,135.41862539262596,1348.3593595878683,0,22.29729729729729
MAC-030,53,83.4647196492555,7.445990085738827,150.82916745653438,1299.7857883535708,1,21.283783783783782
MAC-030,54,82.10042991083449,7.290526668002933,140.4395151198733,1288.335827092203,0,20.270270270270267
MAC-030,55,85.36989162895566,8.245617109930336,140.25540790031624,1318.4419548738,1,19.25675675675675
MAC-030,56,84.53064545090449,7.973911808370509,144.07871843983153,1319.5327102524864,0,18.243243243243242
MAC-030,57,83.00174401172698,8.415093984570733,142.88694581964702,1315.8348375500514,1,17.229729729729726
MAC-030,58,84.36703546990358,8.035299026197421,142.4546541773238,1342.0374476583797,1,16.21621621621621
MAC-030,59,83.19828494312658,7.687282143112467,141.88759533961598,1303.2506914405008,0,15.202702702702695
MAC-030,60,82.34285628934505,8.57300078938096,139.48260481426865,1273.9538430304221,1,14.189189189189186
MAC-030,61,86.12619050940599,7.9238161895809025,144.2077971563846,1330.3172592568656,0,13.17567567567567
MAC-030,62,85.07732054379643,7.191818894782374,131.90028509387963,1292.533602807356,0,12.162162162162154
MAC-030,63,84.85097921670959,8.87629606948784,143.57530392977898,1355.6605666360138,1,11.148648648648646
MAC-030,64,82.24850560779373,8.403537857841338,140.2912812793506,1305.3411931087344,1,10.13513513513513
MAC-030,65,89.00137465732826,9.317015576641138,143.1909375596672,1315.2120442866171,1,9.121621621621614
MAC-030,66,86.1957924177297,7.938578324059424,143.39023772420927,1285.2129115483444,0,8.108108108108098
MAC-030,67,85.90582023411898,8.11684850033115,144.49437080659735,1298.7614382494455,1,7.094594594594582
MAC-030,68,87.70653193981428,8.764488581241803,152.2916799573313,1333.825815324928,1,6.081081081081081
MAC-030,69,85.75562893593595,9.161259170065893,155.09163660272668,1307.237553061621,1,5.067567567567565
MAC-030,70,88.26600607095938,7.831963491506114,142.1282560517555,1276.406354190443,0,4.054054054054049
MAC-030,71,89.87240717614515,8.44425383836725,144.89176231332152,1298.7872756034365,1,3.0405405405405332
MAC-030,72,85.81329371733865,9.0157701182533,146.46250273569046,1296.8573023616138,1,2.0270270270270174
MAC-030,73,88.94905736536028,9.256537948953843,147.12256156514326,1243.1293137725909,1,1.0135135135135016
MAC-030,74,88.17735000514544,9.037210701710574,150.3513594720408,1265.5231996231867,1,0.0
MAC-031,0,76.70246828303738,3.813470850928458,100.39518095176078,1510.9937432605598,0,66.0
MAC-031,1,78.47189303041075,3.965697019912262,105.06757107180883,1459.321552977856,0,64.98461538461538
MAC-031,2,80.9021141795878,3.373138763911884,100.76258657639832,1477.6696475841916,0,63.96923076923077
MAC-031,3,78.60498460399342,4.091055743767319,101.99169559824053,1472.1821311425688,0,62.95384615384616
MAC-031,4,81.2452024464614,5.023098978911611,100.63125819226677,1430.2424964733,0,61.93846153846154
MAC-031,5,82.46300195921212,4.722608494902265,103.86956515987535,1448.5054487272807,0,60.92307692307692
MAC-031,6,78.02266770839374,4.4310018889162714,108.14991250387152,1455.7077639641254,0,59.90769230769231
MAC-031,7,80.6195011704046,4.676709138864934,111.47466906358191,1443.5604961717056,0,58.892307692307696
MAC-031,8,80.2031627948769,4.466170725845228,99.42495734008824,1455.5560970044155,0,57.87692307692308
MAC-031,9,84.32759345353207,4.509821562018832,102.36720708085606,1427.072923103001,0,56.86153846153846
MAC-031,10,82.28452216516864,4.746184420472811,106.55856232988376,1434.838647060964,0,55.84615384615385
MAC-031,11,82.2081019030973,5.258718042787447,108.15080199098774,1427.2076863014395,0,54.830769230769235
MAC-031,12,78.4655426269543,5.61819234843708,111.34295848723303,1460.6577832873352,0,53.815384615384616
MAC-031,13,83.63476632570357,5.189308813004062,103.10558453839518,1394.7309415239158,0,52.8
MAC-031,14,85.01227160104986,5.582638920558653,118.31720228846889,1443.0008681308202,0,51.784615384615385
MAC-031,15,82.47634400537817,4.227580249793233,114.46734915058275,1401.0236031763927,0,50.769230769230774
MAC-031,16,83.1530316830981,5.6594353125428585,108.74606612546037,1401.8119583560012,0,49.753846153846155
MAC-031,17,83.21031152701694,4.506047030744184,107.1853916148608,1394.3221654063584,0,48.738461538461536
MAC-031,18,83.65600038853343,5.131316178678054,110.22927893458481,1403.3553968833464,0,47.723076923076924
MAC-031,19,88.68609798598884,6.065438191803635,112.66101723021939,1418.205949624984,0,46.70769230769231
MAC-031,20,86.57518904501686,5.900294868118458,108.54802933193265,1403.4538920669122,0,45.69230769230769
MAC-031,21,83.08500258650552,5.667628132417539,113.37769233455379,1424.215372871067,0,44.676923076923075
MAC-031,22,83.7515772330061,5.470809210263386,111.04189725487845,1387.9533555823964,0,43.66153846153846
MAC-031,23,85.00651059173994,6.148344536950583,111.15557137246947,1399.4010182683323,0,42.64615384615385
MAC-031,24,86.20038181063057,6.336278357235544,114.48178390375458,1410.714563537058,0,41.63076923076923
MAC-031,25,86.98697089619577,6.297287986314942,113.23676291076369,1396.533835980938,0,40.61538461538461
MAC-031,26,87.25651455189663,5.9121608909286305,122.41616038113027,1440.482382974202,0,39.6
MAC-031,27,85.54070730689746,6.0516204189642036,114.67416833258673,1358.7907101002907,0,38.58461538461539
MAC-031,28,85.405418281547,6.791084737722683,116.9437712738075,1420.3319856404391,0,37.56923076923077
MAC-031,29,86.8840216092002,6.646403738358135,113.28691522828396,1376.7177299414052,0,36.55384615384615
MAC-031,30,87.93970222878211,5.461943712406633,114.13811737345546,1388.6096616299262,0,35.53846153846154
MAC-031,31,89.23242516854604,5.965555789382379,116.91266620340997,1325.4684699109705,0,34.52307692307693
MAC-031,32,88.36324648600761,7.2956509962866924,125.69013047425494,1395.1918226580979,0,33.50769230769231
MAC-031,33,89.72708697104176,7.3203609169230175,118.68025247940756,1356.362730446839,0,32.49230769230769
MAC-031,34,91.25741164959237,6.961245984965149,111.10492382866816,1388.1013986573723,0,31.47692307692308
MAC-031,35,88.83951080791725,6.559210929697945,125.43017991753918,1377.6208422311531,0,30.461538461538467
MAC-031,36,87.66848073796488,6.889987460287461,116.44805729602933,1340.0703402092765,0,29.446153846153848
MAC-031,37,83.89975932279953,6.537292952319293,120.58901161714662,1298.0131331291325,0,28.43076923076923
MAC-031,38,87.44459752166458,7.423572382510272,114.83777779763237,1348.503974167655,0,27.415384615384617
MAC-031,39,87.184602921557,7.400522859890748,120.72506897810322,1330.2648424313109,0,26.400000000000006
MAC-031,40,85.50536397463534,6.824628880821265,126.13209282413857,1376.5892036256266,0,25.384615384615387
MAC-031,41,90.65887813054657,7.297278275299465,119.87561193346004,1367.143386750213,0,24.369230769230768
MAC-031,42,90.9191055925786,7.869941167123925,124.95852043416564,1341.985522377844,0,23.353846153846156
MAC-031,43,89.66294188407596,8.390131702917525,131.5016892212675,1381.9810263358224,1,22.338461538461544
MAC-031,44,89.80770433822255,7.706607211819583,120.6599960415543,1342.3400428234543,0,21.323076923076925
MAC-031,45,92.89396100158105,7.443356313712925,123.93801273314062,1372.2518706035207,0,20.307692307692307
MAC-031,46,92.34192039070277,6.624818784503068,122.85490177590447,1305.500822929849,0,19.292307692307695
MAC-031,47,91.07604083078698,8.156538493464943,130.4447662401275,1307.5149490410795,1,18.276923076923083
MAC-031,48,92.11723599518855,7.5285428394624185,134.03526921629665,1339.7615753658924,0,17.261538461538464
MAC-031,49,94.87551722395078,7.4373511836119945,118.35299686537985,1342.9248409808363,0,16.246153846153845
MAC-031,50,97.6624995428727,7.150852618396005,138.56127289902705,1313.1647491862986,1,15.230769230769234
MAC-031,51,94.46404522072395,7.445952019666041,118.93459117471221,1266.9786316256052,0,14.215384615384622
MAC-031,52,96.49237141060468,8.139284301689097,130.56684192107488,1331.8867252324162,1,13.200000000000003
MAC-031,53,94.54215787274684,9.101143431669064,124.59040502883643,1297.8418286521403,1,12.184615384615384
MAC-031,54,93.23114377205052,8.749920847470559,134.73982114599457,1294.1053310500574,1,11.169230769230772
MAC-031,55,92.5535228717357,9.023230961972004,125.22282060699362,1292.0774580337713,1,10.15384615384616
MAC-031,56,93.49633464642783,8.627412151337133,126.23130131316168,1311.131321219096,1,9.138461538461542
MAC-031,57,94.82635866144764,8.82836274537013,125.91223254545363,1318.5981285867558,1,8.123076923076923
MAC-031,58,95.24910328032712,8.680232124000085,125.0507007156051,1290.7209657545354,1,7.107692307692311
MAC-031,59,94.25036383233703,8.689008139393042,126.63708355667455,1284.9052225882585,1,6.092307692307699
MAC-031,60,97.7868111325781,8.100543970237041,131.68165076898467,1293.1481537412074,1,5.07692307692308
MAC-031,61,97.96614282831202,9.8216619546486,128.6312967752331,1281.8954887554241,1,4.061538461538461
MAC-031,62,100.95647327785207,8.251600216972767,121.32065188179365,1289.6327891244468,1,3.0461538461538495
MAC-031,63,99.8505071222832,7.958974510818187,131.66392569376234,1255.5323202749503,1,2.0307692307692378
MAC-031,64,98.68644085930855,9.072819679813442,140.2622060025293,1245.9636423125908,1,1.0153846153846189
MAC-031,65,99.14218749203064,9.476307180054334,134.42373396332897,1229.692566418728,1,0.0
MAC-032,0,64.3515111616767,3.974433727748264,97.30241704749733,1560.2217464770158,0,290.0
MAC-032,1,64.52757015983107,4.22679860455011,97.40051004268437,1560.5306777712754,0,189.0
MAC-032,2,61.91078508848719,4.494074322889495,108.82290626603174,1499.2950762744697,0,273.0
MAC-032,3,62.93701863542803,3.253613913468768,113.61555476839764,1542.0441207123167,0,206.0
MAC-032,4,64.20763017268752,4.103822452145133,97.39118893815349,1532.9655504446919,0,247.0
MAC-032,5,65.88624203523828,4.599449912031736,111.1245322786366,1552.5156780913944,0,297.0
MAC-032,6,63.29072293152877,3.987885099114937,99.97120082617374,1530.568872738693,0,235.0
MAC-032,7,62.88290407088547,3.7268575844994825,103.6161564525698,1554.8068157678447,0,195.0
MAC-032,8,63.29024777638821,4.959045851787694,101.21802209292083,1566.541151445309,0,246.0
MAC-032,9,66.81790261720793,4.774789416590105,107.17246033402301,1545.2728470778304,0,131.0
MAC-032,10,63.17416980017236,3.4623427359276104,103.90118384657086,1556.8958149405173,0,225.0
MAC-032,11,62.76165393934913,4.635078276064011,95.3677377296268,1584.1038684114474,0,246.0
MAC-032,12,64.51841306491734,4.086163892116594,100.66296390266182,1561.0188356932124,0,123.0
MAC-032,13,65.75658615316432,4.172284741287586,102.12676635164492,1551.768980940758,0,123.0
MAC-032,14,66.27893191443971,3.9370393304740694,101.25907384865343,1580.6753244734603,0,283.0
MAC-032,15,63.008905356262495,4.6900103119653425,96.85021155723399,1547.30076095567,0,219.0
MAC-032,16,65.68375176591722,3.7833110240608083,100.65011664290024,1556.54031600607,0,117.0
MAC-032,17,60.736574653050795,3.9145758226316327,101.96979525087698,1552.3402460714797,0,239.0
MAC-032,18,65.27558773071104,4.892209479358708,97.12618748174422,1553.6319817715903,0,140.0
MAC-032,19,64.0633803058863,4.87965461484218,104.99906332833443,1557.224879420087,0,186.0
MAC-032,20,64.04796875300202,4.458365299110711,96.76804038032694,1555.2625872383658,0,275.0
MAC-032,21,65.63320567741415,4.017802497595579,102.053845054486,1546.55628239772,0,181.0
MAC-032,22,58.08716469782302,4.131775970559921,102.91557149501315,1541.1567435706224,0,291.0
MAC-032,23,60.40560979126731,3.6811776520517565,105.2275499224266,1590.8571068491785,0,243.0
MAC-032,24,65.47975037084764,3.4493078795273053,105.6797483945023,1538.1433638720546,0,250.0
MAC-032,25,61.550349564019214,3.8904930829569393,104.93694659102593,1570.591678917221,0,266.0
MAC-032,26,62.51882154647719,4.080945511438569,103.72793055792775,1562.7665021787252,0,132.0
MAC-032,27,65.06733510255383,3.4792948941879818,101.50674854076894,1530.046123870417,0,123.0
MAC-032,28,62.61299913090996,4.008393238102201,101.17286457223527,1535.4117536260298,0,160.0
MAC-032,29,59.74030410262191,3.0742621185851298,100.75071107042459,1542.7865892715818,0,154.0
MAC-032,30,61.36300835942912,4.782755113358411,97.10942090777223,1579.7432930310165,0,288.0
MAC-032,31,65.96257117757528,3.1460306485478906,101.86851913674363,1543.4126815715206,0,183.0
MAC-032,32,56.891275799602234,3.399160255408374,105.28129237729115,1591.7905964424658,0,267.0
MAC-032,33,64.52023997443527,4.28329711819907,101.29994993359335,1585.0598696812026,0,285.0
MAC-032,34,67.01136209295206,3.828059542180488,91.40667904019733,1509.4428621228165,0,218.0
MAC-032,35,65.35864567335638,4.097951611555388,102.32282139404238,1515.593591529106,0,171.0
MAC-032,36,61.208505863459834,3.97374047499219,102.44580375856914,1543.4347706099652,0,173.0
MAC-032,37,60.64023129243408,3.72919738564132,107.44822827148495,1556.3023037803105,0,228.0
MAC-032,38,63.93919730294787,3.6720439765039163,86.63749441474566,1540.9445252505504,0,184.0
MAC-032,39,60.981742580185774,4.295987016256621,117.83523041015799,1565.3099317406056,0,252.0
MAC-032,40,68.18680400780374,4.405865729612305,98.25718065388521,1558.3649329506582,0,195.0
MAC-032,41,66.27616088799218,5.036262180103201,98.52992500153339,1556.4702853022263,0,152.0
MAC-032,42,59.856349929694474,4.533815194288296,109.17338533702825,1552.2026004705608,0,288.0
MAC-032,43,61.38011558031651,4.301546357581363,103.49390699856461,1553.029488025233,0,273.0
MAC-032,44,63.07231393770867,4.0345734567078955,106.38638648288081,1566.131160291543,0,209.0
MAC-032,45,60.74867739474847,3.616185580363284,100.13473975661597,1566.143353870344,0,159.0
MAC-032,46,63.0109985168184,3.7999056768812536,102.71420482537793,1544.790400997795,0,150.0
MAC-032,47,64.47585660948504,4.288010099476105,99.83022090448806,1556.0369868291696,0,220.0
MAC-032,48,65.34497980808517,3.8366658436693926,103.41989674998459,1549.9974045789206,0,172.0
MAC-032,49,63.56885105676097,3.7941984111447162,101.95828900754566,1573.5630770365765,0,275.0
MAC-032,50,60.840869726544554,3.4567783302800406,94.94933401931397,1527.9933607842368,0,267.0
MAC-032,51,63.9055302648221,3.4185510390098486,99.91713511803113,1563.7723974544547,0,106.0
MAC-032,52,63.54820181013395,3.9287013919613387,102.36123050052431,1553.5495179829918,0,174.0
MAC-032,53,62.266401777940395,4.016063522615291,112.58374901553358,1567.5928294668665,0,118.0
MAC-032,54,67.67618552406105,3.8729993154823306,100.98177885730804,1524.7640960827075,0,242.0
MAC-032,55,61.09575008485762,5.072437456273832,98.79644039254,1589.7922373911297,0,169.0
MAC-032,56,60.228159167676985,3.5947463649059426,99.70045573663168,1550.131612954657,0,288.0
MAC-032,57,64.56105827393702,4.346866090535714,99.32503555502865,1548.7402952578784,0,155.0
MAC-032,58,62.07675784946737,3.6641540142797164,96.96679715874068,1571.9642892169086,0,237.0
MAC-032,59,59.058553833182486,4.930160230665108,99.69164071373763,1535.9564392603972,0,273.0
MAC-032,60,64.19440227043131,4.86408917401614,106.99477404976857,1561.4436523754382,0,179.0
MAC-032,61,64.88861066848044,3.2632320933706485,98.79745913430804,1533.1832101877435,0,208.0
MAC-032,62,65.16416115146711,3.929741872480638,105.63364462565906,1562.1237502380131,0,284.0
MAC-032,63,60.99026981670941,3.828001776954439,107.87570029582241,1535.8969584145523,0,134.0
MAC-032,64,62.96461890942773,3.7302102387793585,99.83685090716948,1550.483372508841,0,171.0
MAC-032,65,61.149150668441784,3.6412574049506405,102.83797852563599,1534.511863212417,0,191.0
MAC-033,0,63.63248002132292,2.7032542278757834,110.8754760079867,1506.9956296172168,0,203.0
MAC-033,1,66.23742323482327,2.8573521006181366,121.79228201839311,1496.0477488242009,0,153.0
MAC-033,2,68.080489665416,2.1846543468129793,118.9737241219289,1511.4915935117742,0,246.0
MAC-033,3,67.83215757669646,3.229146045231564,112.774869935315,1460.3236438367373,0,124.0
MAC-033,4,64.50820340700143,3.0137176538595303,122.68844723072776,1471.5152194375207,0,166.0
MAC-033,5,66.06943364306693,1.4940443668777903,114.26730319889202,1510.6301670311345,0,208.0
MAC-033,6,62.46553627559675,2.2810669436055613,115.33765684823895,1496.9644627570724,0,280.0
MAC-033,7,62.617447673536525,2.816716650206438,115.80387941652464,1516.583258530662,0,147.0
MAC-033,8,63.88039601069868,2.8470282413016066,118.79645754820467,1485.0298727114823,0,269.0
MAC-033,9,66.38736015369606,3.3216652874994277,115.51994416471261,1499.2870246525124,0,274.0
MAC-033,10,62.99289964333245,3.1147593486087746,119.12888727465334,1486.14580567168,0,190.0
MAC-033,11,65.50782233273793,3.1292863314100043,124.1167110295131,1501.3742620565415,0,269.0
MAC-033,12,66.62477825640526,3.7852861799890554,112.79494326414469,1516.8510678031182,0,101.0
MAC-033,13,63.08966031649828,2.476133244451161,117.90577360111968,1480.5040018821717,0,233.0
MAC-033,14,63.22149344579763,2.8026561300692774,116.29852705239756,1480.1185640900387,0,226.0
MAC-033,15,62.942725426207524,3.54543314509589,111.96377049151515,1490.0710272098156,0,145.0
MAC-033,16,67.08380288839122,3.237632148645947,119.13334670047651,1480.9517797364003,0,293.0
MAC-033,17,64.81044939258628,2.2708233160346905,116.53909888733075,1487.4192623220817,0,205.0
MAC-033,18,64.44055135969298,2.438853564859456,109.48536648528099,1518.4616836342766,0,139.0
MAC-033,19,66.90749671974622,3.270185651450448,119.85686825644429,1496.8318698903795,0,157.0
MAC-033,20,63.4605867466443,2.5394453470880194,125.24154931564692,1527.0827654339162,0,177.0
MAC-033,21,64.47845072308291,2.834740586524835,121.62637974021658,1495.2939497794328,0,132.0
MAC-033,22,65.18602663476764,2.8029588678440622,113.27559244124565,1485.9643709289944,0,161.0
MAC-033,23,64.58062503619375,1.5728081581986486,118.40233826704873,1539.8759361271884,0,111.0
MAC-033,24,63.98921936886094,2.8494215912143597,113.76234210674698,1471.5466327368918,0,225.0
MAC-033,25,64.22777409206732,3.147755106151552,116.79600486394231,1485.943073370686,0,148.0
MAC-033,26,65.83914895483318,2.9329070580702017,119.3611411685256,1517.2305073611492,0,187.0
MAC-033,27,66.9772259833822,3.5807285126216346,111.90061390920816,1510.5697271914983,0,177.0
MAC-033,28,68.13960339147462,2.016530495584651,117.86429998060827,1482.5592716754409,0,104.0
MAC-033,29,64.79928699251542,3.4063476400953308,110.9860944336589,1498.324372842078,0,278.0
MAC-033,30,63.71872661404579,3.4216793079507744,120.06944407462439,1490.2696863781196,0,168.0
MAC-033,31,63.41172358685093,4.161819445450731,119.36421476572121,1465.0255290984067,0,210.0
MAC-033,32,63.2264733445412,3.0391661437327593,114.31464058976842,1481.2844565444007,0,259.0
MAC-033,33,66.81980915921336,3.2815633166788865,115.10873664182708,1516.8417224882842,0,276.0
MAC-033,34,63.426726486209326,3.6796290749759413,120.6525009767858,1499.2282528968015,0,159.0
MAC-033,35,64.07835085713715,2.5285326467711986,106.33228012112295,1487.5417045067056,0,145.0
MAC-033,36,64.82696653284177,1.9198077387498063,122.08169160945734,1490.2171888110406,0,295.0
MAC-033,37,67.27738170955904,2.4910282893966027,124.14687587303422,1484.4440004814494,0,268.0
MAC-033,38,64.7473871877228,2.940666119659212,117.75646312326958,1499.5117537983235,0,294.0
MAC-033,39,60.99886064350562,2.7631646257165374,117.56266247218882,1453.6950011990925,0,112.0
MAC-033,40,66.13289827726432,2.377181798123252,122.67641808223286,1495.143651751189,0,207.0
MAC-033,41,63.69939377083723,3.3352045281229747,126.27410723204946,1494.1947532242218,0,211.0
MAC-033,42,67.59772970732558,2.744795197139624,122.77638125166338,1486.0750744945947,0,199.0
MAC-033,43,68.49974108336349,3.3715121436706794,120.31649567229711,1442.7471945345317,0,245.0
MAC-033,44,65.74559080783884,2.2153920160450284,119.73103700174134,1518.974602311405,0,212.0
MAC-033,45,66.22595145906568,3.2622147017658225,116.0996547164521,1462.9326043142216,0,196.0
MAC-033,46,63.305063207861465,2.6679902738135177,117.89446886299943,1518.807177808212,0,150.0
MAC-033,47,66.30911326392209,3.9427211096709103,112.95833532595294,1516.7039750082658,0,217.0
MAC-033,48,66.59866967972938,2.774577421258546,113.15994177239756,1481.1150351305175,0,135.0
MAC-033,49,63.52084511750296,3.6881923696185543,122.10602425564835,1510.7377441859383,0,180.0
MAC-033,50,65.02330482363907,2.7184604895992046,119.65145095827934,1495.4739257304889,0,202.0
MAC-033,51,64.65589813184245,3.016202936685653,112.63535525819086,1498.7648090522362,0,133.0
MAC-033,52,64.62635762059756,2.4755503694069185,121.16790830142408,1529.328272321447,0,239.0
MAC-033,53,67.40409694835456,2.691551030651631,121.28675936595579,1510.2923548024169,0,232.0
MAC-033,54,65.086301050908,2.820861097181112,119.68356910322825,1543.6761952199306,0,147.0
MAC-033,55,65.36259210777091,2.1991480527357368,112.73330665890678,1490.0007868507892,0,203.0
MAC-033,56,62.35418977895986,2.766599636867613,129.09082528593748,1483.1959671223756,0,190.0
MAC-033,57,62.67339082464908,2.729069309793325,117.44502813368867,1473.648070494493,0,223.0
MAC-033,58,62.37122706278355,3.5109840222074573,120.46859214049378,1483.7698160011207,0,139.0
MAC-033,59,62.53714818346916,2.5741376691474036,111.83459236056608,1481.8349723886843,0,240.0
MAC-033,60,68.98177353924868,2.9522857721014226,114.87469119865983,1507.0153304425028,0,125.0
MAC-033,61,62.98787106688677,2.6300460980191223,108.69391473460718,1518.9059995059488,0,241.0
MAC-033,62,64.44449872911503,2.4234762531354543,121.21222574411443,1472.4701855318945,0,195.0
MAC-033,63,62.87408829781629,2.6433345083210176,111.97718264343203,1480.3556450616245,0,238.0
MAC-033,64,64.45164236775352,2.7789211411534227,111.34159939162596,1488.538021658378,0,265.0
MAC-033,65,66.00929216572627,3.206576669128052,115.4771380558718,1489.6478328067094,0,179.0
MAC-033,66,64.35231792400428,2.137010692042458,115.26397909894193,1509.3491844808298,0,156.0
MAC-033,67,66.47218710940334,3.038804537466907,104.65869330680938,1477.7943648693558,0,249.0
MAC-033,68,65.78314639306635,3.6890548080323837,117.89197154590707,1495.3420766758384,0,210.0
MAC-033,69,64.62165405641572,2.1795955529734083,119.72440401378134,1462.997665592806,0,243.0
MAC-033,70,64.67747461335442,2.877383389810144,118.21126334229999,1467.456475360751,0,175.0
MAC-033,71,63.429904219352174,3.1772265020754586,118.3290610647627,1479.3751393776195,0,128.0
MAC-033,72,62.705691397370714,3.2342636238695643,118.1365869203613,1470.8094514157476,0,229.0
MAC-033,73,64.47065548319009,2.429804662146985,119.4716703385688,1518.4969939833036,0,281.0
MAC-033,74,62.68627848422987,2.911445595080206,118.65969450670873,1450.5341580384209,0,101.0
MAC-033,75,66.51319035860074,3.8823322850127546,118.65495373999764,1520.617018658291,0,102.0
MAC-033,76,62.33883544921011,2.473476384381181,118.32098813603419,1476.3510173408617,0,283.0
MAC-033,77,64.92415333712918,3.3345458514862947,113.54944808521412,1514.3750064028773,0,171.0
MAC-033,78,61.00137008281224,2.548475906124707,116.98011107761617,1474.8854592254254,0,110.0
MAC-033,79,63.738330621843375,3.530930913391642,124.16443148816442,1507.825303768651,0,259.0
MAC-033,80,66.93038225830483,2.522673288723861,111.85056983685122,1477.2726015791773,0,103.0
MAC-033,81,63.529921933763184,2.528101015394458,120.60546592213639,1499.888176128952,0,236.0
MAC-033,82,64.49663366105833,2.775819677152991,123.43938337301495,1467.588159356619,0,187.0
MAC-033,83,66.4273036590692,1.777211398755603,115.135293650575,1523.6363540347788,0,212.0
MAC-033,84,65.44964130967007,2.5995376462858832,122.54137374786974,1505.3267000736948,0,283.0
MAC-033,85,65.95718719594367,2.732178912808783,122.76449721261616,1480.5465856291758,0,115.0
MAC-033,86,63.465589383666696,3.769998325677291,115.46519019148886,1452.7877266110006,0,185.0
MAC-033,87,66.97294805213149,3.513509594453659,116.78602044876169,1451.5366180644937,0,298.0
MAC-033,88,64.73752170569205,3.8690090595715416,118.97756754880245,1508.8117793695806,0,109.0
MAC-033,89,66.50158160565161,3.31850523855952,127.2774217233793,1515.0270386147438,0,263.0
MAC-033,90,64.68652352067923,2.2749213813335523,120.11334335856581,1489.5555773936073,0,123.0
MAC-033,91,66.28153027316668,2.401423344085193,116.4617112811264,1493.6478123532695,0,163.0
MAC-033,92,62.96954203429723,2.8527886997298437,121.89905097641645,1531.627386616578,0,155.0
MAC-033,93,63.37733789866761,3.2857714902666855,108.0746896087858,1493.2738277028946,0,188.0
MAC-033,94,64.9892563411589,3.2399532360841583,115.36637142550696,1498.3197745898296,0,121.0
MAC-033,95,67.06479175595962,2.2692443492756036,108.17216527809248,1515.014977379595,0,279.0
MAC-033,96,62.852934777284915,3.0613339619889275,127.71521113651855,1510.1522536619207,0,149.0
MAC-033,97,62.90528196061355,2.101737319337754,114.07241739563428,1496.8812085566888,0,146.0
MAC-033,98,64.34812475487256,3.5137875490828354,121.30040878234304,1478.8118937697743,0,122.0
MAC-033,99,66.54009294849432,3.5860676114183194,116.3893523254914,1503.0162554283904,0,182.0
MAC-033,100,63.0988145916546,2.761985000454525,113.5047441121397,1518.2104228131955,0,118.0
MAC-033,101,63.84440602422053,3.0528766441072595,121.14100650594501,1555.6061696764295,0,279.0
MAC-033,102,64.31648859695527,2.444285986269483,117.60367277418415,1476.4143138176564,0,261.0
MAC-033,103,63.873020854004665,3.1965629794904924,114.6063326411109,1504.6640366914098,0,128.0
MAC-033,104,66.04085390106637,2.957545088698138,121.31231580903464,1487.5365932089846,0,160.0
MAC-033,105,60.8424772548086,2.862490080003217,118.3562341215368,1486.0214935732447,0,184.0
MAC-033,106,66.14371398847732,3.2150114550346145,119.05555831071308,1495.3973906566875,0,134.0
MAC-033,107,67.28551734027597,2.2958543891256142,116.30789150825194,1513.381002826823,0,104.0
MAC-033,108,65.91950760299187,2.7153437470679576,119.91763765806922,1482.460455799922,0,175.0
MAC-033,109,65.17051843166367,3.1768864099467993,124.42411471699084,1506.6427369749617,0,106.0
MAC-033,110,67.5752183404462,2.111539246147163,106.90121017219579,1449.7754308634503,0,268.0
MAC-033,111,67.08007083559869,3.134702219514755,114.37319985121388,1485.7267391318258,0,229.0
MAC-033,112,65.52091242697871,2.471205974277855,113.87877876893984,1480.3331000486357,0,237.0
MAC-033,113,63.36694867039764,2.854953997255696,126.27998019128444,1473.2823965116993,0,201.0
MAC-033,114,64.70150487529006,3.063166352641815,120.64254260575271,1483.3070806961402,0,143.0
MAC-033,115,66.0853559528223,3.042872984409303,115.7084762346489,1466.3701363024293,0,169.0
MAC-033,116,62.561326272382814,3.205786221931723,125.10009230217068,1493.4397203601848,0,190.0
MAC-033,117,67.65176858269554,2.806668261639234,112.24235898946488,1489.235276241484,0,262.0
MAC-033,118,67.83167139071149,2.531125695405323,117.28501082589447,1517.1373127034742,0,161.0
MAC-033,119,67.08154114285378,2.9858216776625928,120.63801152496377,1514.681613174679,0,119.0
MAC-033,120,65.46507584131707,3.473113583695872,121.32447040044502,1490.4666864565322,0,262.0
MAC-033,121,65.7169980786937,2.640137638300979,113.13706168306851,1470.595781187814,0,264.0
MAC-033,122,64.43479012938178,2.989348670302357,126.97002648478376,1501.746215767532,0,171.0
MAC-033,123,65.2309421695282,2.783039696665846,116.1779262854053,1496.0397799172754,0,219.0
MAC-033,124,64.29643300459854,2.670433119293282,122.06864558376634,1475.2752396777776,0,281.0
MAC-033,125,64.34811661479837,2.4890505092787754,118.55279518500691,1510.49981341509,0,194.0
MAC-033,126,65.54793605426626,2.722408268537776,122.66667923970559,1511.0787594723904,0,226.0
MAC-033,127,64.9269559537066,3.6293570387373832,120.06171765420964,1501.2731378346148,0,212.0
MAC-033,128,62.44260320716763,1.9910110148803333,118.28195451334228,1513.3697110997925,0,206.0
MAC-033,129,65.5049703466995,3.3083014373944506,115.89717320021056,1495.0745351425458,0,179.0
MAC-033,130,64.8813365363203,1.932112920009002,126.90936871989938,1517.3758498757134,0,127.0
MAC-033,131,66.70482490613989,3.4753219986986306,115.63014200037671,1509.340112402891,0,297.0
MAC-033,132,63.90950341588049,2.9068585829546296,109.25360004021547,1490.4488915271945,0,259.0
MAC-033,133,61.78744708881401,2.2057891650165935,117.69626107017906,1479.2699808097461,0,238.0
MAC-033,134,65.52587055399158,3.6703350043453007,114.8562136844458,1488.1292317358284,0,269.0
MAC-034,0,66.64296316039253,4.271982965862301,105.73514398971207,1398.7590589972945,0,113.0
MAC-034,1,66.35081979332995,4.659224678607636,108.36514296007543,1412.6000394389941,0,209.0
MAC-034,2,62.76987832542798,4.457360345693684,102.10791149713266,1437.5583557359173,0,103.0
MAC-034,3,59.9953328097708,4.101788340267435,114.56417087550537,1437.650213042286,0,244.0
MAC-034,4,64.65074534436623,5.33817388630641,93.90063545436573,1412.5542741866084,0,211.0
MAC-034,5,63.51481167180947,4.774736234973426,109.9586853645141,1411.540362302718,0,168.0
MAC-034,6,66.31306665958934,4.143903234809877,111.63860167661875,1408.2076425199293,0,251.0
MAC-034,7,64.07053481717192,4.100476960782451,110.86055540620148,1418.4048721510471,0,148.0
MAC-034,8,64.23226095728073,4.598966317302256,108.30669596350351,1446.599548631834,0,154.0
MAC-034,9,64.73940756899358,4.136436160830816,103.83190982157916,1429.3739427865228,0,298.0
MAC-034,10,64.81634296745301,4.271974794546513,105.67642065320065,1398.5154192709285,0,250.0
MAC-034,11,65.6518685842136,4.4361167629154465,110.58975561607835,1428.8637066305123,0,180.0
MAC-034,12,60.84036285826067,4.166337523817394,104.58075393278082,1443.7185625910424,0,239.0
MAC-034,13,60.176610926277455,4.366150376945199,108.14877962733945,1415.6307387767401,0,238.0
MAC-034,14,64.46641403493794,4.032042363895809,101.93253888227096,1420.6920994797442,0,214.0
MAC-034,15,62.89577403037022,4.687369774438897,101.90564416419602,1410.8022963414119,0,174.0
MAC-034,16,67.8530153489833,4.825930624382749,96.27283674507692,1413.56513068532,0,197.0
MAC-034,17,64.80208395874966,4.507438152086478,98.12793921968844,1452.031806338817,0,226.0
MAC-034,18,65.96760685366749,4.586511434490901,112.36404600193352,1437.906296333789,0,210.0
MAC-034,19,65.21431977380794,5.124400254381852,111.08650145201146,1412.03034730414,0,200.0
MAC-034,20,65.58354837264808,4.0134266859914405,108.1011763031243,1438.3927666227669,0,213.0
MAC-034,21,61.550223390392276,4.284637812815213,106.90668866627493,1420.1346926624874,0,128.0
MAC-034,22,64.94657790008576,4.748509506971266,105.42743822721914,1433.3524860165357,0,161.0
MAC-034,23,67.0840061724162,4.582158910083344,106.58452499674529,1409.6989088895434,0,152.0
MAC-034,24,65.65921003808194,4.5106355931667,111.99910071687995,1429.7980673484367,0,216.0
MAC-034,25,60.684625015036254,3.4955001840566005,109.25880736717158,1417.4566245284075,0,275.0
MAC-034,26,65.19069351752523,4.40267694072191,104.74620520990331,1426.933270770606,0,190.0
MAC-034,27,62.58637900521379,4.337671774020896,102.65793638440093,1421.4153660798565,0,205.0
MAC-034,28,63.66985992588592,4.232213983521372,110.19127083090835,1426.2646798982767,0,185.0
MAC-034,29,66.36456268848444,5.114488094133972,109.85512680365366,1439.5498671837408,0,227.0
MAC-034,30,64.97082243427128,4.778239972995767,106.0272072413541,1448.5518934015145,0,293.0
MAC-034,31,65.54536962588361,4.165640388080537,110.05965794888694,1430.6900966019218,0,199.0
MAC-034,32,64.10489400007961,4.1074610382712375,106.41049778774577,1448.7897487906303,0,275.0
MAC-034,33,66.09503802649031,4.5222575172002095,108.57862175199809,1454.2944323128218,0,193.0
MAC-034,34,64.01722543296252,3.7878506167056285,112.08605280926578,1418.264931441756,0,286.0
MAC-034,35,62.93648176861643,3.4474617408034556,108.4368188141944,1396.4314439913262,0,298.0
MAC-034,36,62.81664039992077,4.639679015728261,109.19000981041478,1415.826413518006,0,284.0
MAC-034,37,64.04885136131944,3.909263355267655,102.838419609317,1434.1848016854287,0,175.0
MAC-034,38,63.31386465771133,4.223453098382897,98.25687014028507,1451.5196197784933,0,102.0
MAC-034,39,65.33729120164638,4.742013304389332,112.03253017145722,1412.3562389714562,0,180.0
MAC-034,40,63.600369049248194,3.3981434346796258,121.2825180988841,1425.868790176023,0,204.0
MAC-034,41,66.39461381513406,3.726480046303002,110.56234567658797,1466.012314015364,0,131.0
MAC-034,42,64.19659651724828,3.840119870175931,104.88642154364523,1384.325265983226,0,107.0
MAC-034,43,64.24138461326056,4.7560441881272295,105.40161532650534,1423.1777053885912,0,186.0
MAC-034,44,65.37229424752832,4.647573041945508,97.280875735847,1430.6369557279463,0,129.0
MAC-034,45,69.18912826376273,3.6780524956467193,105.15330938420757,1467.6954189234045,0,242.0
MAC-034,46,66.5255083283916,4.088862278082701,106.61108044648593,1428.8182628826742,0,173.0
MAC-034,47,62.82101440666091,4.30843456472419,104.18057288434026,1431.1154752439056,0,282.0
MAC-034,48,62.82039165392218,3.707251518348401,105.37399968141106,1463.1628608459462,0,222.0
MAC-034,49,64.48156386782983,4.179763729004959,109.35083257356541,1425.694104230463,0,220.0
MAC-034,50,68.05322386522246,4.343604363823192,109.08288886416373,1413.7684088345052,0,137.0
MAC-034,51,65.32333652197757,4.483107356942608,105.29787292507687,1418.825341258976,0,242.0
MAC-034,52,63.041097683999496,4.486736950460558,108.72509909685529,1426.3172405564878,0,257.0
MAC-034,53,64.89169387354583,4.326603279404346,106.07303367289985,1424.8515968288261,0,273.0
MAC-034,54,64.35310317404085,5.694580846879445,107.13857504241004,1441.7664356509913,0,291.0
MAC-034,55,65.19320522596044,4.2141522068222015,112.05034961483125,1423.0372210738437,0,253.0
MAC-034,56,66.42726711318934,4.178457119437507,100.78054095265271,1436.1684206470943,0,214.0
MAC-034,57,62.10782130310003,4.613380730979036,99.60961026791634,1422.4803358729134,0,208.0
MAC-034,58,61.45369862225476,5.757644123172096,97.31060575029134,1429.0567712902987,0,177.0
MAC-034,59,66.60376656396427,4.863753572764244,109.8371141592386,1422.515928717941,0,294.0
MAC-034,60,67.01933590797825,4.802256163871823,106.6419016366753,1433.6721116369024,0,135.0
MAC-034,61,63.7093127200735,3.8907346055542122,111.76615842576649,1455.1046563544012,0,189.0
MAC-034,62,62.5489397332444,4.268668035897636,104.86328746607826,1428.2073784075644,0,258.0
MAC-034,63,64.44574777247941,4.818991349293821,101.84431700593919,1411.9335566521174,0,139.0
MAC-034,64,66.7903974995902,4.114238247530082,99.26522678048758,1419.1578976403732,0,173.0
MAC-034,65,63.657052544816246,5.123041982333614,110.2045346102566,1451.8109088150154,0,145.0
MAC-034,66,65.95710529999782,4.818682454278388,102.13999291547132,1424.8884533753007,0,206.0
MAC-034,67,62.33732738925715,4.240316603202214,109.00092850304662,1431.5521621786154,0,269.0
MAC-034,68,66.94011965322484,3.7748527223571218,108.08159530186411,1403.8944404449842,0,245.0
MAC-034,69,64.50551095365152,4.715727329748971,104.50789071425181,1439.8830285641097,0,199.0
MAC-034,70,62.39769334563837,3.51371562937254,108.36555166081193,1463.7407011638852,0,263.0
MAC-034,71,62.32506813496446,4.956657708524129,105.79752059245497,1402.146666048509,0,277.0
MAC-034,72,62.05414741259992,4.3534530051510565,103.55809210875239,1402.6022369472057,0,160.0
MAC-034,73,60.929079452853436,3.9222009545074785,106.5494485900285,1428.7324814303079,0,267.0
MAC-034,74,63.31468210030409,4.446504215616473,110.78053714768635,1436.7430266910535,0,102.0
MAC-034,75,64.07454067252509,4.8095966218010755,100.78115203729143,1424.3621056912634,0,181.0
MAC-034,76,63.914982144103504,3.7270839892493086,103.48103273695112,1387.3613028644645,0,106.0
MAC-034,77,68.14151411063015,3.876853724252575,113.51097420547947,1429.6221865967605,0,130.0
MAC-034,78,65.44688627961617,4.101160719295265,106.62005200818129,1441.8702892821393,0,164.0
MAC-034,79,65.6462628440926,4.73294731350791,103.73873999817704,1419.2533030325435,0,194.0
MAC-034,80,61.128805364769036,4.607170124059199,110.99229710499013,1461.1801300807292,0,163.0
MAC-034,81,64.92750328446526,3.9623207320164466,97.09492283192563,1449.6938311440376,0,176.0
MAC-034,82,60.72460488174917,4.175258579598848,104.45886940865468,1427.4713937253503,0,102.0
MAC-034,83,64.38876321537593,4.4146343966545185,93.50358723798027,1429.153614679773,0,192.0
MAC-034,84,59.85800686708049,4.7116696550162285,102.80477776935486,1385.7197619779035,0,134.0
MAC-034,85,62.68874866053349,4.060522948878404,111.53390163614793,1432.7932513173755,0,114.0
MAC-034,86,65.0060479040054,4.9361714355810316,105.09968210875047,1443.9442557030186,0,120.0
MAC-034,87,65.68488024316822,3.7023258716860252,112.94532143652206,1400.4544608809567,0,161.0
MAC-034,88,66.15189131425994,3.5870241000179153,108.58658748913128,1466.098794045374,0,182.0
MAC-034,89,63.89120070220382,4.217382797044158,108.63260354495716,1422.2725673631196,0,255.0
MAC-034,90,67.95371542278988,4.441656743200079,103.97955600726928,1418.0547859244568,0,103.0
MAC-034,91,62.451261074958204,4.031683125091987,103.82703658007993,1419.107715012399,0,240.0
MAC-034,92,63.000807467030036,5.394981233646951,100.42992816592546,1431.793148235294,0,278.0
MAC-034,93,65.50220003482599,4.660614616262598,105.28736816946055,1424.0464450454244,0,275.0
MAC-034,94,65.22025299778326,4.4788214434598315,104.28560937453534,1397.6229250478818,0,266.0
MAC-034,95,63.38131057063775,3.7722855366170025,102.24460579804128,1429.5249612527098,0,166.0
MAC-034,96,65.03463030329748,5.235786994116935,102.89337165385385,1444.3530091878736,0,193.0
MAC-034,97,64.92907806417992,4.993559453790626,108.46154714635104,1408.6908679366443,0,157.0
MAC-034,98,60.87106595672178,4.501191468304484,102.93814855887096,1409.2542215633587,0,229.0
MAC-034,99,61.78200260623809,4.426048367264309,113.11894204493974,1420.6870495682497,0,124.0
MAC-034,100,65.49769863745489,4.294427443361935,99.13349310285595,1443.556723352579,0,110.0
MAC-034,101,62.1277739272495,4.356373933767514,103.87280147334639,1446.7220451736844,0,100.0
MAC-034,102,62.20085603036287,4.5409955723717115,101.38141651162941,1418.6383922357948,0,147.0
MAC-034,103,57.04675756022404,5.391609904279686,108.33318821250407,1413.5135467636073,0,212.0
MAC-034,104,62.06784663863826,4.097736242031061,109.16480122247017,1391.018797970672,0,275.0
MAC-034,105,64.03398917671556,5.230881554702068,99.9106718685339,1430.4681972576436,0,237.0
MAC-034,106,68.72377764581977,4.661636433316118,106.21002265080018,1438.9932255805506,0,180.0
MAC-034,107,63.51542734528484,4.995376261122451,103.58375343387185,1389.676864307651,0,129.0
MAC-034,108,63.53455180742333,3.86219335353238,104.17443348738577,1423.6788153007578,0,262.0
MAC-034,109,66.71200441491406,4.693206981802924,106.89673098624989,1428.8015882557186,0,213.0
MAC-034,110,62.19944199758825,3.254972999637893,106.14620360533684,1444.7533205538437,0,118.0
MAC-034,111,64.10049024881506,4.0781334570773815,107.90291437444398,1427.1938524698835,0,209.0
MAC-034,112,67.68864639925216,4.961924789504874,110.37794383348957,1444.0151787665686,0,280.0
MAC-034,113,61.73682318640133,4.677057469497031,107.46203333660578,1440.9889910501938,0,133.0
MAC-034,114,65.30237698893035,4.571941912394764,119.08473589612089,1427.3367830833322,0,131.0
MAC-035,0,66.29689071961563,5.020028470868073,101.97365522983067,1549.004614226983,0,234.0
MAC-035,1,68.47683591009033,4.457706430062075,113.33760312265287,1550.0734861646783,0,140.0
MAC-035,2,69.28440794952519,4.743731848556462,111.86327600751083,1568.51625568573,0,217.0
MAC-035,3,69.40880759228827,4.114545330222816,129.241221993069,1544.163553423314,0,154.0
MAC-035,4,68.4823661258855,4.8819411289495624,111.7583841563623,1535.1460945631911,0,106.0
MAC-035,5,66.72093020448106,3.583179482340829,119.35328024203905,1506.2616920333733,0,183.0
MAC-035,6,66.61484932982036,4.1823532032448085,118.14243798183725,1500.0931471933745,0,245.0
MAC-035,7,63.261115593002145,4.219830872673871,117.84261204761503,1548.6085752643596,0,270.0
MAC-035,8,68.68607857124468,4.572159880817234,115.15968326034258,1522.7450360912708,0,177.0
MAC-035,9,66.13877390887541,4.508452311981483,104.97461897075004,1526.3722280603479,0,267.0
MAC-035,10,67.51222689848575,4.6079567130791395,113.98335569490892,1532.0277969959604,0,152.0
MAC-035,11,63.09973863681504,3.430519315663929,113.71495425103059,1573.9555161039516,0,113.0
MAC-035,12,66.65932526155518,5.0289099161244355,109.3649553251392,1549.8396048119932,0,248.0
MAC-035,13,65.17814105346517,4.147070188929147,118.9713404484503,1541.7676749944014,0,212.0
MAC-035,14,63.81444618887083,4.5672248229053505,111.66754985054759,1515.2900102331705,0,156.0
MAC-035,15,64.59481541575684,5.541156679445032,121.31031469736324,1503.885863071911,0,190.0
MAC-035,16,66.20878289120985,4.4604685834877005,113.91820617719574,1530.8988247893615,0,145.0
MAC-035,17,68.07964922239682,4.989557865433153,120.49339593824148,1550.778775103928,0,253.0
MAC-035,18,67.80282726171743,4.345966649206477,107.36619646530903,1512.121597151647,0,190.0
MAC-035,19,64.88212893560666,4.41792361523765,108.83264720583102,1521.5791945709716,0,251.0
MAC-035,20,65.82872919906156,4.950267227708503,116.9200337005821,1526.9060936407313,0,232.0
MAC-035,21,66.67828170028224,3.8538882445698857,110.9307817678409,1511.0330876955934,0,269.0
MAC-035,22,67.44319118005971,4.376806399127453,114.45978020756496,1560.295357391362,0,201.0
MAC-035,23,64.59101211553497,4.75158464874366,125.1729974036836,1524.5343373833375,0,205.0
MAC-035,24,63.45947678185626,3.889289753680856,117.19131887807748,1579.1024589148267,0,270.0
MAC-035,25,69.99617265024438,4.940662992994371,119.64487506131164,1553.4677529313678,0,227.0
MAC-035,26,68.03571404184798,4.6700890062339795,111.24957179397498,1578.4453750826362,0,131.0
MAC-035,27,69.25637804238832,4.129715114558225,118.49078906640071,1573.4014594465486,0,105.0
MAC-035,28,67.42287484217776,4.4155314197441085,122.39704606387623,1549.2834169034434,0,173.0
MAC-035,29,65.32975950640811,3.94312561160012,100.59290861435178,1583.6391082173557,0,294.0
MAC-035,30,64.91181145747437,5.0001824562233494,110.6464402937363,1547.5158071895407,0,234.0
MAC-035,31,67.48497153546138,3.8986460197323822,120.03357658359559,1540.2118561085736,0,128.0
MAC-035,32,67.69080401338178,5.245469149484178,118.94650726663488,1542.2800751206848,0,133.0
MAC-035,33,70.47361193582496,4.495884381119205,115.7140572198761,1540.904105926163,0,106.0
MAC-035,34,64.13430868253758,3.8503170504910837,112.47738015815158,1523.9019518303217,0,180.0
MAC-035,35,66.03017419027654,4.931290947688163,113.2030495012976,1548.5758568979281,0,176.0
MAC-035,36,65.57370191358774,5.790727793385318,122.78956709082034,1539.2244719432679,0,157.0
MAC-035,37,67.12991310395674,3.848017939135358,114.17635900917068,1532.168987091378,0,184.0
MAC-035,38,68.07129524353151,4.053054246110683,123.53709518304926,1542.868053013181,0,258.0
MAC-035,39,64.84668372134394,4.534289341466107,118.93226947743031,1554.584650156332,0,172.0
MAC-035,40,66.89866208244263,4.95702576731365,119.33084414579412,1560.6062636850575,0,144.0
MAC-035,41,66.03417308346573,4.376897391909511,114.2116733002345,1534.2953291844178,0,146.0
MAC-035,42,66.79686403501084,4.515398739470386,123.52373414204695,1534.080307599651,0,176.0
MAC-035,43,64.61209921302067,4.841077505225652,115.60600265430337,1530.4497291686453,0,299.0
MAC-035,44,68.14974579440192,4.378714081539187,122.86981673665186,1525.1737167644956,0,172.0
MAC-035,45,65.42387329079362,4.582040706605241,122.03731519320483,1529.906579401681,0,267.0
MAC-035,46,67.338525946404,3.93622610098792,119.83201675449367,1531.1401413283334,0,215.0
MAC-035,47,67.82306006361877,4.853412776213242,106.16873245281536,1548.3631519314622,0,129.0
MAC-035,48,65.57413779823226,4.767465433784107,110.87809002091589,1532.547980827282,0,289.0
MAC-035,49,68.9824449312196,5.078748215908021,110.27786376176036,1580.1040303967984,0,170.0
MAC-035,50,61.42139624292222,4.625499494804591,108.82613812150137,1551.6041968539726,0,244.0
MAC-035,51,66.06222747864776,4.009390405766626,111.5613657050136,1528.4440154705399,0,202.0
MAC-035,52,66.73828339962705,5.00557283213638,125.04244277362574,1540.7587309382875,0,232.0
MAC-035,53,67.18314303426546,5.1113178988847325,113.00371018276905,1528.5149204049262,0,203.0
MAC-035,54,70.48236525271399,4.428326214519393,116.3350766713272,1512.0992758056768,0,221.0
MAC-035,55,65.53788937543112,5.461779511679653,117.56242472882374,1543.6029817288786,0,228.0
MAC-035,56,69.3729457132854,3.6956614046136256,113.17464584937024,1589.676383172354,0,130.0
MAC-035,57,66.4855770028281,4.489766956912235,121.14412101409285,1569.1497299794175,0,262.0
MAC-035,58,63.982421818078464,4.732193368361752,124.0273451505794,1531.3149322525376,0,208.0
MAC-035,59,65.84065287837436,4.532619388447696,118.72011690495013,1515.623314692273,0,171.0
MAC-035,60,60.36045970426432,4.625956765676607,121.07778149020086,1537.937428639301,0,257.0
MAC-035,61,65.36471491736778,4.434726820509159,123.23612328259924,1530.885386752329,0,226.0
MAC-035,62,67.72607919328983,3.9414245331326114,109.71986505581647,1561.0774762478347,0,184.0
MAC-035,63,69.85425317351303,4.962711089495061,104.97924523209659,1535.7777301102508,0,114.0
MAC-035,64,67.06334831864841,4.5479970871737745,105.65001493122301,1518.2327033929591,0,155.0
MAC-035,65,64.98199368241136,4.484407969508093,105.57817282417638,1556.1811157365337,0,287.0
MAC-035,66,66.39954976975726,3.9966083310889724,116.21632740824296,1515.3761637446212,0,126.0
MAC-035,67,66.48134306115692,3.6178512874977584,106.97446767393829,1535.095686938431,0,101.0
MAC-035,68,65.15298070067102,4.710354372016429,115.15510846402634,1586.1845271207383,0,173.0
MAC-035,69,66.05519103998107,2.868504808906033,105.07669725404755,1520.2540817280199,0,163.0
MAC-035,70,73.35459230423845,4.499848462868129,120.79105031917955,1564.32079696158,0,104.0
MAC-035,71,64.05169966033273,3.621647639515553,118.45995924586231,1499.767539871547,0,190.0
MAC-035,72,68.54083285837937,4.459682370140884,118.32866361059999,1550.245459907445,0,167.0
MAC-035,73,67.29917158176508,4.57045330248636,116.65640120272639,1545.098315172434,0,240.0
MAC-035,74,63.832567702266346,4.321280748098909,126.0972461766678,1550.4589318891726,0,180.0
MAC-035,75,68.87041371045268,4.02663846855009,110.24562925924083,1520.1075664091359,0,184.0
MAC-035,76,63.92197660367337,3.7070107833055648,116.41446523415621,1537.0602381948606,0,122.0
MAC-035,77,68.3365043509726,4.363011789205983,103.23219347800791,1553.0489509144527,0,196.0
MAC-035,78,62.52468743281692,4.6254072053743585,111.39160475483502,1548.826815574774,0,277.0
MAC-035,79,63.698277469914956,4.90737279375627,115.43643966443317,1537.2925533211571,0,223.0
MAC-035,80,63.196013534743436,5.423477452359295,110.7144288553098,1549.4354304768467,0,136.0
MAC-035,81,64.68775669529681,6.406955019747576,115.99549928637785,1531.8828590508763,0,129.0
MAC-035,82,67.79703217954925,4.893240930236878,117.22138710970579,1537.706266032777,0,250.0
MAC-035,83,67.4665289296564,4.440539254625511,115.12192646736943,1528.4683750351717,0,261.0
MAC-035,84,63.65864227241287,4.799833532095434,118.27989334964995,1570.1093903000112,0,291.0
MAC-035,85,66.68254390888828,4.410343177798241,108.19932791952576,1543.3861379783284,0,282.0
MAC-035,86,67.30591085711559,3.6083407117274287,120.59350387889977,1529.93586517747,0,298.0
MAC-035,87,66.19331402021488,4.8170953568517545,115.21182653157422,1572.2438380490867,0,216.0
MAC-035,88,67.84312688601857,4.444043978532916,99.64714469842218,1564.1003483235309,0,108.0
MAC-035,89,64.22640054108237,4.944142494544401,117.69933880361354,1540.200895277054,0,231.0
MAC-035,90,68.4920970930542,4.778729910467073,116.89020440958213,1509.8500727080805,0,165.0
MAC-035,91,66.6652110634798,3.8967970025186034,109.76870353456246,1536.9537662093883,0,219.0
MAC-035,92,69.5123494804026,4.7009054238645875,117.40473464093975,1559.5851503397512,0,223.0
MAC-035,93,64.83615398177061,3.730005127778676,106.47847832920357,1548.7980363912632,0,260.0
MAC-035,94,68.55889702443815,4.97458492164044,111.09315319135898,1571.286525559125,0,259.0
MAC-035,95,70.67159907138979,4.822025911357586,122.68479056927897,1561.6397269917925,0,143.0
MAC-035,96,66.12608339755893,4.185919123718283,107.18300166453542,1535.2813632749499,0,208.0
MAC-035,97,66.111851666518,4.410846334788262,114.68548511024474,1498.3026698970737,0,136.0
MAC-035,98,68.14357366040858,4.965753449715683,117.10354851284455,1520.7897056263087,0,166.0
MAC-035,99,67.3194860975512,4.529515043590793,117.62080591416711,1575.199066690953,0,159.0
MAC-035,100,66.22857659562025,4.60897278005684,110.92658492078571,1562.6101412911762,0,286.0
MAC-035,101,67.990987927668,4.626490305252662,109.98273801838627,1530.5105483246787,0,135.0
MAC-035,102,62.92299730882569,4.1706587006452525,118.79522940583153,1552.0918509867863,0,148.0
MAC-035,103,66.90489050686922,5.260359577142675,116.77104117956509,1532.6335181505017,0,278.0
MAC-035,104,65.18564416591617,4.40235254822781,112.9974174164118,1563.2362448020806,0,206.0
MAC-035,105,67.42840894990954,4.358373477953783,113.84037341574536,1558.241449478073,0,107.0
MAC-035,106,68.60739880055512,3.5965092057783696,114.39232991400391,1546.0064434296448,0,277.0
MAC-035,107,67.68179134561429,4.574706248842504,117.28439201194688,1539.437432102742,0,140.0
MAC-035,108,64.97379267394231,4.9103075816762995,119.32792237783688,1557.2132895450059,0,200.0
MAC-035,109,68.245096212663,4.032346251555949,112.71121686873099,1566.5739475003397,0,212.0
MAC-035,110,67.29798083018444,4.546293659917075,113.98892867875232,1569.5345908050426,0,208.0
MAC-035,111,63.044646779376706,4.665246513092988,114.91533565288695,1519.1262910574715,0,265.0
MAC-035,112,69.81879694242694,3.1729068376745277,115.85466618340794,1554.745852738099,0,185.0
MAC-035,113,64.63539313360833,4.656840178866598,114.12598166059733,1563.9376011938916,0,177.0
MAC-035,114,73.61286721058008,4.687506906578124,118.26863072980726,1524.6734959775638,0,154.0
MAC-035,115,67.01511261440777,4.3317042059419455,119.14244627555392,1515.6558283152838,0,209.0
MAC-035,116,64.4384924906559,5.108219688031502,116.29833340331696,1570.653107156043,0,295.0
MAC-035,117,67.3130038727697,4.773099597030408,113.7008755191155,1540.304067709152,0,245.0
MAC-035,118,68.51434950068986,4.446592260726736,121.16606965675749,1541.9795421455228,0,164.0
MAC-035,119,64.22623571575978,3.8828318042226675,114.38971238843914,1562.4914112847757,0,163.0
MAC-036,0,74.48881271429454,3.0059265541049496,116.8979106937131,1519.020412381906,0,154.0
MAC-036,1,74.33951087858509,2.537484947617827,118.25977151203212,1522.910127394093,0,260.0
MAC-036,2,76.92969770149979,3.557780349243704,119.71664892828781,1495.9610577467377,0,248.0
MAC-036,3,77.39524101690546,2.878747778353069,118.02415926311807,1506.9061545196869,0,180.0
MAC-036,4,74.55883690687969,2.384202300506478,112.87368784662196,1534.225847707988,0,249.0
MAC-036,5,76.66490887794097,2.7564593798431574,115.87226967495911,1536.7030168283327,0,252.0
MAC-036,6,72.95403795979563,2.6444341912326292,123.88674843067993,1475.0630808906699,0,294.0
MAC-036,7,76.14740956694008,2.3798521174436633,119.58182204946206,1507.426636646809,0,209.0
MAC-036,8,76.98269233510577,3.326202536749685,131.5426484645058,1512.6476523236706,0,239.0
MAC-036,9,77.27125526005382,2.8810076756200065,121.05642419029422,1544.4316482577617,0,242.0
MAC-036,10,74.42692297019853,2.5307881443883242,118.09864830030281,1495.2186764261573,0,185.0
MAC-036,11,75.79235988621326,3.0389156051808217,123.11782638117195,1511.239135074694,0,101.0
MAC-036,12,78.07938161409945,1.6730393744456704,130.60292687696466,1526.260781558619,0,231.0
MAC-036,13,74.93443860771039,2.9409814743724376,118.21208159203678,1473.131290299555,0,144.0
MAC-036,14,75.88912116937698,3.16568411794923,123.79497786518073,1519.9496052634333,0,112.0
MAC-036,15,77.71085301845122,2.9276506070111683,120.08889620768957,1501.1357906811747,0,154.0
MAC-036,16,75.10088845614109,2.5817498011960986,120.40340893352348,1530.978713276105,0,259.0
MAC-036,17,74.56645548326637,2.0140502369525763,126.17482080350037,1495.5432316809129,0,121.0
MAC-036,18,76.77549976098122,2.8365224120400723,117.25433996436469,1527.0648053145253,0,188.0
MAC-036,19,73.38005016740595,3.5252954763835582,132.15040559781065,1539.5339518712055,0,154.0
MAC-036,20,74.17512788887217,1.5470867635527004,121.36283596350935,1489.048200601113,0,244.0
MAC-036,21,74.96899130360357,3.4713416215585413,127.09442650786613,1549.5489634656037,0,297.0
MAC-036,22,75.99213880701635,3.158230515239487,109.01880297141398,1484.9325587081255,0,278.0
MAC-036,23,75.2189185431393,3.1305790432941913,116.8439551933796,1530.9688170682812,0,235.0
MAC-036,24,73.48820009295564,2.760946352022363,121.7254284455108,1530.063740099383,0,288.0
MAC-036,25,74.89218842717753,2.7242618830580834,111.27231150379477,1512.8139584208845,0,196.0
MAC-036,26,77.95866815587725,2.578485275153731,115.23635399349347,1530.5441982806226,0,237.0
MAC-036,27,80.36572699921514,3.7965658574058434,120.28312965305656,1530.3257112600913,0,118.0
MAC-036,28,79.07256887427509,2.830578992810919,121.28259049079412,1508.4562989599758,0,227.0
MAC-036,29,80.53125933967696,3.0693074750909517,117.63966370757095,1503.4089729290527,0,241.0
MAC-036,30,72.08089173533159,1.9196702205508327,115.34526900710183,1533.4821950452986,0,166.0
MAC-036,31,76.4475362137729,2.082529144125238,114.34342861113461,1520.5477100544733,0,282.0
MAC-036,32,79.14226145429251,2.1589506916718015,121.27070062736203,1506.0070105162515,0,160.0
MAC-036,33,74.96247273808434,2.1232164240076767,122.10849541876814,1505.1898512295086,0,283.0
MAC-036,34,75.0922509001112,3.202094785009211,124.15853918137026,1500.319278340554,0,162.0
MAC-036,35,76.38918884629634,3.16306392092834,118.05875732416088,1528.3237465735854,0,204.0
MAC-036,36,75.15818414769356,2.5368486791538296,114.31510782268421,1549.1555376023693,0,203.0
MAC-036,37,74.82659030399884,2.309331791272373,113.74912267815876,1516.6059672530532,0,238.0
MAC-036,38,73.7614087893872,2.3536556260447483,122.97080080881551,1523.889977526811,0,274.0
MAC-036,39,73.10467699382443,3.0723426443116493,119.13995744565267,1537.658874027281,0,233.0
MAC-036,40,78.63128872142913,1.9055936145984416,122.79916840015132,1547.6118877892825,0,133.0
MAC-036,41,76.21460775421536,3.054039169839375,120.10086580328051,1534.5041441846859,0,292.0
MAC-036,42,76.56228988448382,1.6987444601306598,118.37000625667807,1511.1994050452229,0,198.0
MAC-036,43,77.22287836517687,3.2983538150281753,117.83766585354824,1490.418125575337,0,163.0
MAC-036,44,76.40774111545603,2.321956552258305,115.94571141890941,1562.5574868908295,0,186.0
MAC-036,45,74.43985874740264,1.9274932472149442,121.9938820845952,1529.0566525446077,0,180.0
MAC-036,46,77.55248474235206,3.129856373208754,119.70404843281314,1518.0378599404175,0,165.0
MAC-036,47,77.67442948173897,3.5142279005491237,112.6723841930559,1502.7498083866897,0,258.0
MAC-036,48,77.05117458267722,2.8373738431472555,110.02317687173151,1503.4502976147512,0,182.0
MAC-036,49,76.40067812747503,2.716228366610842,117.18130686702129,1561.7970103257433,0,289.0
MAC-036,50,75.74552703797559,2.8254551429470904,119.64084107376593,1519.148983885064,0,281.0
MAC-036,51,75.87076267553242,1.6687477486186606,114.0249924302742,1508.6185029813169,0,191.0
MAC-036,52,77.42074907821991,2.560294743555288,114.81913545252041,1533.8021089485574,0,235.0
MAC-036,53,78.49749626845872,1.9435670817624389,119.46065085837088,1461.512278036879,0,269.0
MAC-036,54,75.17246959288184,3.6521477582563664,119.43574861035142,1487.2940852517452,0,268.0
MAC-036,55,73.08240462125727,2.2436126343154084,115.61763526691274,1477.0600437522855,0,286.0
MAC-036,56,76.45383259153743,2.9818659731347066,117.2249771291056,1555.830062209294,0,267.0
MAC-036,57,74.93636163556876,3.3113298700922,112.03750685009724,1520.9145566511177,0,249.0
MAC-036,58,76.69541103090664,2.354633097203758,119.8121279339192,1500.500368332348,0,251.0
MAC-036,59,75.17147924462813,2.568476629222081,111.94890273028474,1525.3734420750657,0,137.0
MAC-036,60,76.97927605494168,2.523252795035292,120.18619679577547,1496.5203503292735,0,229.0
MAC-036,61,73.2906681646298,2.5099630064972174,122.43111894516875,1513.4070725838824,0,224.0
MAC-036,62,74.91832638005845,2.877758168444434,114.39668903487481,1490.390454242542,0,140.0
MAC-036,63,75.08986529933422,2.284905220804198,113.02827496032091,1532.9945502394537,0,118.0
MAC-036,64,80.20132268143674,1.9326244570706763,116.89654784673213,1518.4048770811537,0,204.0
MAC-036,65,72.35409949206388,2.5985509425366495,118.22548304592928,1524.514867323307,0,229.0
MAC-036,66,74.24984692396576,2.4276724088206603,123.83337060466152,1523.3041217496063,0,191.0
MAC-036,67,77.25125703320975,1.832891367681083,115.63437510321141,1545.240943350923,0,195.0
MAC-036,68,75.62742905550279,2.647068039371202,118.5647507731923,1546.3155363209132,0,161.0
MAC-036,69,74.30288538658662,3.045661885707105,120.29570689049041,1487.591461694093,0,115.0
MAC-036,70,75.19808279694472,2.2930351121193153,112.60978014909294,1538.8439130923234,0,193.0
MAC-036,71,73.35540438705969,3.084582756681228,114.66794293665535,1542.063921141658,0,249.0
MAC-036,72,74.9556839736744,2.877759431084628,116.14461276764979,1471.5751725438101,0,241.0
MAC-036,73,72.46022762251683,1.7609001163551672,120.2451389292228,1514.3424020287098,0,215.0
MAC-036,74,76.98466929018065,2.3703366200812943,108.11953009921103,1540.9540378750744,0,155.0
MAC-036,75,77.77523186529773,2.8968846363780267,124.53038961791812,1512.8838261050619,0,164.0
MAC-036,76,76.3256636624609,2.3581134591183064,113.62252517963158,1483.3820238690637,0,272.0
MAC-036,77,74.2897875411373,4.040916288478708,111.3746497394651,1496.1624377011435,0,153.0
MAC-036,78,76.0214338139806,3.9086584985077693,113.7275753321988,1502.3430506258258,0,293.0
MAC-036,79,77.13831964090556,3.0174007345007343,115.50340890456184,1498.2360195809142,0,185.0
MAC-036,80,76.6911108239883,2.558023244694656,120.4134783946968,1511.5287932852802,0,273.0
MAC-036,81,76.49797090474853,2.9373382933389434,109.23714105092941,1505.655293264435,0,260.0
MAC-036,82,76.4627048515626,3.1152199888061545,117.31611474455626,1478.024647880686,0,149.0
MAC-036,83,78.29354140672201,3.1377563840682403,119.50334503475494,1505.6253939928379,0,204.0
MAC-036,84,76.99593733904874,2.482454917346967,123.35606634551091,1550.8507621327956,0,121.0
MAC-036,85,74.82005011986479,3.10015144271248,115.700286719465,1535.462774897133,0,139.0
MAC-036,86,75.30225821188492,3.433845309731195,117.58768239036883,1496.9613253161492,0,138.0
MAC-036,87,75.12661362432625,2.5983999243976363,120.15775010843103,1508.3382289071,0,204.0
MAC-036,88,76.28628287153101,2.841491344716307,116.83882668538341,1521.4837324989226,0,268.0
MAC-036,89,74.62282723135394,3.709837677152814,120.47163354023442,1527.1621467900918,0,167.0
MAC-036,90,75.40462214723408,2.349632538045989,123.15601855133328,1521.51337578851,0,106.0
MAC-036,91,70.5687726775533,3.6727549815827314,122.66514221081898,1507.2943974894495,0,184.0
MAC-036,92,77.00657460610273,2.920752597753726,121.45243567543459,1497.5050319893012,0,298.0
MAC-036,93,75.93762097365428,2.8609670910319056,125.13556417137492,1516.9677689536682,0,231.0
MAC-036,94,76.65769651468929,2.254793782401681,119.31242655884435,1532.257080969049,0,175.0
MAC-036,95,74.42694630182403,2.5158842185051222,114.15643326552323,1487.8073203922845,0,190.0
MAC-036,96,74.07381510949034,2.9910917084645257,117.74546861721433,1497.7670589989182,0,286.0
MAC-036,97,80.15349344159922,2.359042570392141,122.09888910188457,1521.5750986477467,0,183.0
MAC-036,98,76.29166886513471,1.7944920470846082,125.3267769022912,1521.3052469717393,0,253.0
MAC-036,99,77.63323941282857,3.2792698582313036,127.54436772277634,1494.948623273843,0,130.0
MAC-037,0,78.35930192728911,2.7019980596137065,107.74941884448253,1456.5841092879575,0,177.0
MAC-037,1,79.71306271210403,3.296384962310653,103.43518820725932,1417.303570017129,0,173.0
MAC-037,2,78.93810294349775,2.8461808350340028,98.91085491693524,1410.5119992699103,0,122.0
MAC-037,3,79.96249404356686,2.540409963980699,104.08932736232165,1430.0525876388263,0,129.0
MAC-037,4,82.10892325414643,3.374468969863411,98.73176344043583,1426.5905766912338,0,210.0
MAC-037,5,80.7677299865592,3.044556508217532,104.71124207898274,1414.494436853558,0,157.0
MAC-037,6,77.70264135831292,2.485204605892766,106.30350354622718,1471.3209840467875,0,194.0
MAC-037,7,77.69396098104376,2.2305707658882907,104.37559950649195,1457.8812205631239,0,151.0
MAC-037,8,76.1739555170986,3.4704054651033847,104.05837508005332,1422.5600409065753,0,155.0
MAC-037,9,75.8673428770957,3.0968487763762247,104.06267591442399,1440.660550607933,0,109.0
MAC-037,10,77.26609796859728,2.5840403725403993,102.48562565885798,1435.2345788452785,0,246.0
MAC-037,11,77.7286167978684,1.9764979093223003,118.56103061711471,1409.9783560060923,0,246.0
MAC-037,12,79.43063946450509,1.8575744754538899,94.93329470754179,1439.202970789888,0,207.0
MAC-037,13,79.41645662615662,3.374337885067103,106.9162660957102,1434.250226577927,0,186.0
MAC-037,14,77.16852096249,3.4930944237826855,109.56278812088279,1412.3198513978741,0,286.0
MAC-037,15,79.14364890704128,2.8156145054291595,103.19026360760333,1452.6834506689786,0,271.0
MAC-037,16,80.73118772731637,2.648345540763358,103.51418566164338,1467.2256102061933,0,286.0
MAC-037,17,80.93339923534448,2.7797685846201032,96.77248669523141,1444.1264430789433,0,183.0
MAC-037,18,80.46388838045534,1.3663275754667246,106.17787913222179,1428.912601216928,0,103.0
MAC-037,19,78.62601289036091,2.2898979132842507,104.17758543861346,1465.0862724764693,0,196.0
MAC-037,20,78.17492445298898,3.2263751690625027,100.88687579623362,1452.4215648059635,0,211.0
MAC-037,21,79.07103316186391,2.9196008040605514,104.9542981711191,1450.0789456016669,0,292.0
MAC-037,22,73.9325512147525,2.0336757329371262,107.00393438067489,1396.375673874918,0,240.0
MAC-037,23,78.0065607393256,2.716417969147586,100.77783120256719,1423.4152128989672,0,166.0
MAC-037,24,79.6108858509272,3.248235867555816,100.12628498435762,1425.7452770290954,0,239.0
MAC-037,25,77.60519950396592,1.5328985137272717,105.62709084221922,1455.9407958694126,0,192.0
MAC-037,26,81.10100786525177,2.3082052014455416,98.66004164803095,1437.6785519046764,0,282.0
MAC-037,27,80.72626882375295,2.821013613821103,106.36505507000048,1460.0830595075674,0,288.0
MAC-037,28,77.58944833215861,2.633603346329396,113.09155944943768,1433.31021849089,0,194.0
MAC-037,29,76.53304751868687,2.4089103415407638,100.22763263452546,1444.389692666868,0,140.0
MAC-037,30,77.27582744344245,2.8791055160965335,101.23820579792842,1394.778870184878,0,263.0
MAC-037,31,79.68096102458385,2.8178202304393554,107.50732096917588,1423.7866965695375,0,101.0
MAC-037,32,77.50863249990125,2.9443218189066838,112.51362975328658,1437.4698011429693,0,121.0
MAC-037,33,79.9168916427143,2.5827945474530574,97.20037928126325,1456.5950293359238,0,249.0
MAC-037,34,80.88454992879234,3.098975402253508,104.00880469891958,1449.1875629476135,0,140.0
MAC-037,35,80.85524504539568,3.5536677321442647,109.86116241386888,1438.5228654535156,0,194.0
MAC-037,36,76.45121493977128,2.8214175385017817,106.20141886987821,1451.4270364592087,0,215.0
MAC-037,37,81.77550516926686,2.6960131336375213,115.42346783969722,1402.0607005520312,0,219.0
MAC-037,38,79.90640519554326,2.344328193573897,95.38242189218765,1433.2109534268595,0,113.0
MAC-037,39,76.1533760537781,2.6628744406495026,105.09237813110396,1459.6172691395616,0,192.0
MAC-037,40,76.05255118109214,3.197810972488797,105.40893414203065,1457.8234240250347,0,134.0
MAC-037,41,78.20421910055775,2.0774660962841884,98.83103525955234,1411.4102918795004,0,277.0
MAC-037,42,80.02334975646133,3.4820494007732607,102.09377425735556,1449.8291469179983,0,108.0
MAC-037,43,76.02083733434877,2.8337490142545607,108.2613449723173,1408.2839454473053,0,217.0
MAC-037,44,78.6599545126603,3.101546959908694,90.24967865448428,1463.9555021868775,0,195.0
MAC-037,45,79.77508020240211,3.1019522135245823,102.85493549465785,1402.7919913215355,0,158.0
MAC-037,46,80.13584736325392,2.702293226957655,105.07910916779328,1458.9985806568218,0,155.0
MAC-037,47,80.59184919834522,3.704207098210717,105.68780303499916,1423.4221921970204,0,109.0
MAC-037,48,78.69088775680257,2.9514200759352143,109.99781448559656,1407.9057619240684,0,124.0
MAC-037,49,79.08479668097836,3.5483592181850954,103.71748753561907,1455.866678050225,0,272.0
MAC-037,50,80.05395650505203,3.221518692928401,100.86972918263201,1421.1384075515311,0,110.0
MAC-037,51,79.10826523486459,1.9774774960457553,103.56982885757338,1442.303974103156,0,200.0
MAC-037,52,82.63699266451955,2.9449474843008216,108.04467424499718,1460.5359578938428,0,108.0
MAC-037,53,77.1384062728299,2.6610470584804182,117.04559484965114,1435.6639965051525,0,234.0
MAC-037,54,81.30058294818443,3.225457328252465,97.52796331869322,1443.4560264929614,0,170.0
MAC-037,55,79.36121639503047,2.9085677835861286,101.14796949167636,1414.9080507145995,0,261.0
MAC-037,56,78.11570145057831,2.6946908911238094,110.84345412863325,1473.5926573473548,0,182.0
MAC-037,57,81.86091714306637,3.173680995056833,99.89683057913372,1429.068517453053,0,119.0
MAC-037,58,79.487573555446,2.4273688706278236,107.80456015327142,1451.6561631179284,0,213.0
MAC-037,59,80.14030157575095,3.2561556919447017,100.3955758220663,1455.9030150346866,0,188.0
MAC-037,60,77.67643055037962,2.2731204133444685,107.57911256156358,1461.5639121968222,0,104.0
MAC-037,61,80.04374842337204,2.753990401552183,106.4693010211392,1439.9749793141882,0,211.0
MAC-037,62,76.81581965834923,2.1222783171934534,104.52440249326439,1438.8435776682288,0,154.0
MAC-037,63,79.09038620735548,3.0816391964908676,103.84114830980997,1448.50602459094,0,188.0
MAC-037,64,78.77854791596712,3.655267870684144,105.3221005242639,1484.0608931833563,0,114.0
MAC-037,65,79.77174463280174,2.636749804371803,100.4212920093333,1408.388669471689,0,275.0
MAC-037,66,77.0848368818277,2.3037852350839163,106.89263199269256,1426.723133531639,0,103.0
MAC-037,67,79.441575555729,3.384577570854254,104.4794901324574,1478.8295749221788,0,177.0
MAC-037,68,76.71609948994161,2.668296615478447,102.22196727257678,1455.9765730739828,0,219.0
MAC-037,69,74.58813818988777,2.0220307450770054,104.38179777837685,1468.2739953730327,0,212.0
MAC-037,70,79.51940511869462,2.0678146625337943,98.93269892718052,1470.7062350097417,0,120.0
MAC-037,71,77.82545185302753,2.272106703441029,112.30539469378597,1457.4683810645824,0,236.0
MAC-037,72,81.6158407371536,2.268567449533003,97.29300368555987,1439.9097707400967,0,165.0
MAC-037,73,79.73797371676734,2.925889291518327,112.30945156882667,1402.5710991526778,0,206.0
MAC-037,74,80.78711155321554,2.195275867592252,109.19720849493588,1427.7473068624151,0,262.0
MAC-037,75,77.439777858839,2.43863703619131,97.69048088674886,1438.055019749512,0,211.0
MAC-037,76,77.5223746692991,3.13673750511605,108.11881229579626,1471.0095820108986,0,216.0
MAC-037,77,79.80037641770217,3.0039272732059477,111.91903094977074,1424.6931870323087,0,278.0
MAC-037,78,76.09120502497395,2.843635419230108,97.80536454455965,1486.3252144113505,0,227.0
MAC-037,79,81.9787180347779,3.825576556316701,105.23076677394731,1448.2579128268746,0,201.0
MAC-037,80,78.14877058671472,3.185050792459287,98.84081583037639,1386.384577163347,0,177.0
MAC-037,81,77.48630021164288,2.015851651857253,112.30816557142934,1473.559990054449,0,136.0
MAC-037,82,76.2618633057938,3.3894461934265308,109.67545680813552,1405.8509072584652,0,105.0
MAC-037,83,78.28718638875678,2.453506528603651,108.65850888376767,1412.6708539347424,0,181.0
MAC-037,84,78.86997619930105,2.400621137691102,107.28523780755738,1432.910600319084,0,185.0
MAC-037,85,77.99723004273922,2.636940101849872,115.09874605483223,1428.908448230455,0,181.0
MAC-037,86,76.98571101405244,3.0353051742438937,104.20090854351689,1408.9417623355132,0,150.0
MAC-037,87,83.53071412102494,2.567348916872587,103.0291846208249,1440.4431479910047,0,165.0
MAC-037,88,82.5279549890377,1.9037157264064133,106.29846113773436,1478.9918841887152,0,195.0
MAC-037,89,79.32517881209931,2.125921400014171,101.82654762582841,1441.3840915479784,0,244.0
MAC-037,90,81.72932928189974,2.5739204674578806,109.05179087779382,1408.539064411905,0,164.0
MAC-037,91,76.1802847114299,2.502188045323436,112.10867549999799,1438.6239337431182,0,108.0
MAC-037,92,79.64734384175325,2.8826281874526747,110.46457180356532,1425.0420271020857,0,240.0
MAC-037,93,80.44429166759647,2.328147057738346,114.83489517023547,1421.2386188669088,0,200.0
MAC-037,94,77.30294284446278,3.018423296409936,105.31747404779328,1443.7834890780614,0,285.0
MAC-037,95,79.52234904160466,2.1983922902621917,112.98532653602909,1455.1172850706248,0,257.0
MAC-037,96,81.78562135315424,2.479422945110699,107.00114961420752,1441.1938101975365,0,130.0
MAC-037,97,81.32372670302303,3.3237124555807203,105.88378590542224,1406.8874183159776,0,250.0
MAC-037,98,82.6270452247954,3.0215821065109805,101.87634668367596,1445.3772837181766,0,162.0
MAC-037,99,76.04553435371497,3.271264923401433,97.5624731692359,1432.8297511121011,0,255.0
MAC-037,100,79.55663034983111,3.263008245656958,105.45125527280354,1449.9456984250937,0,158.0
MAC-037,101,79.0113876337209,2.7274954141937697,105.34591814237315,1433.4652825357953,0,109.0
MAC-037,102,75.69458096445715,2.359426642817597,106.14240609619016,1432.2640208830683,0,188.0
MAC-037,103,78.7561032862562,2.5819115549465534,100.60053992697257,1427.3844517333168,0,223.0
MAC-037,104,78.45405796184282,2.746159959936836,106.88542361298023,1433.6354351351279,0,199.0
MAC-037,105,77.00841093923518,2.0445473697065193,117.9057179275078,1414.6501403475515,0,189.0
MAC-038,0,75.24607164388824,2.3357898155132872,119.68796672092974,1541.009944891813,0,126.0
MAC-038,1,72.93097005060591,2.692885505714806,116.18278088279953,1536.9388677421607,0,245.0
MAC-038,2,76.34922559610493,1.6810934138866225,120.53722655616282,1547.8538203941246,0,112.0
MAC-038,3,75.63957074763479,3.047363723270751,114.75582426525493,1556.6829920284408,0,206.0
MAC-038,4,75.91513905028889,4.178937291023885,119.87692535566337,1528.680735444625,0,228.0
MAC-038,5,79.6785952108261,3.0924604817975743,117.65973635264291,1542.7633177318328,0,184.0
MAC-038,6,73.52141960406234,2.7862326160671183,114.05914566760062,1533.9105042766478,0,261.0
MAC-038,7,77.72499196522284,3.3434160188226247,115.05356243001425,1567.6277406354204,0,240.0
MAC-038,8,76.59861115316694,2.750377935790688,113.34182210803023,1547.2628931480908,0,208.0
MAC-038,9,73.98089787913725,1.9596649954737573,120.02630368403291,1541.0240932081522,0,214.0
MAC-038,10,74.34400691071019,1.966209249059679,109.86623963297647,1512.3817224051932,0,150.0
MAC-038,11,76.39606249290556,1.2572512629519017,119.79152339626573,1560.7953643652772,0,100.0
MAC-038,12,75.97592331363917,2.6080306894938814,116.00812681496058,1556.0137179785966,0,220.0
MAC-038,13,76.60130676299991,3.2217193512079976,125.09907303216384,1581.5537557717416,0,255.0
MAC-038,14,74.57870514881505,2.9498262576708303,119.9652482333164,1538.5307757160383,0,222.0
MAC-038,15,74.40146594179342,2.382613426281938,112.13051043603971,1523.7242460563125,0,131.0
MAC-038,16,77.16893706979893,2.587329908296569,117.5728593019689,1570.0438061164512,0,299.0
MAC-038,17,75.78242412340856,2.9861471469894645,113.74004412088229,1536.6055257542257,0,282.0
MAC-038,18,76.20214912819031,3.631621634335202,123.86193924464929,1573.4703424139811,0,253.0
MAC-038,19,73.43029019531778,2.6435155664098677,121.54046131366809,1593.216427443129,0,241.0
MAC-038,20,72.80671750979222,2.9364433526248246,122.75679545333622,1560.5447157439594,0,192.0
MAC-038,21,73.47353727675184,2.6975929806016996,119.57904031698449,1555.065562556868,0,167.0
MAC-038,22,74.80423995671019,2.1665410940375924,119.7157581789189,1537.9825563160591,0,162.0
MAC-038,23,74.86707195720327,2.5011418488472623,118.23377822441054,1572.2845663116693,0,181.0
MAC-038,24,73.78205616146295,1.9235308436549543,115.52445457467826,1515.5061943546968,0,241.0
MAC-038,25,77.34729152320658,1.574174478253491,120.97179512942486,1573.690020159874,0,254.0
MAC-038,26,76.69358924761445,1.642304194208167,117.96554957991705,1535.5750669626154,0,140.0
MAC-038,27,73.77016621800351,2.8606802159508344,121.26923188083475,1577.2237203583602,0,102.0
MAC-038,28,75.60459198784936,2.656934371055055,125.76172160600373,1593.415641651148,0,193.0
MAC-038,29,78.33491426277122,2.3959845303500424,117.47120341203114,1547.9459629945638,0,158.0
MAC-038,30,77.58543536402514,2.161135288651316,119.04159345042164,1558.0374378811687,0,250.0
MAC-038,31,76.94167394761128,2.05976602403256,118.67094454198431,1586.8958263540412,0,117.0
MAC-038,32,75.26026778212776,2.7008325427967836,108.22475881492312,1556.5677597656218,0,203.0
MAC-038,33,76.60731150875667,2.629200708114048,121.08675019011187,1545.9291367476333,0,173.0
MAC-038,34,78.52697596924226,2.1293981428386606,124.65134520609423,1555.7629730631757,0,219.0
MAC-038,35,76.03089207063304,1.8550633664482707,111.88643269211597,1558.5266609172706,0,175.0
MAC-038,36,74.74055670026446,3.068490042796576,118.87210630233156,1523.0095847175003,0,268.0
MAC-038,37,77.69634610763235,2.489758126458939,117.20612769804163,1572.4015835196071,0,107.0
MAC-038,38,73.38557335041148,2.0086464496542495,119.06282519822494,1517.5344852996116,0,259.0
MAC-038,39,74.95987754316026,3.06019356946052,116.89128197650666,1524.0212692918385,0,180.0
MAC-038,40,76.55236815750924,2.3685218644384074,113.9234730186623,1622.6390329163141,0,268.0
MAC-038,41,77.32382866517757,2.4292326468051364,121.92645511313563,1545.6901366067752,0,272.0
MAC-038,42,75.13790135790482,2.7206866714954328,119.97837794480219,1570.0247634428292,0,200.0
MAC-038,43,79.02150405689967,3.1647164297243804,121.71777811267138,1570.6952206022315,0,108.0
MAC-038,44,78.5435729129529,2.925876663731685,109.50792435915594,1561.4627676660457,0,189.0
MAC-038,45,78.92812714751254,2.1695540830095563,115.47465174259374,1550.3078125924485,0,147.0
MAC-038,46,76.55438101931597,2.2934130321584685,117.72123811555288,1561.7749172226627,0,214.0
MAC-038,47,72.15362436121826,2.60835209277883,115.5220402736211,1517.3722800766304,0,251.0
MAC-038,48,77.30257227253274,2.72660949460127,118.25957378778307,1563.719577458992,0,186.0
MAC-038,49,76.81667274379653,2.202014501908898,121.0498416007371,1569.3946216930112,0,194.0
MAC-038,50,74.00255806940181,3.0112209565662917,116.01722815347655,1563.766292317636,0,271.0
MAC-038,51,76.47807665230216,2.4849516459606833,120.13097821377424,1544.8471848256195,0,285.0
MAC-038,52,78.33475841265778,3.193329253183265,114.69955826124315,1548.1653120417993,0,293.0
MAC-038,53,75.42588361439907,2.7585912978400313,123.985208620717,1518.1584919098125,0,213.0
MAC-038,54,73.33756708006717,2.529200831375205,118.36457901913698,1532.6840087060461,0,117.0
MAC-038,55,76.53565332707157,2.200485335939971,115.20104039567045,1576.902455840446,0,128.0
MAC-038,56,75.48790667029549,2.390601259488746,118.0937369238531,1573.3556854692724,0,101.0
MAC-038,57,76.08812825048636,2.291843141251358,120.33055447956367,1567.764584722816,0,177.0
MAC-038,58,78.46349581561412,2.5531323426571353,119.81080332832158,1567.317703632498,0,167.0
MAC-038,59,76.53789872292494,3.2306843373036305,120.69184834638077,1589.1671864215853,0,197.0
MAC-038,60,78.0095939455354,1.6076088711775816,115.44306685846246,1519.1529684336401,0,216.0
MAC-038,61,74.89653162677025,2.3852826048021076,121.77855766907022,1542.7167543261082,0,209.0
MAC-038,62,78.96258940564466,2.2366980812553754,115.99253652943165,1526.7156674293708,0,266.0
MAC-038,63,79.06326904737374,3.3601320171374036,116.77430316828033,1521.896555854844,0,140.0
MAC-038,64,75.75779860885245,2.6870410535498195,114.26061566064323,1598.5269119534703,0,298.0
MAC-038,65,79.8248558276761,1.6965530497286796,111.66590907767161,1560.6843283328192,0,214.0
MAC-038,66,74.03041617626943,2.6624162491971797,117.48844917743239,1550.7185149128188,0,180.0
MAC-038,67,78.21177285672091,3.4746733591793415,119.41531518369406,1527.2682855265864,0,221.0
MAC-039,0,58.77911502730197,4.0596049079472705,114.2602100806474,1509.2546440980755,0,113.0
MAC-039,1,61.00804791860168,3.9059143663862232,105.68068550739731,1524.2726333969858,0,163.0
MAC-039,2,63.93257375746779,4.669377113283901,105.5624257332346,1477.7562528944668,0,219.0
MAC-039,3,63.604934411344935,4.738921494277907,115.46416841306034,1525.3109290003918,0,268.0
MAC-039,4,58.9627651171119,4.1361029066236465,116.35373527366136,1517.854788641237,0,167.0
MAC-039,5,61.68033495512301,3.610359801763044,114.85001840706965,1489.8741212227667,0,158.0
MAC-039,6,61.923563871571936,3.6447409431032467,120.24068473211756,1537.290759911745,0,229.0
MAC-039,7,62.54570115777601,3.3561384548793267,109.97320286668501,1538.941101064238,0,218.0
MAC-039,8,60.411375675611474,3.7065829310481044,112.39515620023649,1496.785875735551,0,109.0
MAC-039,9,60.08138790625328,4.2221132875921565,109.11211858663845,1577.7824106189637,0,174.0
MAC-039,10,61.311707722893075,2.9017024801489746,113.29971438661855,1509.9325105437497,0,189.0
MAC-039,11,61.81020591622077,3.5448509696130728,108.5832196534927,1551.754119815077,0,200.0
MAC-039,12,57.9632470174023,3.5850876880672993,108.09524089661295,1557.7917486859203,0,253.0
MAC-039,13,60.43239001627235,3.356926441415976,112.23655796861583,1513.1652424888475,0,231.0
MAC-039,14,59.63147730695727,4.172774174995692,96.74998234270777,1511.7703995212294,0,127.0
MAC-039,15,59.776682213282115,4.6002785002281215,113.3069944614269,1530.4164331187885,0,229.0
MAC-039,16,60.92381491864361,3.889449335784912,112.30835269378687,1533.561676927631,0,165.0
MAC-039,17,65.0233666714169,3.6081133475378353,111.9522785271908,1531.8108082971842,0,243.0
MAC-039,18,63.00877690145656,3.481102926427173,109.24625839835299,1500.8178918491355,0,223.0
MAC-039,19,63.10424849061795,3.066266443472864,113.7781226477364,1564.672880034394,0,156.0
MAC-039,20,64.98168965940759,3.6747308181431566,109.35095238213235,1529.5685877539297,0,250.0
MAC-039,21,62.931697479036785,3.761667089278956,109.71164865013388,1552.5050796403618,0,250.0
MAC-039,22,61.21756938718008,3.751170675402242,106.69968157305664,1551.5915738371014,0,120.0
MAC-039,23,61.62437508820222,3.8218537921489606,101.77046656214412,1550.1409340756534,0,202.0
MAC-039,24,58.861723080786184,4.053674547225549,107.18766880857599,1509.588987301684,0,252.0
MAC-039,25,62.98652178743574,3.87854401633726,111.28554097540807,1570.0611559490105,0,157.0
MAC-039,26,65.00029028935751,3.704238015989325,104.5446090485037,1559.3272026123786,0,136.0
MAC-039,27,58.441001712343464,4.065314538098514,109.74087817366085,1532.570954580859,0,276.0
MAC-039,28,63.582801960187545,3.4342928682771774,108.03953676141738,1546.212014168446,0,242.0
MAC-039,29,64.70785543256424,5.064802048367656,103.82628701943688,1522.6587536424938,0,255.0
MAC-039,30,59.06713309579732,4.250990904415043,111.38467744979025,1548.606713667095,0,294.0
MAC-039,31,60.339990013259914,4.177479068930911,110.1856392234042,1533.8955758519573,0,231.0
MAC-039,32,59.977736879389724,4.507736874328297,104.76675353413768,1528.7763642084653,0,146.0
MAC-039,33,64.69198678436824,4.465705934330186,106.86425127357606,1515.2037067628544,0,277.0
MAC-039,34,62.158368215715385,4.152681933060958,117.02985898442503,1502.8657712359072,0,287.0
MAC-039,35,63.7618056439296,3.37699996632927,117.75370930283076,1498.7425045098378,0,289.0
MAC-039,36,58.90231047429452,4.688222803928291,119.96052856845314,1533.0576729843822,0,294.0
MAC-039,37,60.47163985048184,3.8196882019442397,113.15398013676483,1541.1471786414545,0,202.0
MAC-039,38,60.54075367990098,2.8599784436307334,108.36182254135369,1499.9509004944375,0,171.0
MAC-039,39,62.66184006180239,4.012161817505948,110.52409647704405,1526.0356176740756,0,270.0
MAC-039,40,65.06242729965827,4.400911904485336,112.1069457199224,1520.2899831779202,0,188.0
MAC-039,41,63.71021329254897,3.8829652630890426,107.83869717541523,1519.2392513540747,0,157.0
MAC-039,42,62.45394225527251,4.303875137598299,114.25834242350102,1544.2021018471353,0,204.0
MAC-039,43,60.52167712781455,3.5556242271288236,111.8232470395644,1529.410473155735,0,279.0
MAC-039,44,59.1286326960943,3.811590120382994,114.5301762353429,1523.2432924205077,0,168.0
MAC-039,45,64.30472297564114,3.201806854017515,106.95957341465429,1519.59525025142,0,145.0
MAC-039,46,62.775199452901624,3.9339057230037917,106.65006893537044,1493.6055392273634,0,252.0
MAC-039,47,58.756733191183415,2.9510738283880937,115.44771866255473,1509.8692977609824,0,124.0
MAC-039,48,62.49134450436539,4.099616678348229,117.03828236372797,1516.7578238414237,0,220.0
MAC-039,49,61.939670848357814,3.888556780282369,111.70267363513422,1530.670647118816,0,134.0
MAC-039,50,62.814048554031174,4.1939973756495865,111.06774070883719,1521.863001781227,0,288.0
MAC-039,51,59.98148375259868,3.845429140674531,112.18945330849145,1529.2217520806782,0,114.0
MAC-039,52,58.546626369828665,3.6753857144269526,108.44493515514851,1531.352556067676,0,205.0
MAC-039,53,66.20253502023571,4.042791971463422,117.3915471675194,1517.3692949246185,0,227.0
MAC-039,54,61.173993401113144,4.442052974434251,103.1781287303225,1526.3826697093405,0,173.0
MAC-039,55,62.37152804166519,3.7914240081327257,108.24087450977832,1520.8165218511585,0,187.0
MAC-039,56,61.76101169950942,3.0424710012603873,111.70347825641937,1545.5680392037016,0,262.0
MAC-039,57,60.405955704581736,3.047725965258964,108.52015361794399,1528.5756486643781,0,128.0
MAC-039,58,58.97715542296017,3.8430312203276267,111.9405764851854,1555.1026971848066,0,137.0
MAC-039,59,60.800371660661895,3.8835769318772506,108.3255829869171,1521.5074867948929,0,296.0
MAC-039,60,62.53859630651434,3.7104669870760763,115.21335175310985,1530.1151935132154,0,123.0
MAC-039,61,58.84255254093256,3.4812641689080728,123.17229004830638,1529.0417338308314,0,118.0
MAC-039,62,57.89956026197697,3.2585606069648545,107.51605982093278,1513.18525894056,0,273.0
MAC-039,63,58.93180457586648,4.558898009434412,114.40365322319803,1527.0545331471044,0,148.0
MAC-039,64,59.95568033294851,3.7468677631900738,119.98421133384379,1513.7501972608466,0,143.0
MAC-040,0,68.84795211782794,2.629500069130992,119.62078931306228,1536.087599305869,0,86.0
MAC-040,1,72.00562275808434,3.1483734713171727,108.59214181950477,1539.5288637569338,0,84.98823529411764
MAC-040,2,73.07995708593623,2.9953129450719556,113.56489366897723,1526.0948730470084,0,83.97647058823529
MAC-040,3,72.02105083702047,2.848886371368724,123.7526225603012,1487.417577713867,0,82.96470588235294
MAC-040,4,69.6702176644103,3.459726103049826,109.05844926655145,1476.751940803428,0,81.95294117647059
MAC-040,5,75.06324737257866,3.757141259661783,108.96578562068149,1478.5904033352977,0,80.94117647058823
MAC-040,6,70.82971906979536,2.835291390576716,125.42436594865612,1503.5764446752166,0,79.92941176470589
MAC-040,7,75.1635450829358,3.6042692592747145,122.81574483660937,1497.3261899550203,0,78.91764705882353
MAC-040,8,73.71199955954569,3.1919255558405872,119.24245438073666,1531.8379025954375,0,77.90588235294118
MAC-040,9,78.32177837085412,3.1643503797282415,117.60821672620143,1522.5290021191179,0,76.89411764705882
MAC-040,10,75.42104110821042,4.275348333661562,116.71084540936536,1494.9203026419716,0,75.88235294117646
MAC-040,11,77.18265438947374,3.627468982689095,120.3001904837205,1499.0898243601434,0,74.87058823529412
MAC-040,12,76.5168153311653,3.101544844445683,115.65645539561126,1445.2531546019482,0,73.85882352941177
MAC-040,13,73.64003515207179,4.058012652148106,118.52874386307808,1477.4139488114663,0,72.84705882352941
MAC-040,14,77.9866660706059,3.7196176670390506,127.11425251228022,1510.7004910245548,0,71.83529411764707
MAC-040,15,75.73669896883332,4.626004388044498,117.12102878797252,1469.343346129292,0,70.82352941176471
MAC-040,16,78.79155467315059,4.06890659838759,126.31218556552743,1506.5428610825336,0,69.81176470588235
MAC-040,17,79.1123636130113,3.5690203959934426,118.74883769985254,1482.6065872509282,0,68.8
MAC-040,18,75.68660021833504,3.099397228662064,120.85803483948646,1500.0859185342383,0,67.78823529411764
MAC-040,19,74.9294912055604,3.4842257012256685,119.7099456474297,1497.62972571293,0,66.7764705882353
MAC-040,20,74.37170463981727,5.166838478120885,114.24279293824193,1468.1990978116132,0,65.76470588235294
MAC-040,21,79.02380422133496,4.54110504601821,125.48729743282236,1463.5789542819505,0,64.75294117647059
MAC-040,22,75.99688094089431,3.687268868119266,119.83523196745182,1482.6170103743566,0,63.741176470588236
MAC-040,23,75.49821416748097,3.2995242658633406,127.63113229666553,1469.0331788032154,0,62.72941176470589
MAC-040,24,78.94949194228805,4.077185982292922,124.84785073698026,1516.8347024619666,0,61.71764705882353
MAC-040,25,75.39930325386781,3.9009357438346455,117.97901651043847,1510.068925391681,0,60.705882352941174
MAC-040,26,77.88228250015996,4.791775574439715,109.61241871301688,1473.1489346379792,0,59.694117647058825
MAC-040,27,77.4293721680497,5.100481222465024,126.47418740125721,1454.9399503683799,0,58.682352941176475
MAC-040,28,81.54318909560695,5.300130092858828,131.05766456814942,1476.2584543742553,0,57.67058823529412
MAC-040,29,78.06154210020082,4.6384934970373095,121.7944812496006,1463.1091121874815,0,56.65882352941176
MAC-040,30,77.65940746850416,4.495755019435591,134.9446385469035,1462.5762418279342,0,55.64705882352941
MAC-040,31,78.22147955612164,4.088608607152956,124.07669839357632,1468.939031013058,0,54.635294117647064
MAC-040,32,79.58719380959523,4.669892673404793,127.05239938806122,1459.5920610411267,0,53.62352941176471
MAC-040,33,80.95690828356891,5.120976661013724,124.83055508135641,1446.6088037424931,0,52.61176470588235
MAC-040,34,79.78054069983654,5.093288311763894,131.22802069317868,1440.3176382770744,0,51.6
MAC-040,35,79.68400167705,4.464565246223831,118.49480819653927,1419.9728565329506,0,50.58823529411765
MAC-040,36,78.23657772819895,4.596547915068099,128.6193292144267,1420.977169537347,0,49.576470588235296
MAC-040,37,80.51194040184141,5.406492230048713,122.5194713644724,1430.2407688295452,0,48.56470588235294
MAC-040,38,78.06901486947442,4.569451682101365,133.8672760138036,1447.8526210480034,0,47.55294117647059
MAC-040,39,85.2408003192809,4.735349905221831,134.90854526688912,1420.8507405444254,0,46.54117647058824
MAC-040,40,80.17190121395812,6.52314574879774,123.5399857072035,1464.8349865832329,0,45.529411764705884
MAC-040,41,81.34282422682185,4.68166019105808,120.91060718431005,1432.8797107550427,0,44.51764705882353
MAC-040,42,79.39234386866264,5.130496951644862,118.89031865382833,1435.5387014026326,0,43.50588235294118
MAC-040,43,78.78703253193297,5.3063661034682,121.84281080652842,1450.6424557375506,0,42.49411764705883
MAC-040,44,77.88466516596039,5.253075934359631,131.9076568413033,1430.9770056811394,0,41.48235294117647
MAC-040,45,79.84337793774762,4.582815290685192,133.36641038549027,1419.000269062007,0,40.470588235294116
MAC-040,46,80.42616095887263,5.919726116077113,126.99477926004835,1406.0004974296507,0,39.45882352941177
MAC-040,47,81.06879801439739,5.189238366701142,126.17963027518246,1423.3886927040978,0,38.44705882352942
MAC-040,48,86.13598587314976,4.928741838195098,128.80093118851426,1411.215903141201,0,37.43529411764706
MAC-040,49,84.19639699150392,6.179407654263597,130.0579912202646,1399.4296424021998,0,36.423529411764704
MAC-040,50,84.65597087132463,4.923336820389984,120.48366261288366,1461.6532945095335,0,35.411764705882355
MAC-040,51,82.1166314820135,5.594662504933045,134.2715553731511,1414.4601087927879,0,34.400000000000006
MAC-040,52,85.73542256625876,6.328479574701818,124.68904105522483,1430.5802557722295,0,33.38823529411765
MAC-040,53,85.2189238362312,6.106812059875409,134.36274127570516,1358.223273698008,0,32.37647058823529
MAC-040,54,84.01021625439127,5.492656072321639,127.04592012997276,1390.7859274105817,0,31.364705882352943
MAC-040,55,86.31352467494536,6.177679944699139,135.13519829470988,1389.2912420858383,0,30.352941176470594
MAC-040,56,85.64777407130003,5.9926980329760795,138.04228012713506,1409.8055075195139,0,29.341176470588238
MAC-040,57,85.44737189790709,5.7497157502133724,135.0104489136587,1398.41578930601,0,28.32941176470588
MAC-040,58,85.5989627661319,5.970570378845679,130.72162669511835,1397.6885618373856,0,27.317647058823532
MAC-040,59,83.87746359565739,6.140756307665185,137.27751348910277,1397.7453332326922,0,26.305882352941182
MAC-040,60,83.51087645030893,6.4740433328531335,144.85141802926427,1400.1019013734226,0,25.294117647058826
MAC-040,61,85.50879271949026,7.036667835680937,146.03678841786117,1401.5315399488816,1,24.28235294117647
MAC-040,62,82.8274133701931,6.749466589318085,142.1336235519189,1340.6600596693763,0,23.27058823529412
MAC-040,63,88.39731650563061,6.3976387166962585,142.3157149563063,1378.1901262301753,0,22.25882352941177
MAC-040,64,87.44209506663098,6.737335439426568,139.65791329635235,1386.2297463852276,0,21.247058823529414
MAC-040,65,85.19000750350948,6.483916391119733,136.40329479905995,1399.5692385279622,0,20.235294117647058
MAC-040,66,88.18941078367217,6.344823048338769,132.18655768112083,1385.7314470632728,0,19.2235294117647
MAC-040,67,86.50367047938069,7.10835482139578,136.85494034969457,1399.5130394096504,0,18.21176470588236
MAC-040,68,86.211844435766,7.509278815462794,142.40009089634484,1359.1774070271056,0,17.200000000000003
MAC-040,69,86.16176872864393,7.811880822380242,133.31840277580324,1371.7874145088458,0,16.188235294117646
MAC-040,70,88.8417061878753,6.911178551892494,142.0871003089839,1344.7227629435147,0,15.176470588235304
MAC-040,71,92.24968105736275,6.55205658716874,137.80955340135867,1332.2450576353865,0,14.164705882352948
MAC-040,72,90.7083349571712,7.9665108381922565,148.9187672114285,1381.3774350176675,1,13.152941176470591
MAC-040,73,88.10638273110118,7.081454651198066,137.61237251021046,1332.0944191665965,0,12.141176470588235
MAC-040,74,88.49026355549259,7.593115208610653,135.24081184640846,1308.4121128971974,0,11.129411764705878
MAC-040,75,86.80777652538328,7.605982961709984,131.33354968091768,1342.2664266694371,0,10.117647058823536
MAC-040,76,88.77909743960856,7.384014037155628,141.44643057326354,1357.3850565433283,0,9.10588235294118
MAC-040,77,89.4815412654076,6.840888344354951,145.12925402805988,1311.7806298014661,1,8.094117647058823
MAC-040,78,91.57397196467787,7.9433389553589695,152.65481305668027,1329.6456835599543,1,7.082352941176481
MAC-040,79,89.12363336087162,7.456096125896763,141.21359773579687,1359.096408185465,0,6.0705882352941245
MAC-040,80,91.52150209653531,7.311630590785539,141.1783281431786,1358.7447788381976,0,5.058823529411768
MAC-040,81,88.17674018136267,7.428861805976396,144.79120892771687,1316.4194069943155,0,4.047058823529412
MAC-040,82,83.85976784813177,8.3271389743741,142.26406361391813,1310.2758617572554,1,3.035294117647055
MAC-040,83,93.01508688698682,7.557836204022077,137.54119239019397,1340.4961937797918,0,2.023529411764713
MAC-040,84,91.50991278431701,7.413535410196948,139.2160402272328,1310.253246011937,0,1.0117647058823565
MAC-040,85,93.11046883038998,7.1540911134185246,139.42540834927652,1330.4735420624065,0,0.0
MAC-041,0,71.4631739618701,5.084698550978063,102.72324252827622,1575.6883857271027,0,153.0
MAC-041,1,70.91837361727139,4.4051660986150125,107.85471680579622,1584.16456319686,0,226.0
MAC-041,2,69.44172862434569,4.897493825134775,107.77631359819824,1551.1811827096749,0,256.0
MAC-041,3,73.59609843303973,4.555925183294142,103.04024156713947,1598.0802878780144,0,124.0
MAC-041,4,69.39657788149495,4.850651553785361,99.7400144677172,1548.4487816518772,0,162.0
MAC-041,5,68.53501810528964,4.657080213141512,96.89655011643319,1610.149317709877,0,295.0
MAC-041,6,72.9090975703828,5.040288879706382,102.24778471479354,1583.1050275919833,0,214.0
MAC-041,7,68.14310695501496,4.8714610517686445,103.52305909159192,1589.2939077519293,0,240.0
MAC-041,8,73.90715428640928,4.070587804716144,100.9931840670199,1584.4812136769274,0,259.0
MAC-041,9,68.6596598525861,4.279769886051479,104.08864086874134,1571.4393698186275,0,254.0
MAC-041,10,73.14850948296174,3.618107015781402,107.2377480175732,1591.171504742404,0,150.0
MAC-041,11,69.39287348839034,3.9113650125749,91.22247873019423,1562.0442949978074,0,261.0
MAC-041,12,72.62488397350951,4.345526433550562,107.4387962183657,1565.550373833593,0,127.0
MAC-041,13,71.94474298371664,4.014819995647688,96.7960167853573,1575.8052509026707,0,172.0
MAC-041,14,69.20059764086352,3.602158222171293,100.71231831282152,1580.07650357471,0,171.0
MAC-041,15,73.06724788649565,4.841972135256429,107.72360781257063,1592.3549452139541,0,184.0
MAC-041,16,71.19575618140347,3.759096843453953,102.37325280608286,1589.8836707927003,0,209.0
MAC-041,17,73.44540656224439,4.716713567555806,107.8258089894336,1557.3078374187794,0,129.0
MAC-041,18,69.87769541120733,4.588244653520534,107.4286552701193,1575.0432223293058,0,108.0
MAC-041,19,70.3656387452052,4.7171394496913885,95.99453768068086,1610.0958862425528,0,240.0
MAC-041,20,68.77225847728815,3.4142745849102476,101.67422685901938,1611.9169692935955,0,181.0
MAC-041,21,71.70343692417073,4.7491145681917155,101.83082062794206,1574.9002453006606,0,163.0
MAC-041,22,67.44071192431728,3.243876167737806,102.6052535086108,1604.1987791328886,0,137.0
MAC-041,23,71.21879807315965,4.685369060215906,109.54247954460418,1584.5231322749053,0,218.0
MAC-041,24,70.28522046288828,3.9643068938648667,111.73495463126692,1588.4787508291577,0,121.0
MAC-041,25,68.64332723166486,3.7879854627892806,107.88921045105104,1557.1989613179176,0,258.0
MAC-041,26,74.23819897850795,2.9953378981445438,108.73686780535637,1587.6856914693233,0,198.0
MAC-041,27,70.76771950961727,4.285840079169017,111.07754105937663,1592.0889724141082,0,269.0
MAC-041,28,68.7241234457126,3.5141143186754586,102.51037788214303,1577.9263725753358,0,289.0
MAC-041,29,67.4907945887525,4.345872533948731,98.75421865103549,1578.133596612218,0,205.0
MAC-041,30,71.98237788680032,5.119874270421917,106.16833699825293,1563.51898024948,0,163.0
MAC-041,31,71.2683609211619,4.405122857435911,94.96324704325198,1585.9124509399296,0,108.0
MAC-041,32,74.24387533933894,4.389782598783401,93.65297841777948,1578.5531686682564,0,225.0
MAC-041,33,68.10310626555702,4.805372050133043,104.24821677503213,1574.5295941765892,0,194.0
MAC-041,34,69.86820213179188,4.2674521458821255,101.66526428811808,1562.5030948192532,0,271.0
MAC-041,35,67.75502450150064,4.942918770037223,99.69688693392169,1581.288657329467,0,290.0
MAC-041,36,71.1010945658385,4.534579536517506,95.75480183091436,1544.4309919550471,0,267.0
MAC-041,37,69.35314561411953,4.571425062898376,97.98414247903492,1570.8493681720995,0,187.0
MAC-041,38,74.78512549100265,3.4508573542876313,97.848721836854,1615.8798766175626,0,268.0
MAC-041,39,70.44133331951306,4.020576713940444,107.46773640146209,1579.0524039757063,0,212.0
MAC-041,40,69.8339138734155,4.469753760208655,98.33334776949265,1557.5979739883226,0,171.0
MAC-041,41,70.30333680823402,3.868070816651896,101.67735837538889,1585.0359265955708,0,149.0
MAC-041,42,72.23665157560673,4.937531789448313,99.59520930824523,1587.9360874048655,0,247.0
MAC-041,43,71.51557755591622,4.537478654597891,99.2265947616542,1557.3864389968019,0,180.0
MAC-041,44,71.53453444163664,3.520138015593374,100.28469465356493,1526.875174933112,0,297.0
MAC-041,45,67.85772581678698,3.935002327466187,107.10751285455291,1591.7099557341694,0,269.0
MAC-041,46,69.42266129581903,4.7382541942547745,106.06200663330847,1574.7344982785896,0,132.0
MAC-041,47,67.76177437507613,4.269613141656842,101.13442979054581,1553.2987074294795,0,162.0
MAC-041,48,71.26462424936345,4.513475223841077,103.84910531587742,1583.526257189433,0,284.0
MAC-041,49,71.99021673373348,4.283905282753383,102.63281735326125,1569.9929895611733,0,292.0
MAC-041,50,69.3615322322596,5.0426941120709365,91.405048308774,1595.4829950291694,0,204.0
MAC-041,51,69.28944891261219,3.998550207868339,102.93177923673352,1548.155602999064,0,279.0
MAC-041,52,68.8984845196111,3.9489994734334033,100.516900525481,1561.8650414828703,0,198.0
MAC-041,53,73.73276803478205,5.2720775549388765,91.51392420266617,1588.8342493413988,0,105.0
MAC-041,54,72.24785754165866,4.645061897885451,98.333324350948,1573.0658840029132,0,234.0
MAC-041,55,69.03398135394812,4.163437281110485,95.5740666730706,1575.6520188133932,0,108.0
MAC-041,56,67.52492724089338,4.27350201957583,95.38098337090766,1582.0841224819121,0,200.0
MAC-041,57,69.17169154161773,4.518859470627167,107.03179545823039,1609.7367339681782,0,160.0
MAC-041,58,65.47452148546253,3.956472249753008,100.10846143084642,1587.1543516137137,0,261.0
MAC-041,59,67.22982165519446,3.8825230932897914,102.27567782969203,1579.6455600766174,0,262.0
MAC-041,60,71.2857674763437,4.5954071601339574,103.31686398198579,1581.820901578714,0,198.0
MAC-041,61,70.64201021015624,4.70595084155208,90.42727848358535,1608.8344649855087,0,247.0
MAC-041,62,66.12156656174287,3.8339883882376533,100.49008783315575,1591.400053067881,0,157.0
MAC-041,63,64.53999688190427,4.3595071347189815,105.58586701348516,1597.8381575666535,0,159.0
MAC-041,64,69.1358713465086,4.223151653212383,98.54315117194335,1570.0943021755625,0,281.0
MAC-041,65,68.46687756204665,3.9289432154544404,103.79577642654833,1580.580102711539,0,134.0
MAC-041,66,71.51370367868446,4.480576491540318,105.14558482214446,1595.5120752091839,0,146.0
MAC-042,0,69.39963801114857,2.4473400686755054,118.5467339557901,1599.9932288388059,0,163.0
MAC-042,1,69.61724055214967,2.744467727557791,115.08344348514849,1555.1272839949906,0,286.0
MAC-042,2,71.76188672910108,3.211398272669759,108.8643784539087,1605.6115692201836,0,257.0
MAC-042,3,69.59833591172772,3.571530793700137,114.13251980526712,1572.6981348889951,0,131.0
MAC-042,4,66.65594469248872,4.032974278584993,114.42059446540866,1561.9744103918074,0,119.0
MAC-042,5,66.98733269603078,2.811803891602169,124.70531606979242,1586.615429548406,0,115.0
MAC-042,6,70.74834019900496,3.1170355113342634,116.02436892437592,1560.2283958431694,0,252.0
MAC-042,7,71.46929575040134,3.4698643147864323,122.33528833802461,1599.5819324434933,0,159.0
MAC-042,8,66.86100979489743,3.1068871432076346,122.35986327983129,1599.9653836817354,0,272.0
MAC-042,9,68.59442181503974,3.9618769203605653,119.59043427895075,1607.518486649856,0,236.0
MAC-042,10,68.68152887034779,2.78855299174795,121.77146238626972,1595.7490158352255,0,278.0
MAC-042,11,68.97416726002885,2.551317054315557,121.98035337876416,1565.209417193178,0,202.0
MAC-042,12,69.83595166343706,2.4258906625457572,112.69031335361531,1586.9204549454982,0,160.0
MAC-042,13,69.43916999043535,3.0827272993261023,114.28974627297636,1603.3428530866854,0,267.0
MAC-042,14,68.55888831854949,3.071071113874039,116.13797751050795,1566.6243892180855,0,203.0
MAC-042,15,70.53459216312707,2.653025847534974,125.4126085816513,1564.5790037523684,0,160.0
MAC-042,16,68.92710323394351,3.009157426941529,116.36244719581273,1594.717106650149,0,294.0
MAC-042,17,69.86081029599195,3.2423657132113552,111.60612289105886,1557.6525546749024,0,175.0
MAC-042,18,65.81830246340945,2.85234068931083,127.5022635452693,1580.09517090039,0,114.0
MAC-042,19,72.48307108273664,2.957681418088667,117.72548903891773,1592.9940865180151,0,280.0
MAC-042,20,67.69920016978072,3.0880279500128376,108.41129464467872,1563.2964322644611,0,231.0
MAC-042,21,64.9176098965341,3.3370034338382406,110.10882941243176,1609.312087862908,0,250.0
MAC-042,22,68.99328381143937,3.4540885070186524,113.69226928148692,1558.6092122053929,0,254.0
MAC-042,23,67.58579168120488,3.506475485054416,127.5008058601694,1591.2459474684713,0,202.0
MAC-042,24,65.64990481842503,2.48843435336985,109.48392038186569,1578.4952513225114,0,264.0
MAC-042,25,67.72676540717326,2.9060781818563055,111.55844273806379,1557.6065645924775,0,270.0
MAC-042,26,68.46946963126528,3.2165889491912125,111.00134714708328,1590.5529471165796,0,264.0
MAC-042,27,70.17477789628069,1.8089971175772468,124.80395693558484,1595.1227328642533,0,256.0
MAC-042,28,70.19349688685334,2.4639426575943513,120.86129269894106,1599.1201714744363,0,256.0
MAC-042,29,66.97814565031439,3.364320772805503,116.23474933513852,1568.7284906877385,0,276.0
MAC-042,30,67.8883438221754,3.058519999249702,115.41253233231377,1565.2429238664856,0,174.0
MAC-042,31,69.0671469306137,3.2542727559834184,117.65565303468057,1548.7275559671946,0,278.0
MAC-042,32,67.11205591295678,2.5523384780925435,125.58103924998849,1583.436528041068,0,277.0
MAC-042,33,67.7207824400693,2.6950243816631128,116.30126791392085,1596.1093150088677,0,127.0
MAC-042,34,64.62143108194003,3.089466169593706,114.40256965571315,1589.6920489728152,0,173.0
MAC-042,35,69.8794417323106,2.6266234334884038,110.07953744903593,1574.9906277834311,0,232.0
MAC-042,36,70.85537516102917,3.3922121341812415,115.03743334147185,1568.3818641000228,0,224.0
MAC-042,37,67.16253984465818,2.3255707399996934,120.84941760209293,1600.4269736096949,0,155.0
MAC-042,38,67.50696365096566,2.7240428086856703,113.43417846830152,1572.0713382975925,0,163.0
MAC-042,39,66.81089168052006,2.896781552156727,120.85752921470404,1594.7458230557418,0,226.0
MAC-042,40,66.6038573151798,3.0502883654978623,120.156302896239,1562.282880419103,0,220.0
MAC-042,41,68.56407274940882,3.581206435688345,115.70109712421119,1540.7206010565603,0,188.0
MAC-042,42,63.246778051006146,3.1297898766150833,117.45813033107792,1584.8333428912117,0,116.0
MAC-042,43,69.25981375196643,2.2346568420452346,112.8914876810502,1589.539915408294,0,196.0
MAC-042,44,69.75296629179068,2.845940894038223,109.7641600207983,1587.8779224009395,0,154.0
MAC-042,45,68.38350713751258,2.4452591953261456,107.00737698602651,1592.5036805587335,0,236.0
MAC-042,46,67.0463339822556,3.067732490887219,117.67334543764424,1558.1400763390925,0,295.0
MAC-042,47,69.1169668566657,2.5444896876043583,109.44863653721475,1548.6090770906774,0,209.0
MAC-042,48,68.27476506279952,3.7714346685947624,117.1306562306757,1616.7418156174738,0,115.0
MAC-042,49,71.17888243984133,3.232526457293793,124.79800395178435,1610.3060863359535,0,243.0
MAC-042,50,70.63863077370534,2.0322184991136836,115.74182821119875,1567.2047122440272,0,112.0
MAC-042,51,70.62349969709626,2.8207582643564155,125.68709729801287,1583.1098932296293,0,177.0
MAC-042,52,68.22533454376965,2.7850596751400887,116.00247344192965,1586.4535409744412,0,184.0
MAC-042,53,68.1490819380862,2.7419485238033467,114.89741762642736,1617.499042050905,0,172.0
MAC-042,54,72.27626221125124,2.7389847637361706,121.1703989301348,1564.5224689966392,0,290.0
MAC-042,55,67.62758011323359,2.430626501781266,122.02471651138215,1590.7691070447138,0,218.0
MAC-042,56,69.632133397136,3.4185122081088366,112.57749576573845,1574.5902885426813,0,268.0
MAC-043,0,66.99614593670064,5.063766811323387,123.33201713514734,1603.49457999118,0,58.0
MAC-043,1,62.49376016950623,4.440944820289516,114.15520636287582,1581.7183968428749,0,56.98245614035088
MAC-043,2,67.14186691761476,4.030534820384081,115.26291302914802,1575.5258985920166,0,55.96491228070175
MAC-043,3,62.743133785320076,4.955501260796303,116.98845494399694,1602.2036794328972,0,54.94736842105263
MAC-043,4,65.16574789801037,5.168800109087624,119.79051976178096,1526.888816299819,0,53.92982456140351
MAC-043,5,63.19053109915425,5.21730616096692,121.42264338227181,1571.6973941074393,0,52.91228070175438
MAC-043,6,69.06591648697687,5.366730193393998,128.10155324512348,1520.4291723939562,0,51.89473684210526
MAC-043,7,70.21877350567695,4.894373236440336,120.89163522159183,1589.909677553027,0,50.87719298245614
MAC-043,8,62.86577525061061,5.157489745399877,126.32863521235544,1550.3849678480465,0,49.859649122807014
MAC-043,9,69.26761411139555,5.708554372546869,122.64763419058895,1571.2556799435977,0,48.84210526315789
MAC-043,10,70.37422682340903,5.75782089415113,126.96468550841442,1538.2035372133132,0,47.82456140350877
MAC-043,11,69.29377541097001,5.7874597984361404,128.45574902592324,1529.22122329116,0,46.80701754385965
MAC-043,12,70.62183597883389,5.189402229631892,135.05674041029272,1531.163420829577,0,45.78947368421053
MAC-043,13,66.48589538874216,5.569938518632483,129.1125897618648,1552.5855377300084,0,44.771929824561404
MAC-043,14,72.52327424585475,5.651149712641023,121.93817195063534,1527.347198622741,0,43.75438596491228
MAC-043,15,68.45648367561344,5.188997769043022,121.6611412745494,1514.3783807779305,0,42.73684210526316
MAC-043,16,71.29186581181436,6.713909048176643,126.53068774606533,1521.661765746515,0,41.719298245614034
MAC-043,17,71.6873049726025,6.040388843171141,131.01396949166445,1512.782923569744,0,40.70175438596491
MAC-043,18,68.79157512517654,6.509305142448271,126.35563781455124,1546.7807389797797,0,39.68421052631579
MAC-043,19,69.17136030494191,6.449258810291836,129.7066500049384,1494.0525046746075,0,38.666666666666664
MAC-043,20,71.22639377572779,5.310543463252673,134.84072193169797,1494.9946244966752,0,37.64912280701754
MAC-043,21,71.2002789116658,6.402395532850424,123.19802108925609,1554.8824710537372,0,36.631578947368425
MAC-043,22,70.53950160385892,6.356156577763748,125.07844619644601,1500.4902691315206,0,35.6140350877193
MAC-043,23,72.04975637388664,6.92878766521414,129.84383489059414,1495.831251705925,0,34.59649122807018
MAC-043,24,72.5999628327252,5.9799643217733935,135.47672710322107,1497.434267998572,0,33.578947368421055
MAC-043,25,72.0524503861622,5.7765994270652925,127.54417640121494,1537.751718215119,0,32.56140350877193
MAC-043,26,74.52524378264738,7.390379313636118,131.1779572428835,1448.25385433706,0,31.543859649122805
MAC-043,27,73.78623332872243,7.022694136055913,135.59034034984782,1496.4739161206228,0,30.52631578947368
MAC-043,28,72.44827474964805,6.9586942975929995,129.91808469881076,1504.2333377705897,0,29.50877192982456
MAC-043,29,74.14274331852252,6.599431997857339,134.98112649534716,1475.5350204816193,0,28.49122807017544
MAC-043,30,74.04951865030007,6.94874932012025,133.84998360213416,1459.4382368405686,0,27.473684210526315
MAC-043,31,75.09055601793615,7.807134769250628,133.6599672395511,1470.0670263701968,0,26.45614035087719
MAC-043,32,74.63986417478287,7.500996026619687,136.49983904824344,1510.0460778449215,0,25.43859649122807
MAC-043,33,72.46450953403804,7.571047914261712,135.14255612247734,1475.1838834959808,0,24.421052631578945
MAC-043,34,76.7717014296152,7.41076795808296,129.73876574428178,1477.3413097160276,0,23.403508771929822
MAC-043,35,77.70415887064371,7.588085877040143,140.54678839531903,1464.8745728000765,0,22.3859649122807
MAC-043,36,77.67160921451116,6.9070781131742525,146.9794728451303,1461.6226530862834,1,21.368421052631575
MAC-043,37,76.11893228737583,7.651280995699326,131.5406380092512,1439.3556325555458,0,20.350877192982452
MAC-043,38,77.52222128592953,7.927421387761647,137.92117820879082,1458.5988428913643,0,19.33333333333333
MAC-043,39,77.61878420962977,7.355032403868465,134.88219647235644,1459.0549037631754,0,18.315789473684205
MAC-043,40,77.0523054864263,8.188861631722032,137.16023500941623,1449.5227313798969,1,17.298245614035082
MAC-043,41,78.889152894603,8.371555750174263,141.893629933716,1488.5937113299858,1,16.280701754385966
MAC-043,42,80.54700678088318,7.474969136390511,133.45145464340573,1439.9916484702476,0,15.263157894736842
MAC-043,43,77.63843651281455,8.496646425694415,141.87096846894954,1432.3660566681058,1,14.24561403508772
MAC-043,44,81.8884485433333,9.114704898143229,130.8461083800304,1410.0104734861918,1,13.228070175438596
MAC-043,45,82.04840603628915,8.908726281257058,142.93574855963533,1435.358551566218,1,12.210526315789473
MAC-043,46,79.99251969406663,8.828318401822438,141.82211406332652,1457.8459349921545,1,11.19298245614035
MAC-043,47,79.1810930085957,8.65522331258792,145.90864880514977,1431.5315687330633,1,10.175438596491226
MAC-043,48,82.23472716237947,9.061743382586588,139.85000869573264,1404.3815745304569,1,9.157894736842103
MAC-043,49,79.73766999856034,8.276756156345193,133.2115312505443,1443.181880548453,1,8.14035087719298
MAC-043,50,77.80601765046796,9.835576383655294,140.36975971011773,1412.331271079971,1,7.122807017543856
MAC-043,51,78.89310425225894,9.18333659483842,142.22147640004678,1415.672054248068,1,6.105263157894733
MAC-043,52,80.6934717359779,9.317667951013672,139.92359209037062,1412.5771502729638,1,5.087719298245609
MAC-043,53,83.53650984461629,9.889121484120984,148.5899252216554,1409.3511322261909,1,4.070175438596486
MAC-043,54,82.9414379593098,9.406379883854482,148.9112224660729,1389.2190382009367,1,3.052631578947363
MAC-043,55,85.10862026350159,8.86738363961426,147.8764685545156,1411.485540705514,1,2.0350877192982395
MAC-043,56,82.30389900544486,8.650897346402875,144.78929948101091,1344.611305526759,1,1.0175438596491233
MAC-043,57,83.63512814657076,8.884174255451292,162.1956444128343,1414.934350898367,1,0.0
MAC-044,0,75.8162016818819,2.710640072988422,102.31027857849156,1499.9399800489375,0,213.0
MAC-044,1,75.07909071325926,2.9512044395226704,108.48480296704676,1538.6330265051492,0,205.0
MAC-044,2,79.47525234774157,3.09112094853802,105.23205703385463,1510.566279546323,0,104.0
MAC-044,3,75.13484455597394,3.3522701507213233,114.48391571536351,1539.9035506990485,0,196.0
MAC-044,4,76.14248302388383,4.091508333119745,107.980654537271,1531.5040879203268,0,113.0
MAC-044,5,77.74839655830208,3.399124202739513,119.54387750545007,1557.0260041221254,0,179.0
MAC-044,6,75.58482324095164,3.931624737559045,107.36013086085185,1538.287940383688,0,219.0
MAC-044,7,77.42757934012172,3.145785657503839,102.44038960190893,1565.7995769293552,0,259.0
MAC-044,8,76.80604639727692,3.2018782431760253,103.91477050630365,1521.9421772581516,0,277.0
MAC-044,9,78.1934612233074,3.2715841268132664,104.83635069459788,1519.3753740062505,0,254.0
MAC-044,10,80.81382453566142,3.866612978216868,107.56365009646746,1546.5822954568846,0,134.0
MAC-044,11,75.60876821235469,4.312637547375363,104.27727244713381,1568.0818569672429,0,102.0
MAC-044,12,75.74839974359591,3.909743687483895,105.44978991461028,1537.9786512139074,0,103.0
MAC-044,13,73.0579733719169,3.0604035069879654,112.16545442858937,1506.8493668132007,0,234.0
MAC-044,14,78.18206953633542,4.851993100060562,107.38073201602687,1575.1607048910626,0,230.0
MAC-044,15,77.78223403873585,3.6834321464381627,106.48890428484373,1529.0781924522494,0,180.0
MAC-044,16,75.98179113159185,3.2894230862050544,106.73166598956605,1576.6334508869706,0,210.0
MAC-044,17,79.24695385722016,3.6544410736678388,107.68672692105896,1530.9178744365777,0,158.0
MAC-044,18,79.24092936514272,2.735854534766652,114.26864383874282,1521.7207838651268,0,173.0
MAC-044,19,75.62991011623373,2.9406424767551114,105.38943497911555,1519.0084958297389,0,228.0
MAC-044,20,78.72498075870136,3.889569264597391,101.14741673464887,1515.0867022276689,0,255.0
MAC-044,21,75.11406268853358,3.0791781698018172,103.21793361452627,1515.8113661293473,0,158.0
MAC-044,22,78.73455043859047,3.302829353804878,107.49418707499768,1544.3041149668286,0,217.0
MAC-044,23,72.69178320411488,3.908727570895851,96.08127890377295,1515.948934241169,0,280.0
MAC-044,24,77.73274101741978,3.6144218992921533,102.91346955972779,1496.9661904934965,0,237.0
MAC-044,25,78.32728584075906,3.769053089718495,100.33336941569509,1513.394940776295,0,298.0
MAC-044,26,78.45177437197273,3.7022056246298503,97.81418221767339,1518.0177911206183,0,202.0
MAC-044,27,80.31259111442041,4.0531223774049,104.61853482639918,1533.0731660176295,0,230.0
MAC-044,28,72.04724678053731,4.2053157189483645,102.35858473134529,1516.452384709127,0,234.0
MAC-044,29,77.8979542930301,3.237026674591504,95.50084881697539,1540.821936556926,0,108.0
MAC-044,30,73.36708406855823,3.522606075660856,106.20372280900432,1527.068944356384,0,198.0
MAC-044,31,75.8512742101373,4.327465323342064,112.44217161812222,1514.274938654108,0,296.0
MAC-044,32,75.208495432233,3.2820697802923933,104.45848332128391,1530.9860948944563,0,240.0
MAC-044,33,79.8321739119755,3.4592374650461375,99.46435112520612,1520.8654339074558,0,267.0
MAC-044,34,77.14476906953378,3.4234411905418667,106.18370210618573,1527.7422483039202,0,213.0
MAC-044,35,77.84760429050537,3.5078707883379465,98.53366217224197,1525.6886638676497,0,161.0
MAC-044,36,80.82082032839126,4.170115869333842,98.80733874256158,1568.1935994420567,0,161.0
MAC-044,37,76.67221383392754,3.3078116742130854,103.20776941238884,1533.7621950281116,0,109.0
MAC-044,38,78.56613709370338,3.6470178924770194,106.28269086789246,1556.8523482535961,0,186.0
MAC-044,39,75.59982840260423,3.7032192690383026,106.81005844309122,1535.3203168442383,0,110.0
MAC-044,40,77.39601386121403,3.206399815901622,109.51567076658755,1521.5486445250908,0,161.0
MAC-044,41,77.30731891640261,3.657198690471112,101.18261435835035,1565.0749707808895,0,176.0
MAC-044,42,79.83113525391386,3.091586479901809,108.61215155701723,1530.1749785573425,0,203.0
MAC-044,43,75.05034593766881,3.736258351677134,108.78463402337933,1535.8474057894973,0,155.0
MAC-044,44,75.67101215761755,4.216715192110897,111.44266744189031,1518.9679192066474,0,209.0
MAC-044,45,76.57978449339595,2.7625207857108434,108.79238863681991,1559.1757502358023,0,148.0
MAC-044,46,77.17709746434842,3.0343095117407315,112.69216180846631,1573.2340734904506,0,115.0
MAC-044,47,75.53425650657148,3.7747339574815975,108.69904652737397,1548.373299843045,0,172.0
MAC-044,48,76.49439750866738,4.450940485198995,96.78920078324296,1501.5759332508828,0,215.0
MAC-044,49,76.3666391003472,4.423784899060445,110.41414447198372,1502.759200530576,0,192.0
MAC-044,50,82.08490822853561,3.8291751437857835,98.8545809306589,1530.7833223271464,0,236.0
MAC-044,51,78.33229898317887,4.178241180929451,104.28579759078686,1543.0690374161818,0,132.0
MAC-044,52,76.14844491181479,3.5190779818628855,108.23961834190625,1561.4400396042931,0,187.0
MAC-044,53,74.12308246011091,3.4356097728800656,101.6059946393283,1512.4656569706392,0,262.0
MAC-044,54,74.2799244333176,3.564478986288557,99.25287859530214,1510.4964379762887,0,138.0
MAC-044,55,76.03930381248541,3.0622796869261246,107.15865001560707,1523.0428313686925,0,213.0
MAC-044,56,74.00897852188591,4.714863694784841,93.95188800510267,1549.751840639971,0,176.0
MAC-044,57,77.09021088958526,3.3096309300984306,100.07710707433607,1567.1941409735311,0,186.0
MAC-044,58,80.6457980284994,3.4055983807477106,102.42450071009313,1555.200670767731,0,252.0
MAC-044,59,75.90600359587394,3.8437308082152017,107.40575407844048,1533.372242976578,0,213.0
MAC-044,60,76.72820647083003,3.7368004031908773,99.17275946540938,1519.0311040316749,0,155.0
MAC-044,61,76.84953112197783,3.3248638725819246,118.5024415048576,1535.277317638999,0,275.0
MAC-045,0,70.9993742490802,2.907238459128028,109.82988193560979,1603.1592569606273,0,94.0
MAC-045,1,68.95520784595435,3.916401016924818,108.7893927166353,1559.7014695337357,0,92.98924731182795
MAC-045,2,66.68372368360673,4.2115843140800635,106.37941434826766,1593.540813888773,0,91.97849462365592
MAC-045,3,68.08624729726843,4.267105727775345,123.41683281568545,1542.7388213179966,0,90.96774193548387
MAC-045,4,68.12939443998437,4.048171190068749,115.26728274560924,1589.880200032539,0,89.95698924731182
MAC-045,5,69.36416216494004,4.708563828040523,113.61146439839925,1547.8748518259968,0,88.94623655913979
MAC-045,6,70.21814222310971,3.166204788776125,121.29507279389111,1556.8798185323967,0,87.93548387096774
MAC-045,7,71.92217215013167,3.5858431537611537,110.58257838847823,1529.7537005883098,0,86.9247311827957
MAC-045,8,72.34632034407036,4.5239618419285375,109.39882596663526,1534.9265423394893,0,85.91397849462365
MAC-045,9,72.96936918101169,3.104442030422522,120.39547748937252,1545.6155626059024,0,84.90322580645162
MAC-045,10,69.36891756733358,4.104985404902996,109.42626532074425,1547.4335838646623,0,83.89247311827957
MAC-045,11,72.49623287577165,2.8193895151157293,123.14820691161327,1560.3209485653733,0,82.88172043010752
MAC-045,12,69.4151029430694,3.5785144884173334,120.21349150944587,1569.3415450430725,0,81.87096774193549
MAC-045,13,74.9873622398937,3.7989572400203393,117.05732774006609,1563.7241850027958,0,80.86021505376344
MAC-045,14,73.81710188327455,4.757160713500193,112.30723796126054,1550.7817618374447,0,79.84946236559139
MAC-045,15,71.41903334905659,4.220405704467673,119.70487033696737,1517.856797612972,0,78.83870967741936
MAC-045,16,75.07084193658226,3.730312068375688,114.99500376433656,1573.6886865430406,0,77.82795698924731
MAC-045,17,73.72088419107732,4.522859594001095,110.94787407251737,1525.800469752773,0,76.81720430107526
MAC-045,18,75.16014350589515,4.111714336488772,114.69559386866389,1563.833553915876,0,75.80645161290323
MAC-045,19,71.39056957926506,4.594095165035798,117.7038388021718,1542.3731548030491,0,74.79569892473118
MAC-045,20,72.66629136369592,4.222741497222707,112.41663028852923,1549.9525102666719,0,73.78494623655914
MAC-045,21,72.57963020186426,5.050232887899699,117.00482483572051,1517.002540382957,0,72.7741935483871
MAC-045,22,73.6530667780477,4.413623467109538,123.49226603848425,1528.6638868118791,0,71.76344086021506
MAC-045,23,73.7890397373907,5.378016908785696,121.30723452333095,1567.1703513425114,0,70.75268817204301
MAC-045,24,77.07231646536597,4.281853751219753,124.03480112418495,1562.2946372894653,0,69.74193548387098
MAC-045,25,77.8326186793318,5.272674526551225,124.2418107629005,1523.6076909999942,0,68.73118279569893
MAC-045,26,73.30499420343261,4.655709364675856,111.39939971736102,1554.3891586074715,0,67.72043010752688
MAC-045,27,74.62593841074316,5.530674878018766,113.88499577458705,1547.0580911446134,0,66.70967741935485
MAC-045,28,74.41552897066676,4.296016298693401,128.49723285766405,1545.4241665369166,0,65.6989247311828
MAC-045,29,76.04164108484377,5.008361434777171,122.87834162713106,1525.0428451339812,0,64.68817204301075
MAC-045,30,74.24627029357606,4.838557846678931,130.8035296293992,1572.465748853725,0,63.67741935483871
MAC-045,31,79.16892516982719,5.336887441014406,119.63034424186623,1500.9312365487574,0,62.66666666666667
MAC-045,32,74.79178929595223,4.874333130951417,132.39405854867496,1550.8929407798807,0,61.655913978494624
MAC-045,33,77.96167685413022,4.723851861450086,126.4226669112715,1507.8672947075486,0,60.645161290322584
MAC-045,34,72.375867154418,5.40090025771883,118.06697100971627,1494.350907121492,0,59.634408602150536
MAC-045,35,76.39383600201703,5.061379941908697,122.42440105453672,1506.7377051284805,0,58.623655913978496
MAC-045,36,73.3557997609046,6.123871912183022,117.99795047148356,1487.208688851747,0,57.61290322580645
MAC-045,37,76.66307740046608,5.36275698341866,130.52888210655638,1509.5174660209864,0,56.60215053763441
MAC-045,38,78.66588082971255,5.6073839902566505,124.71043987106125,1508.1959274671603,0,55.59139784946237
MAC-045,39,73.8802475338024,5.398348143406947,129.6835864475934,1578.7202980470859,0,54.58064516129032
MAC-045,40,75.54986391130808,5.788038855350591,121.33619694153612,1538.6990563344211,0,53.56989247311828
MAC-045,41,75.46368221225094,5.942160109708055,117.47452326955708,1489.2470253207994,0,52.55913978494624
MAC-045,42,78.31538702978109,6.217727694781622,119.4438935724556,1506.7583600844957,0,51.54838709677419
MAC-045,43,78.63433509550342,5.8724700364165106,129.94054021284416,1465.711905672974,0,50.53763440860215
MAC-045,44,80.4307355524715,5.50481240609051,130.9473928504728,1495.9265326493694,0,49.52688172043011
MAC-045,45,78.60325480058702,5.547443337451513,129.90364948353553,1512.3267540937622,0,48.516129032258064
MAC-045,46,78.16937443934758,5.329144528467928,129.5773786626552,1456.0094419690015,0,47.505376344086024
MAC-045,47,76.83681860334882,5.417489162956379,124.34821996890557,1456.1257634508986,0,46.494623655913976
MAC-045,48,75.7830096171984,5.434308692913469,129.9569935531326,1455.2938602182041,0,45.483870967741936
MAC-045,49,79.19283603750003,7.028571510626513,126.81789960630428,1485.4477018808632,0,44.473118279569896
MAC-045,50,78.19406131435208,7.190151195655506,124.6764467469178,1471.907328822773,0,43.46236559139785
MAC-045,51,82.93302466423673,6.070738135740328,127.94151204215623,1468.7079965215523,0,42.45161290322581
MAC-045,52,79.96200850963434,6.400047752942886,130.7859330109409,1459.3491347386157,0,41.44086021505376
MAC-045,53,79.19227831090174,5.96342019246176,121.33409593012175,1438.277838618013,0,40.43010752688172
MAC-045,54,81.53153947509222,6.790477627839799,133.0147414030169,1420.3189587511977,0,39.41935483870968
MAC-045,55,80.65984096400271,5.8233252378176665,129.6973510625653,1457.4746542632752,0,38.40860215053763
MAC-045,56,82.54656090802521,6.417986159774976,119.81780333504177,1444.361747609004,0,37.39784946236559
MAC-045,57,81.58707328263614,6.5258094089528935,122.58857770728143,1430.8466114196042,0,36.38709677419355
MAC-045,58,81.900759685576,5.832112030673788,121.59296354946773,1450.5453356634318,0,35.376344086021504
MAC-045,59,81.02414278519916,6.147936934391103,126.73657483451704,1457.5972008060382,0,34.365591397849464
MAC-045,60,80.77347511796363,6.675677173254876,128.67206587372542,1458.5458298748556,0,33.35483870967742
MAC-045,61,84.18297801364336,7.113144074479456,137.3346098458127,1469.8281051305976,0,32.344086021505376
MAC-045,62,83.11644790330048,6.5299958223257875,129.27390181257138,1433.3819614894699,0,31.333333333333336
MAC-045,63,82.86115737976681,7.14859686986353,127.9035173484076,1448.0654908704428,0,30.32258064516129
MAC-045,64,81.71014029766697,6.957771784963072,129.10408737924317,1431.891977043369,0,29.311827956989248
MAC-045,65,81.91769732269326,7.157950496153751,131.68640620851136,1435.9860942947812,0,28.3010752688172
MAC-045,66,84.01320567509853,6.7522194898588435,138.12189163976188,1422.9495462464488,0,27.290322580645167
MAC-045,67,83.32921960181636,6.31028647712087,131.0740791480531,1406.7064997917132,0,26.27956989247312
MAC-045,68,85.40856163001598,7.449112460818863,137.04845091229615,1438.7489997748671,0,25.268817204301072
MAC-045,69,82.36895373292437,6.718881750659801,141.0976092559466,1464.7574326729057,0,24.25806451612904
MAC-045,70,84.5865708136929,6.914426538999314,140.60901502950676,1420.0261677947453,0,23.24731182795699
MAC-045,71,85.01192487342998,7.901413698100409,129.90335435386126,1448.3730431607157,0,22.236559139784944
MAC-045,72,85.8081140063727,7.258868263647101,129.43702779268904,1415.1721166714397,0,21.225806451612897
MAC-045,73,85.5586605178331,6.620149626683891,135.37706401961609,1438.3542719802706,0,20.215053763440864
MAC-045,74,87.16296467519679,6.685830976256175,141.62373014650143,1459.312862608168,0,19.204301075268816
MAC-045,75,86.22559342245258,6.919176712135658,133.72109615506406,1422.325988247731,0,18.19354838709677
MAC-045,76,86.15898326193332,7.502383268531492,137.08661724750857,1419.3353384288505,0,17.182795698924735
MAC-045,77,86.3610363909435,7.314322270990736,134.30900688429335,1407.5021105916317,0,16.172043010752688
MAC-045,78,89.87810722837395,8.329725864020256,139.09556035544398,1443.4011343720515,1,15.16129032258064
MAC-045,79,87.85327679476839,7.741602540051825,129.1103816364477,1409.524016449726,0,14.150537634408607
MAC-045,80,85.79904429022274,7.1376208631104205,129.52657590468326,1422.494022209101,0,13.13978494623656
MAC-045,81,87.33089467644787,7.173651448984395,133.5471436817056,1433.736421166376,0,12.129032258064512
MAC-045,82,85.13925896211992,7.895940880346805,136.64679365221684,1418.5115855500658,0,11.11827956989248
MAC-045,83,85.395202641287,7.908774656511659,138.75844697295636,1410.8602726789409,0,10.107526881720432
MAC-045,84,87.4783316199719,8.089229067400362,149.19283468265124,1455.3549525153105,1,9.096774193548384
MAC-045,85,86.25451757992003,6.81099440628876,141.53060846217727,1405.7263866034455,0,8.086021505376351
MAC-045,86,89.86779953730745,8.16575033568437,139.1653005923662,1422.4518097484965,1,7.075268817204304
MAC-045,87,90.49604295321478,7.383218845797915,135.1083988952099,1395.6341590707107,0,6.064516129032256
MAC-045,88,88.36812298168307,8.016698762873991,141.68161465638747,1415.540454468358,1,5.053763440860223
MAC-045,89,91.82943311272217,8.472338365798269,135.5680593109827,1390.5431746035915,1,4.043010752688176
MAC-045,90,88.4460751662084,8.4933934632641,142.08971680658817,1432.37097255531,1,3.032258064516128
MAC-045,91,87.8865193356645,8.481640099518625,152.2415825643091,1377.5312420205396,1,2.0215053763440807
MAC-045,92,89.31260895596185,7.870016071434916,141.19760900989604,1371.503377421391,0,1.0107526881720474
MAC-045,93,91.32867932805064,8.469307240874324,136.42933714801762,1401.791414765509,1,0.0
MAC-046,0,74.80437629279228,3.7982475796424016,112.48374655877574,1415.7134969824062,0,223.0
MAC-046,1,76.69146993662018,4.477316191265795,111.50171497000636,1475.219699895098,0,232.0
MAC-046,2,74.28716397078237,3.458662901431144,104.39119681524608,1409.6078247665992,0,275.0
MAC-046,3,76.11211143243854,3.877382807929313,113.46172042688261,1420.2104674518837,0,112.0
MAC-046,4,73.31292372908398,4.458574431060094,110.69876599129888,1411.470470438413,0,131.0
MAC-046,5,78.31838440589732,3.8219505798056046,110.51420724648084,1436.7668941572658,0,294.0
MAC-046,6,75.4584631629411,4.099684416132259,107.14325409769631,1421.6848807383672,0,178.0
MAC-046,7,79.06612647606029,4.321707477049134,120.05646241171236,1454.9122386137672,0,190.0
MAC-046,8,77.12037847615358,2.949211459993786,119.15286749949513,1461.2101936225354,0,257.0
MAC-046,9,76.42457053705014,4.180322513456297,110.46670060182697,1463.8218115146703,0,105.0
MAC-046,10,76.73879351894958,4.709053638318269,116.05819230947189,1469.7471707381555,0,124.0
MAC-046,11,76.84092830445738,3.922242796766114,107.28119357975885,1450.6760588868196,0,255.0
MAC-046,12,79.56660590943139,4.918239953644611,114.53778855757892,1448.2781578945576,0,289.0
MAC-046,13,76.82686209074957,3.9904176808616367,110.22813352804275,1436.1134890212757,0,249.0
MAC-046,14,78.11755416684873,3.5435755578694326,112.44231505419064,1426.2903704501673,0,167.0
MAC-046,15,77.00906059368945,4.2580603202951535,113.00465778061273,1440.7375992884413,0,242.0
MAC-046,16,74.85391330578607,3.9314571604592126,114.77970689135685,1425.8295013906607,0,125.0
MAC-046,17,81.93858219627852,2.575114362451985,116.0494252503334,1448.052369943533,0,290.0
MAC-046,18,78.85168870775597,3.807834347363329,114.88098618460586,1451.1597834355537,0,117.0
MAC-046,19,76.31674767609316,3.8693258056340625,111.21100536136414,1411.9209058399256,0,172.0
MAC-046,20,79.20286279298372,3.437547782202001,104.63829619758333,1423.0140606304028,0,290.0
MAC-046,21,76.17072504757088,4.233967499139073,112.89355527427105,1461.4439287582345,0,161.0
MAC-046,22,76.43541038129105,4.156812930492268,126.32570414552023,1440.9169231869785,0,167.0
MAC-046,23,79.49182056840344,4.066486826656721,105.01721293435153,1445.5126197937848,0,147.0
MAC-046,24,78.38143548505627,3.589854302844863,107.70740770045627,1447.6759386509764,0,277.0
MAC-046,25,75.8237153645359,4.786550796884966,112.6984349889213,1409.3301328887057,0,162.0
MAC-046,26,76.74053028710046,3.580660825399109,124.1894728410999,1416.104494908246,0,296.0
MAC-046,27,77.53608831725437,3.4508138096115064,114.62388199938898,1423.358605570335,0,233.0
MAC-046,28,75.49040951147772,3.622080704645918,110.63062035481946,1421.9513862919555,0,285.0
MAC-046,29,76.69090212596291,4.312075893484519,110.52888850014315,1411.1137205948671,0,150.0
MAC-046,30,76.84429091615743,3.746895824276714,105.4462413887239,1466.3158330445638,0,111.0
MAC-046,31,79.50368179876969,4.434814366353407,114.08823019891908,1391.9223248418336,0,274.0
MAC-046,32,80.83919027703416,3.287943814689071,108.21665585147018,1436.9227767235445,0,225.0
MAC-046,33,80.52498253709744,4.246371561520218,116.65899517236078,1427.5597327869448,0,108.0
MAC-046,34,77.11330779157292,3.892699828534051,111.47723536506301,1451.5826319910227,0,106.0
MAC-046,35,79.42875817274759,4.015398655130371,99.49778316263378,1436.356041117981,0,256.0
MAC-046,36,77.55081508229173,3.803740795423783,108.35596637874863,1407.3005556364512,0,278.0
MAC-046,37,78.69479980370723,3.5415773356779865,115.00105454001867,1420.3779862907404,0,282.0
MAC-046,38,80.60034412474249,4.220260415829399,113.61172511421007,1429.530505576717,0,286.0
MAC-046,39,79.47334059935353,3.9160019021627206,113.32051051113369,1454.653582035628,0,283.0
MAC-046,40,80.62159515257042,3.0935224023012453,106.87566903473164,1418.1910593348598,0,249.0
MAC-046,41,74.76367364847003,3.688353731759442,115.1281718477032,1433.367907945389,0,245.0
MAC-046,42,76.70027956053134,4.2829568731085965,112.83037158751442,1440.6559331917622,0,157.0
MAC-046,43,80.07699245355666,3.6581070251184507,122.42865993460407,1424.8399737670004,0,139.0
MAC-046,44,81.76441925278294,3.2323604035878075,114.71501408588287,1420.945630468311,0,188.0
MAC-046,45,80.00765507771932,3.4806116906148032,113.5819455247011,1420.7854339236044,0,130.0
MAC-046,46,79.64297319109036,3.391852364224448,120.54466379519401,1413.876331705208,0,283.0
MAC-046,47,75.07726700710084,4.1955040335835605,109.16937137016306,1433.651527575445,0,262.0
MAC-046,48,77.1240405360857,3.0634238609676725,111.74262125078899,1459.094591743882,0,125.0
MAC-046,49,79.77479685036828,3.83562437585698,117.6889310366562,1412.6059021505523,0,295.0
MAC-046,50,77.11761418594713,3.917630464909122,111.47551543739512,1428.8598072349046,0,205.0
MAC-046,51,75.36723537911494,2.679057300222662,116.21692169622885,1438.6607053094804,0,183.0
MAC-046,52,79.57251960017733,3.5011100234648302,108.5637001473427,1433.9272331771685,0,261.0
MAC-046,53,79.47692214098278,3.6040018870501904,116.1365154931231,1413.670113732574,0,175.0
MAC-046,54,77.44562857741741,3.684670922505002,118.25953929109026,1437.9488218047538,0,243.0
MAC-046,55,81.26067788034553,3.0458855945702763,112.77718409353707,1437.3842346280446,0,222.0
MAC-046,56,79.00870923893088,3.313048026319572,120.54982126853486,1434.055552673871,0,141.0
MAC-046,57,75.59438781788731,3.7117154993372083,110.5617819570801,1489.4609766893823,0,232.0
MAC-046,58,79.86841004280717,3.744558672398126,111.56800614548465,1452.817411094065,0,160.0
MAC-046,59,79.76624716441357,2.263953034883693,115.34255534514733,1434.3556047240083,0,143.0
MAC-046,60,75.14623520018318,4.159835064356106,123.35852963927199,1444.9321927809913,0,134.0
MAC-046,61,79.96937972827087,4.62178754052622,107.97627881788041,1396.6448449410973,0,207.0
MAC-046,62,79.08225497037614,3.595922226323292,105.25672230962296,1432.2328751217199,0,190.0
MAC-046,63,79.22361759133838,3.645242162161838,108.19345141780548,1429.3261326385054,0,227.0
MAC-046,64,77.72956991315445,2.7549868632309766,111.41371480562721,1406.909464401538,0,100.0
MAC-046,65,79.08657474779933,2.9392067067506287,117.19105059423535,1425.612972460157,0,142.0
MAC-046,66,76.68257143021312,3.8669552931950038,107.79741734536371,1439.371188927037,0,131.0
MAC-046,67,76.3043052943804,3.4413607383816327,114.15436041812634,1411.024659169748,0,202.0
MAC-046,68,75.23984824023242,3.8438407482491885,111.99309030903375,1437.1701287406236,0,290.0
MAC-046,69,78.42380131719997,3.748415771447508,115.168052691316,1435.7449995840088,0,132.0
MAC-046,70,73.75391504440654,2.8457856972130897,121.76733547269109,1433.797711185613,0,194.0
MAC-046,71,79.66900614719134,3.5468760417304797,111.83751409951101,1424.728980759019,0,208.0
MAC-046,72,82.70037750667987,3.8463492057260886,109.45330004394968,1400.765479575832,0,165.0
MAC-046,73,81.71598972922884,3.638088801929866,115.84873516928866,1450.9162196505667,0,129.0
MAC-046,74,76.8428617968964,4.055954382237095,109.10689813772258,1413.9877466036473,0,109.0
MAC-046,75,80.09745222878156,3.640633304632918,114.72015373949395,1442.0146937220711,0,122.0
MAC-046,76,79.04438676386772,2.941459527443205,109.20113691489883,1427.3067706945073,0,196.0
MAC-046,77,76.10556549795416,3.9342314185522116,118.06205495946016,1460.6999669513616,0,138.0
MAC-046,78,77.09011331333737,3.865710925772971,114.35580709393116,1446.2213957285064,0,272.0
MAC-046,79,76.01225269761186,4.6300181286765,116.76019049321289,1452.8492607182845,0,222.0
MAC-046,80,80.17544295755793,3.98679596567701,106.9910224562258,1431.0168192133335,0,256.0
MAC-046,81,74.46641605363331,3.9272642493935597,111.28152128065294,1432.985826173897,0,257.0
MAC-046,82,80.17652510392844,3.491230975265788,110.86697377762029,1434.2357397637002,0,261.0
MAC-046,83,74.08853834492987,3.586696166663016,99.69861501004975,1422.085842606521,0,279.0
MAC-046,84,79.4789009505428,3.9433612736695522,109.15348801921029,1434.612238208912,0,202.0
MAC-046,85,75.61854370949632,3.7185562929692577,126.77919099894322,1470.7123002518745,0,121.0
MAC-046,86,77.87376710379166,3.799800077001705,107.22976299830792,1417.7604916854148,0,104.0
MAC-046,87,78.49289148796653,3.4572817117257753,116.64833754573858,1465.189987463991,0,238.0
MAC-046,88,78.43376441331922,3.770596597463981,103.7236914469274,1448.7484787498768,0,259.0
MAC-046,89,75.48118024067902,3.5107234302273076,116.92546903340634,1454.3914371306164,0,251.0
MAC-046,90,76.8355077890569,3.5152702270840246,108.63099520519731,1409.8391989379174,0,238.0
MAC-046,91,76.49893187954865,2.9131629850866734,115.54290247902199,1441.6867459476732,0,238.0
MAC-046,92,78.88958141349816,3.2425259692564463,106.15223675390538,1434.8665593307069,0,244.0
MAC-046,93,77.89672797365759,3.646093080787545,110.68017322554142,1468.0117893983236,0,259.0
MAC-046,94,78.6205728673431,4.705067190277263,118.47241469863883,1467.8616923647826,0,182.0
MAC-046,95,75.61959731104514,4.016313490043032,109.96876212651381,1400.528539617245,0,254.0
MAC-046,96,80.7605291828682,3.572881731691203,106.85208142014724,1425.504996579462,0,131.0
MAC-046,97,76.1760745982095,3.372879010735684,111.01957262056742,1468.4125777053307,0,160.0
MAC-046,98,76.43588841066789,4.549363326653613,116.37177355137828,1441.7217051161574,0,124.0
MAC-046,99,79.26476290826089,3.7265558264627465,118.5578400907978,1445.1358791097778,0,163.0
MAC-046,100,74.43919087370611,3.867853960489,116.04745528644375,1428.0162494724113,0,291.0
MAC-046,101,78.021034589185,3.413298997206814,105.23946129116287,1402.7887364258108,0,255.0
MAC-046,102,74.69438686961941,4.054250365779284,99.67618102959902,1420.466675305166,0,267.0
MAC-046,103,76.23721627326638,3.5786482265502855,102.84543182179965,1441.874035739248,0,190.0
MAC-046,104,75.22220005543734,4.285930764898652,109.01876113353651,1431.8840133761973,0,241.0
MAC-046,105,77.77607055686755,3.8418485209743034,112.31266145896139,1425.2540628697832,0,141.0
MAC-046,106,78.45461990514522,3.9528015597914945,108.30191623593257,1442.3236302239068,0,138.0
MAC-046,107,80.15196344856054,4.072675092596294,116.78946577971661,1437.2346908225848,0,101.0
MAC-046,108,75.89622195160739,3.314905764692195,113.72702941075272,1452.651548347482,0,180.0
MAC-046,109,83.34034667174525,4.2106389667633195,106.27541078399315,1418.4508223972362,0,100.0
MAC-046,110,82.32555747566914,3.6125335285556286,112.36516274528711,1414.5879354362512,0,208.0
MAC-046,111,80.89872965490562,3.96989459820433,108.25458283205411,1413.9197680672903,0,259.0
MAC-046,112,78.38293073555289,3.7418310819842437,116.28814065758631,1444.7356433069797,0,224.0
MAC-046,113,77.2395621462199,3.4478271968133343,111.3278788299865,1422.7826569113006,0,163.0
MAC-046,114,77.50813177814761,3.7279484588537084,107.63793510458038,1446.4098710863934,0,258.0
MAC-046,115,77.0276674148178,3.298785819401346,110.36955243007132,1438.6414369768415,0,285.0
MAC-046,116,77.93459924338374,3.9307870519962487,116.61932019685831,1459.8950779245963,0,181.0
MAC-046,117,78.33949516913324,3.185026800926269,110.78203555882916,1413.7099061567756,0,177.0
MAC-046,118,81.1622309911817,4.713428435807599,115.37914555896238,1450.9654506972163,0,210.0
MAC-046,119,78.27040923023046,3.902755952274413,104.14031847983506,1432.3176265392976,0,241.0
MAC-046,120,76.00621671906462,3.8604062633132026,111.829540344538,1472.732713091358,0,296.0
MAC-046,121,79.60177822120282,3.86198398580484,110.79289113578254,1467.3167030196344,0,115.0
MAC-046,122,77.70861355150409,3.8855649753616563,112.33883759361484,1425.7131957302893,0,296.0
MAC-046,123,77.84153528852818,2.7387445692048598,104.38905756527473,1440.7888846778283,0,153.0
MAC-046,124,80.90492222481211,3.893838546616102,108.5257452969974,1404.939198763089,0,240.0
MAC-046,125,79.33757736470842,3.436130419036467,115.34376666424347,1441.5935770057501,0,223.0
MAC-046,126,78.72512362826652,3.7365288482207957,114.04581149632888,1431.407185819309,0,179.0
MAC-046,127,76.49790977502073,3.237978464285992,100.20254558162577,1430.1740825963454,0,178.0
MAC-046,128,80.80727920966105,4.084768040812817,113.26613516386045,1419.1161739586528,0,258.0
MAC-046,129,79.7632012952753,3.6600733386425053,120.00226114042596,1414.174528578542,0,296.0
MAC-046,130,76.26858378781182,3.2960930224342033,104.7169977193106,1415.0553801406004,0,248.0
MAC-046,131,77.97495536328897,3.3636274821187038,92.84571292527768,1455.2817397928382,0,226.0
MAC-046,132,74.40033538506233,4.014342136987336,112.2836625198285,1476.1437301728427,0,257.0
MAC-046,133,79.76243780680238,3.4674256968015307,108.61727175970411,1463.8508274604214,0,122.0
MAC-046,134,74.81678064955432,3.8151679625033714,111.4719872552323,1426.9317524703422,0,137.0
MAC-047,0,75.3746896992553,4.816504855526445,109.44857850020722,1590.447734598064,0,66.0
MAC-047,1,73.41358407284307,4.455391532452799,111.51950837724549,1584.948943148312,0,64.98461538461538
MAC-047,2,75.21583810797704,5.379526824257464,111.16248343267549,1588.2441418622225,0,63.96923076923077
MAC-047,3,75.68447322619934,4.692780842600342,114.47805323095788,1601.3312286059693,0,62.95384615384616
MAC-047,4,76.12446053510882,5.186144526604605,111.03725309975728,1617.6236742962176,0,61.93846153846154
MAC-047,5,74.75776566372731,4.314718407574788,119.31936081010646,1572.9198534488482,0,60.92307692307692
MAC-047,6,75.75142506550847,4.951590823400339,124.83155878514073,1579.2776967836073,0,59.90769230769231
MAC-047,7,77.76004145372309,5.381433101154812,117.27777918533296,1597.128080392399,0,58.892307692307696
MAC-047,8,76.46185999100784,4.647414092360889,120.72234984379132,1576.0593173957557,0,57.87692307692308
MAC-047,9,77.48255924226362,5.687017061652723,114.98290092572702,1563.50883377769,0,56.86153846153846
MAC-047,10,77.30622941180401,5.231653888100947,123.23703139726835,1531.8195065419457,0,55.84615384615385
MAC-047,11,82.59442456618007,6.041836696997219,108.85583526277705,1552.5510494701803,0,54.830769230769235
MAC-047,12,77.83859869377733,5.874856482622613,113.25336703713565,1554.64457989706,0,53.815384615384616
MAC-047,13,78.23648203236945,5.385861562622414,114.27104268802354,1569.3498629334397,0,52.8
MAC-047,14,75.38858605155987,6.069367787714734,123.09690083431578,1543.5723002023212,0,51.784615384615385
MAC-047,15,79.18952711412534,6.487933395272975,116.03963720085032,1532.880115361004,0,50.769230769230774
MAC-047,16,78.39684437550703,6.564606270793501,126.4799089434396,1513.9650562192112,0,49.753846153846155
MAC-047,17,81.70332353535923,6.467155200113078,128.24095971581067,1546.554718520708,0,48.738461538461536
MAC-047,18,79.9053521032091,6.706066965982841,124.42205007561581,1580.720223130852,0,47.723076923076924
MAC-047,19,82.21431833672021,6.285990186666545,115.51155467077159,1521.173608273692,0,46.70769230769231
MAC-047,20,77.72802299377084,6.1774427561817316,126.46695999336211,1529.6882270176611,0,45.69230769230769
MAC-047,21,82.9464137903773,6.529518216689246,120.27570603297329,1528.4838488603675,0,44.676923076923075
MAC-047,22,82.15018693799766,6.506100624959123,123.49913408054837,1508.3200405749312,0,43.66153846153846
MAC-047,23,80.64307132843334,7.641476899562212,129.34259084295198,1491.193921760168,0,42.64615384615385
MAC-047,24,77.07811624693537,6.626100287966827,128.12216831750965,1507.241599917615,0,41.63076923076923
MAC-047,25,84.15840192137425,6.693588935503584,123.29404290129028,1529.73243715926,0,40.61538461538461
MAC-047,26,81.35436318220414,6.596166067855791,127.91473106512292,1510.9519118641329,0,39.6
MAC-047,27,86.53869761779445,7.162189510943202,128.16250935067987,1507.559434653849,0,38.58461538461539
MAC-047,28,84.7736847274885,6.729730493871946,126.88487441955911,1487.193363604756,0,37.56923076923077
MAC-047,29,85.40608846156078,7.112094304661241,135.84009643659635,1550.334889187939,0,36.55384615384615
MAC-047,30,85.15687488299619,7.076762187391873,121.6517540120246,1517.5536145494175,0,35.53846153846154
MAC-047,31,84.35383541095065,7.387324527122727,135.4855589644791,1479.9398496806712,0,34.52307692307693
MAC-047,32,82.38768824922784,7.075851714117732,131.39717323050246,1504.4953572279248,0,33.50769230769231
MAC-047,33,82.74794986582926,7.648098709411889,121.73964884182249,1473.612875906355,0,32.49230769230769
MAC-047,34,84.61144255787272,7.068864211830613,132.64955583408891,1493.0649760230508,0,31.47692307692308
MAC-047,35,88.67650985053594,7.297744727898592,128.043793090176,1508.5147555139613,0,30.461538461538467
MAC-047,36,85.26657619206412,8.244097610187149,131.81349035184763,1434.2210709047158,1,29.446153846153848
MAC-047,37,88.10658892964094,8.029215968650856,134.32055778502334,1440.0269297012148,1,28.43076923076923
MAC-047,38,84.72849848183023,7.354257721070141,125.8128333712141,1510.0546448796956,0,27.415384615384617
MAC-047,39,86.33397303175535,7.706087242291517,133.23302721514042,1483.5719245693015,0,26.400000000000006
MAC-047,40,79.99075358918127,7.476946520788997,123.8635882291506,1477.1617100443073,0,25.384615384615387
MAC-047,41,86.38578448479512,7.883576647371889,120.98947782819982,1459.9282406570978,0,24.369230769230768
MAC-047,42,89.49686012015917,8.656365182429914,135.43093912490139,1436.3856762516423,1,23.353846153846156
MAC-047,43,90.08843352550808,8.389399144136414,131.70522231142064,1419.5639528001068,1,22.338461538461544
MAC-047,44,89.77985012387919,7.807072427402292,134.4765420415627,1458.402253272732,0,21.323076923076925
MAC-047,45,91.252480494461,8.116229675152802,133.12469044040452,1485.576380839268,1,20.307692307692307
MAC-047,46,87.16227634111436,8.661832169613021,132.6617252309874,1430.9229307592939,1,19.292307692307695
MAC-047,47,88.78407310508678,8.676280876470702,140.8778984998077,1477.4373466760032,1,18.276923076923083
MAC-047,48,88.49525328622428,7.912561279408178,132.9702002565832,1421.2825488721835,0,17.261538461538464
MAC-047,49,88.95303933887264,8.31111082937198,138.6558912297999,1397.764157310196,1,16.246153846153845
MAC-047,50,88.22362614856267,8.194941894718479,141.40862192560164,1416.5756703301602,1,15.230769230769234
MAC-047,51,90.44718706306425,8.569394415487121,141.14274375228888,1447.7388921380884,1,14.215384615384622
MAC-047,52,90.53939011043732,8.431882761160553,127.12036405710306,1437.7336649313227,1,13.200000000000003
MAC-047,53,91.6609125468866,7.997539967974836,130.66815120555515,1434.808248254705,0,12.184615384615384
MAC-047,54,91.5812466252729,8.365407694923709,134.42084391390316,1390.00156898556,1,11.169230769230772
MAC-047,55,93.96052136351395,8.28655172204309,140.45700989253154,1423.0018288035976,1,10.15384615384616
MAC-047,56,94.08821109816729,8.616119455097511,138.50652194253618,1386.7022015116152,1,9.138461538461542
MAC-047,57,87.93500048806857,9.386170869175203,129.7296746500312,1413.0760859773686,1,8.123076923076923
MAC-047,58,94.13767536092422,9.537104081047381,135.7864218601822,1382.840070907593,1,7.107692307692311
MAC-047,59,93.43710449131973,9.910647620187708,136.2527043611425,1395.513573437311,1,6.092307692307699
MAC-047,60,91.671341145301,9.60108115991875,146.16102824109063,1383.7573913475399,1,5.07692307692308
MAC-047,61,90.02761175541998,10.561032541238994,139.58637172411133,1410.5770804586534,1,4.061538461538461
MAC-047,62,91.94334399586432,9.711773110756702,145.7278354916146,1408.4848449460028,1,3.0461538461538495
MAC-047,63,97.11195213415877,9.379177236817377,140.06766420747556,1404.0867455097894,1,2.0307692307692378
MAC-047,64,94.86318957417238,9.7322807385768,135.41454689242244,1402.6786187778494,1,1.0153846153846189
MAC-047,65,93.48794941658363,9.403576176265748,142.45357775550957,1374.1675586770507,1,0.0
MAC-048,0,65.23209476474005,2.5913711533125734,107.07866641733936,1502.7677136054342,0,199.0
MAC-048,1,59.99686714651196,1.7272562374134384,108.25166539534042,1502.2840062873063,0,100.0
MAC-048,2,64.46963356190892,2.0745336984505287,111.69932512650624,1492.7049474330013,0,254.0
MAC-048,3,61.4601771323976,3.156236317459949,106.24109468497596,1498.1334695836492,0,144.0
MAC-048,4,63.5739692305383,3.185014067003618,102.69678295754619,1482.5241900257147,0,162.0
MAC-048,5,61.10664093051861,3.0771831611705913,107.54219481394749,1496.4377085255019,0,157.0
MAC-048,6,63.89471203192972,2.500884280013995,116.16400266481659,1462.6742767536878,0,267.0
MAC-048,7,60.60859077822765,1.9876416227357026,109.38170169437329,1509.8027825159645,0,162.0
MAC-048,8,61.07166044294982,2.4329986695838,102.00011114188595,1528.4096483035362,0,137.0
MAC-048,9,61.34926992654694,2.444142365113388,116.61087094598334,1487.7420429729707,0,128.0
MAC-048,10,59.57336899926835,2.315073596270375,104.51200910032645,1473.4623867461141,0,139.0
MAC-048,11,60.007220568590675,3.8776891907648667,103.04909405170692,1464.9399109341382,0,246.0
MAC-048,12,61.950152589292564,2.632230684376359,112.09841366109842,1483.7012636759255,0,187.0
MAC-048,13,59.657066879525914,3.5070737576500024,100.73976095546693,1501.9949280656638,0,155.0
MAC-048,14,62.77469951031856,3.081064935166089,107.281302537558,1469.818512284596,0,143.0
MAC-048,15,64.39312171292025,2.4474417472251564,116.44819878365061,1502.1444290118259,0,292.0
MAC-048,16,60.426245630589534,2.866935397550378,114.55221866353388,1496.4247150902152,0,199.0
MAC-048,17,59.91892876901979,1.7764373768365167,106.67692451375788,1510.9357616981142,0,240.0
MAC-048,18,59.373425953661815,3.010794906206761,108.93920425684546,1509.6928568319408,0,257.0
MAC-048,19,56.71562985332095,1.9600463075259424,106.48521721404632,1532.1084116057677,0,148.0
MAC-048,20,59.885557331551766,2.6068222205893443,119.55186232072454,1503.3556921356296,0,214.0
MAC-048,21,63.11335384286057,2.349051515158965,114.69314258141745,1521.4108487907056,0,174.0
MAC-048,22,62.397290149579824,2.627225403096468,111.5953451510722,1462.2692329884314,0,290.0
MAC-048,23,63.5713614561178,2.2456530223083906,107.40521791067644,1521.134047491722,0,298.0
MAC-048,24,63.58921815498803,1.8596500149855548,104.06156626667561,1507.5852170962405,0,262.0
MAC-048,25,57.91527872264246,3.3798869900224355,109.38783426226087,1523.0413015562415,0,238.0
MAC-048,26,59.904319936638494,2.342128050112411,113.96897386685364,1488.8554965664523,0,148.0
MAC-048,27,58.912250684500385,2.9509498628445576,100.83634498393626,1523.6256353345802,0,206.0
MAC-048,28,61.76251053943698,2.2253856321356085,114.5241491631521,1518.0386579167819,0,210.0
MAC-048,29,61.40155847271744,3.807918235755124,120.05993285815141,1501.2499232064713,0,214.0
MAC-048,30,63.52490585772287,3.3246164861337615,103.1235916173756,1500.5172753715246,0,267.0
MAC-048,31,60.03042189902178,2.2587630953965148,109.4062429510916,1498.7177752894563,0,120.0
MAC-048,32,58.17007444695149,2.8420715110355372,107.54346990653752,1522.7413283722396,0,146.0
MAC-048,33,63.71951484134662,2.2422096309355837,115.36185073393702,1505.502056929274,0,102.0
MAC-048,34,60.9575316818383,2.414124381155515,103.0599768839171,1470.4229932692774,0,257.0
MAC-048,35,57.739835774986425,2.680654738669412,98.49793412671163,1477.4526318602266,0,226.0
MAC-048,36,62.707792702793995,3.4168462848524377,103.05613550506163,1506.9751046234321,0,166.0
MAC-048,37,60.77472382158213,2.412110808230447,109.57154422861653,1481.686023021309,0,161.0
MAC-048,38,61.22574295652162,2.705681892947572,114.60111476276764,1522.332868169781,0,264.0
MAC-048,39,60.19700135035139,2.5352437600981634,112.8192640365925,1491.1636796021862,0,249.0
MAC-048,40,62.82275345910597,3.121313726810716,113.89413314755251,1496.5384851108283,0,130.0
MAC-048,41,59.06713579648049,2.586255844074795,106.26178805491259,1510.3257290401432,0,145.0
MAC-048,42,64.44503449752118,3.4470307382247114,113.22583489974915,1476.0873159466603,0,144.0
MAC-048,43,64.20040335220362,2.8834753230698946,104.67431874637431,1512.0215011523392,0,113.0
MAC-048,44,60.95199628879834,1.6954466983400016,103.89677112455493,1493.476479634816,0,220.0
MAC-048,45,61.18457455622279,2.1377370901426733,112.55357247595157,1505.178281320189,0,239.0
MAC-048,46,58.52256841434674,3.986908856772834,102.72526896130228,1485.6280261406248,0,218.0
MAC-048,47,62.144901850086924,2.442937948201839,116.06959103542162,1491.2771642578514,0,290.0
MAC-048,48,59.55065678203625,2.977473896746302,94.30115787494483,1505.4593303056604,0,176.0
MAC-048,49,63.97394335600196,1.5168777670402944,106.77819557527802,1461.859389206061,0,187.0
MAC-048,50,61.4203508904901,3.7919740604069383,109.94457364887805,1490.4110191540535,0,265.0
MAC-048,51,55.74534707647541,2.1171526571119275,108.1331142993725,1496.6461153273494,0,216.0
MAC-048,52,62.08032421354688,3.0542612220002394,104.2698671999492,1495.5847473226088,0,274.0
MAC-048,53,60.40147869971005,2.201042053942421,104.43891277650391,1505.6003189846426,0,223.0
MAC-048,54,56.265639807805044,1.7426788325471507,124.63415959831094,1481.4928273450137,0,153.0
MAC-048,55,64.3318223353271,2.6378843518790878,105.99034309802951,1507.926915737199,0,282.0
MAC-048,56,61.55527942609596,2.580676877745052,108.57824050673162,1502.6636201797537,0,147.0
MAC-048,57,60.01767873447217,2.4292836164151064,103.91053041075688,1470.6338364516682,0,299.0
MAC-048,58,65.09426034388916,2.217087703167026,113.79118442544599,1487.6663685025435,0,200.0
MAC-048,59,62.47504604617296,2.6692553968436945,99.841812343612,1495.36190049999,0,114.0
MAC-048,60,62.60554357581814,2.192722940686738,120.40678263980647,1511.0267650337817,0,298.0
MAC-048,61,63.036032541954214,3.1337997225093077,97.12801479179944,1508.8802356166925,0,212.0
MAC-048,62,65.94625168979003,3.049920761019587,107.48423149350877,1472.4765754654854,0,115.0
MAC-048,63,58.97038515669769,2.004246415195994,106.7960528699923,1473.4202654403205,0,270.0
MAC-048,64,61.090145986426116,2.772183218621957,100.19899485900578,1479.4811543125452,0,234.0
MAC-048,65,60.23599420117242,2.3665827562219612,108.88778426737991,1497.2785953482573,0,142.0
MAC-048,66,60.545511094869774,2.333984108316573,108.69514124862478,1523.6288830438039,0,127.0
MAC-048,67,58.48318178043199,3.236056789034041,100.62988740464263,1502.0196282839597,0,165.0
MAC-048,68,63.493319244075046,2.0084616975915535,110.55201066879498,1473.857959482784,0,197.0
MAC-048,69,63.73472510533772,1.8701731384013567,104.33584345242512,1497.4105467787717,0,159.0
MAC-048,70,62.817041228900656,2.7165723251281135,111.27391212058254,1483.7986172648452,0,227.0
MAC-048,71,59.211880521940984,3.4025202157318892,111.29203314569367,1485.0282501689464,0,230.0
MAC-048,72,58.086588983969065,3.281800432768052,115.11998070575994,1490.433661019677,0,228.0
MAC-048,73,60.07286807139982,2.540565689545681,107.74427125535142,1510.1736883702984,0,258.0
MAC-048,74,59.11837438393344,2.3784115923569202,107.87986685746819,1499.9507623004138,0,155.0
MAC-048,75,63.1268519010854,2.8257041579053794,117.55873110917118,1474.952018364219,0,183.0
MAC-048,76,64.31736503056285,2.193276437792555,106.82169180044768,1502.5274114387685,0,273.0
MAC-048,77,63.74983381981883,2.473386634702848,110.7607834686444,1488.470474420271,0,131.0
MAC-048,78,56.80296356583132,2.6509959652353166,102.59056200640019,1520.212731378087,0,180.0
MAC-048,79,63.95090624198273,2.252215029687898,103.84973268065602,1482.203341896308,0,117.0
MAC-048,80,62.45888309885518,2.9383944752263567,125.83846240747425,1488.609358642394,0,295.0
MAC-048,81,61.576832982928124,3.6360803762435596,110.22991481681088,1473.021436626117,0,134.0
MAC-048,82,62.07802561398125,3.0226215303545954,107.0897328172845,1510.6885432267186,0,203.0
MAC-048,83,62.80667376633513,2.440991339497969,116.55672384323313,1479.111363973172,0,199.0
MAC-048,84,62.26871721078413,2.369156915794376,100.3336703160206,1501.9503896420217,0,122.0
MAC-048,85,65.25274962677929,2.643293337377705,101.33108357884112,1499.22411125094,0,240.0
MAC-048,86,59.756727903811964,3.197109952577112,107.65503679592983,1459.3317032393365,0,241.0
MAC-048,87,62.4111416239932,2.7746526951338497,107.29881724016116,1474.0068971540472,0,264.0
MAC-048,88,64.97236844765705,2.444259607955078,113.28369973522626,1485.5177122164241,0,104.0
MAC-048,89,62.7557420724802,2.6969399567889973,108.93828283802878,1478.2534757215944,0,249.0
MAC-048,90,62.450382470588714,3.372775667946315,103.62631196742961,1478.1372815475322,0,127.0
MAC-048,91,67.28325290224161,2.1694129535652835,106.02532378915497,1522.456957824993,0,231.0
MAC-048,92,64.22174563636227,1.4561723353781588,112.62533844799785,1490.8828547823864,0,149.0
MAC-048,93,61.09538381207371,3.2527756656124516,107.05732923938238,1484.5439427977446,0,201.0
MAC-048,94,60.751028138246156,2.4956625457888637,110.53499394452868,1521.2495486072846,0,128.0
MAC-048,95,62.249197256353405,2.6637816829253533,111.53015269979058,1510.3868727043953,0,136.0
MAC-048,96,62.55011436444521,2.336561404970227,110.92123142047426,1452.3919133676168,0,262.0
MAC-049,0,70.83252247483263,4.582598822984779,105.90935515274566,1544.0620283347048,0,117.0
MAC-049,1,70.80740452584504,3.3033591269600278,113.27572951067094,1556.437095540233,0,115.99137931034483
MAC-049,2,71.24053017236183,3.0114403962237497,110.32151424492432,1531.39552901143,0,114.98275862068965
MAC-049,3,69.46267196078833,4.316910358781728,107.3937242511012,1517.568343845519,0,113.97413793103448
MAC-049,4,74.50495949507749,3.747920255725501,108.84022963454166,1523.686277486616,0,112.96551724137932
MAC-049,5,72.05130704524348,4.647659213823852,119.92241946072558,1533.9199914268966,0,111.95689655172414
MAC-049,6,73.2519747907522,3.97508877780923,114.94860646276949,1487.8908783000818,0,110.94827586206897
MAC-049,7,73.38569923450389,3.730983998315536,115.89724557853152,1521.417840012881,0,109.9396551724138
MAC-049,8,72.57955056656775,4.636520536805382,111.20701112027449,1508.7857606585599,0,108.93103448275862
MAC-049,9,73.06491518198207,4.790437932281175,116.993470483261,1516.6081202132514,0,107.92241379310344
MAC-049,10,75.63365209730347,3.9944115108989604,121.47037383636774,1523.2023926884199,0,106.91379310344827
MAC-049,11,76.53856754620854,4.108648606818826,115.878740846518,1516.3800991502817,0,105.90517241379311
MAC-049,12,74.11290034839085,4.724747332313833,116.52512336173226,1490.6208015144578,0,104.89655172413794
MAC-049,13,77.11451221356377,5.341258942470429,110.02612812811846,1519.7218422403862,0,103.88793103448276
MAC-049,14,76.07066302953017,4.548060006892218,125.98962312499563,1481.5708850026558,0,102.87931034482759
MAC-049,15,73.61991464937385,4.522522975868318,122.97598166184872,1530.84566571973,0,101.87068965517241
MAC-049,16,72.50649752255524,3.6236816011107096,122.53085196011443,1507.3212877357364,0,100.86206896551724
MAC-049,17,75.41795568240862,4.956501884473941,114.83973907936058,1498.4839037300337,0,99.85344827586206
MAC-049,18,76.30753057179469,4.121913411498186,116.43406297709117,1503.6682145736231,0,98.84482758620689
MAC-049,19,76.47816844804555,3.916909546784092,122.73757632561868,1508.59800649841,0,97.83620689655173
MAC-049,20,73.91750520425941,5.807404225374076,114.9059555076042,1512.8427192547756,0,96.82758620689656
MAC-049,21,76.3280562150659,4.5187260269208975,120.3662947178442,1507.116198753171,0,95.81896551724138
MAC-049,22,81.6532742261522,4.043990718045783,106.61594914783976,1474.5307326248528,0,94.8103448275862
MAC-049,23,76.05459622446102,5.143742024155538,120.91023545886793,1489.9803491684493,0,93.80172413793103
MAC-049,24,79.35912519440355,4.4582908606692815,128.9969059136996,1503.7254592953818,0,92.79310344827587
MAC-049,25,79.45594691025603,4.425007511865957,119.17974053160489,1460.3803752803879,0,91.7844827586207
MAC-049,26,77.22805918278026,5.099668488265342,131.2396647763809,1489.512237776149,0,90.77586206896552
MAC-049,27,73.76407008156383,5.454034028125447,116.88688759881794,1460.796564024852,0,89.76724137931035
MAC-049,28,78.37350915864299,4.640737428152823,118.7154516345751,1512.5269265473453,0,88.75862068965517
MAC-049,29,78.16760979427707,5.365915213358139,115.08419511058688,1496.8786583050348,0,87.75
MAC-049,30,76.75657197233781,4.888086418934854,124.26525128286426,1481.2246693509526,0,86.74137931034483
MAC-049,31,74.55580836075222,5.628878647514275,127.71691455991818,1467.6020131315308,0,85.73275862068965
MAC-049,32,78.87113284068249,5.652362857936252,113.39225136470085,1467.334872487807,0,84.72413793103448
MAC-049,33,73.46945964650092,5.555369411439452,125.22453838271691,1462.8245314367962,0,83.7155172413793
MAC-049,34,77.69471705776752,5.0970188447865565,113.04671098452509,1500.2272726136455,0,82.70689655172414
MAC-049,35,78.676480079286,5.251682426474765,122.81588934612292,1486.6659720349787,0,81.69827586206897
MAC-049,36,75.16341049861673,4.928867175390561,124.82607537001267,1493.113414286352,0,80.6896551724138
MAC-049,37,73.68796709977778,5.907323885328826,120.47756171632734,1463.3610491418533,0,79.68103448275862
MAC-049,38,78.74657414898002,4.899603510617961,118.0727628456585,1471.5340310583042,0,78.67241379310346
MAC-049,39,82.63958101856286,5.021661399909679,119.7601800859029,1441.1990045538614,0,77.66379310344828
MAC-049,40,78.56972051305681,5.046171321274436,119.98130080433552,1468.167840501438,0,76.65517241379311
MAC-049,41,76.30268441791891,6.39138240315581,119.16446560943317,1484.883703342345,0,75.64655172413794
MAC-049,42,83.30867458141817,6.222006911189411,130.66864258564695,1476.468755186328,0,74.63793103448276
MAC-049,43,79.96119470631584,6.255099828643317,124.25318669483038,1476.140582925618,0,73.62931034482759
MAC-049,44,81.92015295595229,5.9626891852366,124.4660363672511,1466.8893240239504,0,72.62068965517241
MAC-049,45,79.13684646074655,5.479257416498993,130.0072817439089,1458.3413867805887,0,71.61206896551724
MAC-049,46,81.59801741974876,5.870196921347542,128.87277836478944,1481.6744441101646,0,70.60344827586206
MAC-049,47,79.893200574464,5.634851049047179,128.73063065997928,1400.422197811348,0,69.59482758620689
MAC-049,48,81.80608430150784,5.448315321642559,135.21768746276854,1466.0841005359287,0,68.58620689655173
MAC-049,49,82.39146958116164,6.391951431044731,124.79856683334663,1443.3779089492573,0,67.57758620689656
MAC-049,50,77.34642626553479,6.712102345283343,120.91007154043398,1446.5737338901695,0,66.56896551724138
MAC-049,51,83.3512542655089,6.774700840521079,126.35317977066349,1411.039226620475,0,65.5603448275862
MAC-049,52,81.53425861007076,6.216881027704154,129.98355648626625,1437.3403582743351,0,64.55172413793105
MAC-049,53,80.96693041070066,5.746026178022559,128.91379101176526,1457.7779606127674,0,63.543103448275865
MAC-049,54,81.94049323948614,6.113802303513035,133.99565539313323,1445.1631576807172,0,62.53448275862069
MAC-049,55,81.64693820838175,6.2173515964711275,122.58115977216072,1416.5219351365574,0,61.525862068965516
MAC-049,56,81.507405342725,5.852545388777845,128.6632211150894,1453.7480891022362,0,60.51724137931035
MAC-049,57,83.3382752197484,6.460263862727822,133.36959404683762,1455.5110888093707,0,59.508620689655174
MAC-049,58,84.08609337244857,6.79147572990395,123.408191435516,1395.3723001436301,0,58.5
MAC-049,59,80.70823918093086,6.12106321521583,134.30166717171002,1429.5560031812045,0,57.49137931034483
MAC-049,60,81.47999928913836,6.473960551726737,132.59423990869394,1445.2912728128674,0,56.48275862068966
MAC-049,61,81.78452329671035,5.956421576443382,126.27873394537902,1430.4693978738485,0,55.474137931034484
MAC-049,62,80.67698090749342,6.951814439374502,125.2145948041681,1395.2069060816093,0,54.46551724137931
MAC-049,63,83.26316218389951,6.382396019343,133.04030710281052,1414.6667754648408,0,53.45689655172414
MAC-049,64,83.92965431208869,7.066735658887116,127.82399283122763,1433.1904573531253,0,52.44827586206897
MAC-049,65,86.88588692512174,6.991530434872674,127.2310304428604,1427.9264528238696,0,51.439655172413794
MAC-049,66,80.86203564840818,6.069751584311936,138.91232068039622,1427.6780633094077,0,50.43103448275862
MAC-049,67,86.71297604214017,6.904414206034042,128.98290351934074,1418.6741269455704,0,49.422413793103445
MAC-049,68,84.3434190380368,7.840879642366079,135.48148321270466,1401.23213312928,0,48.413793103448285
MAC-049,69,83.59137781157713,7.013206583175438,126.78244929497336,1414.0356117743024,0,47.40517241379311
MAC-049,70,83.73941055146861,7.062443096137985,131.98513482349043,1384.7206559380902,0,46.396551724137936
MAC-049,71,84.22903126061537,7.246396945953981,139.96160628561282,1430.2150794386243,0,45.38793103448276
MAC-049,72,81.29943384155904,6.236871645576732,127.70579383680753,1439.3755697251006,0,44.37931034482759
MAC-049,73,85.65183195866797,8.267409879786618,139.67052911826835,1409.461905686967,1,43.37068965517241
MAC-049,74,83.92183672656333,7.177569644374115,137.71035661828483,1430.0635406259807,0,42.36206896551724
MAC-049,75,84.42572576519382,8.129213030202731,133.53947426603628,1427.7995083822152,1,41.35344827586208
MAC-049,76,85.84813222043957,6.8987974340623825,124.19964352980129,1377.648716696097,0,40.344827586206904
MAC-049,77,87.6990885018158,7.494858073195833,137.23732130888874,1431.7995517705795,0,39.33620689655173
MAC-049,78,83.55812800717541,6.925410740325747,132.5086380109533,1372.232090373056,0,38.327586206896555
MAC-049,79,84.08917210904775,6.667909625587598,126.93757819177257,1379.3591756448125,0,37.31896551724138
MAC-049,80,85.7267934321898,8.140445007069506,129.9470517872307,1417.0575369391881,1,36.310344827586206
MAC-049,81,86.47174259391664,7.508114809672188,136.0236326551583,1356.808775464871,0,35.30172413793103
MAC-049,82,84.09699264661208,7.619154414480551,135.787059936084,1359.255406768896,0,34.29310344827587
MAC-049,83,85.93631575562756,7.671280990560697,129.54338703497524,1382.5273276055168,0,33.2844827586207
MAC-049,84,89.57892820824243,7.712492981764305,144.0022352884102,1381.2237357669405,0,32.27586206896552
MAC-049,85,88.87650894405223,6.944783296329466,140.47696455253515,1372.7421232643203,0,31.26724137931035
MAC-049,86,87.79839746919747,7.757157414175134,140.0229181987995,1365.1700382146105,0,30.258620689655174
MAC-049,87,87.68787870855965,7.558585529967459,143.11026380432497,1370.8195208559491,0,29.25
MAC-049,88,84.613573709072,6.766112146259365,135.6661708818178,1373.3755904842578,0,28.241379310344826
MAC-049,89,86.79565310484939,7.483528763737258,144.3230606094106,1377.2633652592212,0,27.232758620689665
MAC-049,90,89.83041157879232,7.866385375390706,133.04345715023362,1378.6635747093521,0,26.22413793103449
MAC-049,91,90.82983290086462,8.22456433312743,143.8763477568847,1386.8813825664665,1,25.215517241379317
MAC-049,92,86.95519227608024,8.5797405862707,140.91764995549462,1393.6935006627332,1,24.206896551724142
MAC-049,93,88.2977335061385,7.28575687168318,140.3513586587288,1407.2450212012448,0,23.198275862068968
MAC-049,94,89.8681076464644,8.12210281581838,134.33359377715308,1402.1175324845065,1,22.189655172413794
MAC-049,95,91.11702103828263,6.996791741975541,143.53402116652097,1364.9581398656385,0,21.18103448275862
MAC-049,96,89.1768342698585,7.52185832321361,139.74969260802754,1346.2322189989322,0,20.17241379310346
MAC-049,97,87.15794108554664,8.232237918470789,135.6181572628851,1375.106683017368,1,19.163793103448285
MAC-049,98,89.1548007132167,9.20710939055374,136.42468353064717,1358.0946678871226,1,18.15517241379311
MAC-049,99,87.67332735076496,8.773723921039194,140.44744924181182,1359.8820113863878,1,17.146551724137936
MAC-049,100,90.81783987887701,7.6665156001973305,133.46066913821974,1367.1032282530357,0,16.13793103448276
MAC-049,101,89.77243371204708,7.776092329277345,142.20595835068627,1396.6880898266033,0,15.129310344827587
MAC-049,102,90.5144089770825,7.195963050841915,147.76985162287664,1397.7685925817188,1,14.120689655172413
MAC-049,103,90.84832851814707,8.315460446361083,133.2033610964973,1338.961003730573,1,13.112068965517238
MAC-049,104,89.34712777942946,7.905315032432019,138.65009955073256,1357.032742893547,0,12.103448275862078
MAC-049,105,88.76285754711293,9.074999661671844,141.82574121156398,1362.9439932365779,1,11.094827586206904
MAC-049,106,91.32148321878523,8.549329198336135,141.94722219816074,1371.1332413638222,1,10.08620689655173
MAC-049,107,92.89217374632864,7.369125406243866,134.78063325607206,1338.5784906362169,0,9.077586206896555
MAC-049,108,88.41360695810287,8.075943959705974,139.95863086897975,1342.5868757876726,1,8.06896551724138
MAC-049,109,87.83340039846036,8.279092282600693,149.59256704485483,1340.9876987953912,1,7.060344827586206
MAC-049,110,92.17059959160237,8.495292992911619,143.3100163755248,1341.9961042773798,1,6.051724137931032
MAC-049,111,92.64356792176694,8.161238832012481,143.8472521601885,1331.057309912073,1,5.043103448275872
MAC-049,112,92.66892712793009,8.060433883456774,146.50117723320307,1345.0585331172108,1,4.0344827586206975
MAC-049,113,88.97004948887088,9.53021090435642,146.2940259227229,1317.4646067317683,1,3.025862068965523
MAC-049,114,91.98389620110508,7.880222047698583,135.18902629134826,1361.3935923816439,0,2.0172413793103487
MAC-049,115,89.44115814205513,9.136290199321927,149.85392973873243,1316.0786810127277,1,1.0086206896551744
MAC-049,116,96.17223660344095,8.831716583499858,144.51584820013892,1314.085495200749,1,0.0
MAC-050,0,68.31699164412883,2.588699894627635,124.01897579884128,1453.296718155831,0,273.0
MAC-050,1,67.54198590058219,2.686002323335007,123.66453945212497,1433.5873174642693,0,256.0
MAC-050,2,68.43841629653727,3.450058433983659,124.36271868185135,1433.0165063189688,0,213.0
MAC-050,3,66.89454940821271,2.5479183619683394,117.01653415678224,1445.4489576570215,0,218.0
MAC-050,4,67.17486799899874,3.8094733697301497,112.25292565173388,1407.0245774963396,0,193.0
MAC-050,5,65.70498891096271,3.4232365344945306,128.2842334834039,1472.1437867913985,0,111.0
MAC-050,6,69.95946815067629,2.3765934473017705,115.56376149411217,1366.4807642936298,0,151.0
MAC-050,7,68.17479658451576,4.167989239525127,123.40170334439918,1391.9484308233586,0,285.0
MAC-050,8,70.62183596181666,3.9576884840103226,127.03980758225245,1449.4399512173334,0,101.0
MAC-050,9,66.79211939486213,2.4280913886686393,125.17879764943432,1442.7897702704986,0,100.0
MAC-050,10,63.900528641808144,2.873399571243002,114.64312812997044,1441.8072046117845,0,154.0
MAC-050,11,67.81339052353468,3.223707719401978,117.22677086735203,1404.744429036459,0,203.0
MAC-050,12,69.77515483234224,2.992103926685212,125.13604774790345,1399.3970170241155,0,198.0
MAC-050,13,66.86044776109814,4.33796532846744,120.49727821811719,1417.446843825094,0,261.0
MAC-050,14,66.58821789474217,2.9208516739653847,121.59265152461738,1445.229709949466,0,291.0
MAC-050,15,68.34698555317655,3.32593995671221,122.33201020767022,1399.1666188714646,0,167.0
MAC-050,16,68.60055520668014,3.5728758773557416,120.66093181510159,1416.1531912994851,0,181.0
MAC-050,17,66.29430468208088,2.705134294639983,126.67707452098075,1426.1442347100447,0,239.0
MAC-050,18,66.99679850541268,3.094933761816068,114.54170245004565,1416.5437022738683,0,149.0
MAC-050,19,70.2668504132041,3.64640433639262,123.46663370441925,1446.4435091080802,0,120.0
MAC-050,20,72.24405133764857,3.369408791592761,117.18422700165453,1436.0013264629874,0,109.0
MAC-050,21,69.14174428807625,3.3385257861154694,114.85434573186853,1430.977716489892,0,184.0
MAC-050,22,68.93337173589379,3.5292427876091583,110.13597014673009,1395.4559909771838,0,203.0
MAC-050,23,69.27795963279317,3.169393283577169,130.4470295726464,1454.0809956184598,0,188.0
MAC-050,24,65.30813116888757,3.868806342466044,127.32705100991254,1418.3523083138025,0,213.0
MAC-050,25,67.6720358286699,3.0815301762447245,113.71088446427412,1458.7973399087512,0,214.0
MAC-050,26,62.664443415159376,3.0182581138390487,117.21186997899147,1430.4015400794483,0,297.0
MAC-050,27,65.36499856360935,4.033015894210302,110.14466814383593,1390.832331017112,0,113.0
MAC-050,28,67.96049729006455,2.7120721593777932,120.36295642773851,1412.4559070385615,0,267.0
MAC-050,29,69.45918211836572,2.891614397605303,126.54692052031612,1439.845931256791,0,203.0
MAC-050,30,66.32820048288191,3.6676719028174887,120.054246371927,1442.96799147771,0,181.0
MAC-050,31,69.04327839784106,3.5351921318913124,119.64742692938081,1445.3472607379515,0,129.0
MAC-050,32,70.18558425320467,3.4238322009505726,122.35490949097778,1446.0029452081271,0,113.0
MAC-050,33,71.05824512408049,4.071610427491037,124.47345088828057,1418.975332118177,0,279.0
MAC-050,34,65.21864243260877,3.635197245197346,122.08280174948226,1419.318937167714,0,209.0
MAC-050,35,65.17589498007784,4.183445456878339,121.45213625111427,1403.0928600335426,0,244.0
MAC-050,36,67.59043208342814,2.683706278235717,122.73308783163397,1464.2594106189058,0,161.0
MAC-050,37,67.47234502541141,3.30930582704398,117.94273247835726,1422.7698505594485,0,209.0
MAC-050,38,66.29254042783057,4.046570130500741,120.29930666737847,1428.5254391450587,0,249.0
MAC-050,39,67.39228395933758,2.7191004735609927,124.01607745989756,1455.716954631175,0,152.0
MAC-050,40,64.12145539231969,3.7102722989673222,123.63642041957338,1452.9418846833619,0,259.0
MAC-050,41,70.25532151422547,4.673450026496491,121.32546977429999,1447.1113447629364,0,175.0
MAC-050,42,67.86925556546554,2.9541312790040952,122.86553386706439,1447.1336609855744,0,154.0
MAC-050,43,68.52796101408988,2.525426084140756,112.07938405229649,1442.6036809433701,0,121.0
MAC-050,44,67.11291683376157,3.5335953469617167,121.73762274895793,1424.9694421728282,0,265.0
MAC-050,45,67.3322225693563,3.2904152199426577,122.2816178709299,1436.857739974048,0,277.0
MAC-050,46,66.24644187569005,3.348130688236297,114.02063222889164,1437.5448959856508,0,202.0
MAC-050,47,66.91330663758924,3.7154347648257584,118.12202072874983,1450.137901479998,0,293.0
MAC-050,48,70.51051063600565,3.5776493705928374,117.48795026184283,1408.5118371195106,0,144.0
MAC-050,49,69.76765525416516,3.3224519942649535,119.56491670401019,1419.4897150870472,0,218.0
MAC-050,50,65.07880396506482,3.8927902098049074,118.90059420571373,1390.0127875024486,0,107.0
MAC-050,51,67.5683338745853,2.6782017662791238,122.27605973835101,1436.3178458364373,0,164.0
MAC-050,52,70.8609003475114,2.6172565252269386,126.51020735498483,1437.6444759174162,0,267.0
MAC-050,53,65.1105647283951,4.269057456217397,118.70187080834502,1403.433086464957,0,104.0
MAC-050,54,69.92355722073361,2.8110954836859987,125.10527215133996,1423.4186516255115,0,144.0
MAC-050,55,67.14594496881799,2.7047281302324504,114.10621330075556,1430.4670864182108,0,145.0
MAC-050,56,64.56598973991605,3.7001613527114143,116.70009736382143,1419.3300013909486,0,263.0
MAC-050,57,69.01072081217136,3.2535123647837407,125.47704797094678,1386.2506761590355,0,244.0
MAC-050,58,69.44529560940524,3.3675931711294527,116.03475933533747,1446.2376034986335,0,268.0
MAC-050,59,69.01803861049264,3.469718329143286,118.05876805448632,1413.1484608345575,0,257.0
MAC-050,60,65.68650694810248,4.0385162870076625,123.45784590276585,1438.630854900286,0,279.0
MAC-050,61,66.99039641273583,4.372495158890256,115.85192659955557,1419.6963443972563,0,178.0
MAC-050,62,71.47029965917451,3.329344236241509,128.01471521392574,1434.8296852270162,0,247.0
MAC-050,63,66.81483509901284,3.257644136500173,115.74013904951902,1441.1244386821752,0,263.0
MAC-050,64,70.290169208465,3.589211401318308,120.74231498739925,1406.4730891766176,0,165.0
MAC-050,65,70.03117607379484,3.7754971433395386,120.71462746170255,1421.2303258725708,0,272.0
MAC-050,66,67.93220081758217,2.900602319481739,111.95257723746846,1421.2608362174083,0,103.0
MAC-050,67,66.12434230240083,3.1017308266374437,116.88441069817569,1425.6972709819736,0,277.0
MAC-050,68,67.55700083492006,1.8289720180512923,121.06365439374211,1429.8877117608902,0,187.0
MAC-050,69,69.76668638579007,3.2486436501082228,124.74633453690002,1424.1971657289293,0,154.0
MAC-050,70,68.52454825495818,2.8969812318155514,125.00456788135959,1453.2577331169439,0,158.0
MAC-050,71,71.61102244461361,3.0843279849332106,121.97259483876364,1398.4618129381724,0,269.0
MAC-050,72,64.06992341719774,3.637266510561049,118.75996592349642,1401.5559800257947,0,101.0
MAC-050,73,68.20265227381296,3.822369125934955,119.63966058795536,1451.8273290406394,0,145.0
MAC-050,74,66.52287889741473,3.8969205370121327,117.4053127455327,1451.8610929122178,0,101.0
MAC-050,75,65.30200936046751,3.470916432387648,120.46726609000386,1436.8000990718392,0,277.0
MAC-050,76,67.14155126604288,3.5713869636020674,118.33272919029076,1416.7261269638877,0,228.0
MAC-050,77,70.6725765437228,3.3945649707859173,111.75500984509401,1413.7971799939255,0,112.0
MAC-050,78,70.7473656579049,2.901245123223097,122.02839102272853,1413.3669405870908,0,169.0
MAC-050,79,64.96798174279417,3.595776143807024,117.68123711955494,1459.0283496613135,0,121.0
MAC-050,80,70.09547884746686,3.988177659911713,124.65460030995861,1441.048026965764,0,116.0
MAC-050,81,65.11278259070939,3.2385715134041675,122.67853721422631,1421.4496721746812,0,286.0
MAC-050,82,67.78439444033972,3.717854555548689,124.60445177580897,1408.8059283421885,0,185.0
MAC-050,83,69.18447308850418,3.6380293117190283,114.37982379220347,1419.1281156290888,0,169.0
MAC-050,84,68.1437613899979,4.050522847518976,117.25040560520594,1435.610880084326,0,215.0
MAC-050,85,70.18192399999766,4.2828890887790205,120.45830586994391,1384.8644685045713,0,102.0
MAC-050,86,69.69122159680612,3.461083951766874,115.09958791554668,1441.4790523898496,0,209.0
MAC-050,87,71.57505382124253,3.4600433299448126,111.21510772402922,1456.1396229221887,0,297.0
MAC-050,88,67.88967994343415,3.711823016096199,119.6342281460099,1436.3811535044301,0,180.0
MAC-050,89,69.17575717405694,3.759023380442202,120.05747611897775,1412.0462495997886,0,276.0
MAC-050,90,68.23175177242075,3.74981731801079,115.55613594281668,1405.1248106125208,0,277.0
MAC-050,91,70.51044666763802,4.201339436623609,119.51602649695339,1439.2821780377403,0,200.0
MAC-050,92,68.59595332796528,2.265579476942645,120.35780089454528,1456.5772406934848,0,134.0
MAC-050,93,65.49564103087265,2.722629905704696,115.67242258764556,1417.7750697333154,0,250.0
MAC-050,94,69.17867621010049,4.015868902745129,125.81007028150094,1440.3367263484781,0,299.0
MAC-050,95,64.662218096968,2.5579584795199137,122.99506781878485,1395.5180409620837,0,234.0
MAC-050,96,68.95510092634942,3.494297048590855,117.00686222641589,1376.3301370439808,0,149.0
MAC-050,97,68.24795462289838,3.611477094636459,116.54363285499971,1405.419071756016,0,109.0
MAC-050,98,68.431061584851,2.6294155241782153,122.40846883428517,1448.374639178381,0,282.0
MAC-050,99,63.9241131814478,3.091480312051392,119.08032355790723,1426.8697826361906,0,118.0
MAC-050,100,66.08640505040543,2.6874176677965127,117.02346721661597,1440.1401433138733,0,122.0
MAC-050,101,68.98534714907461,3.6468996226709027,125.57911579617121,1406.3109688241802,0,194.0
MAC-050,102,67.08843807040212,3.263130261610139,104.9117604825764,1431.7426205039612,0,163.0
MAC-050,103,67.78505792297184,2.787371176055796,123.68063119684133,1443.4198548921922,0,260.0
MAC-050,104,68.64404872638741,2.50113400405256,114.45912310267062,1433.3384906733402,0,293.0
MAC-050,105,66.77047924410915,3.2401349098672885,113.8184052819742,1431.0959160788768,0,195.0
MAC-050,106,70.85397223738093,3.517418032864847,124.18039384693886,1444.8100410443894,0,196.0
MAC-050,107,67.12801006915033,3.2627680359336195,126.67768148558976,1441.9085616738112,0,108.0
MAC-050,108,69.76613237754115,3.438850374320396,117.36438524232572,1421.8528018273928,0,224.0
MAC-050,109,70.59895165132927,3.3551435881404688,125.5624121143878,1455.3604923286416,0,256.0
MAC-050,110,69.6856092568606,3.757372039941508,127.80868933148,1410.3455322863435,0,117.0
MAC-050,111,67.01982256531026,2.72586943722858,111.83694215789438,1426.371472878862,0,181.0
MAC-050,112,68.38153408702948,3.6082287909289934,115.8377570131015,1418.9967504021783,0,298.0
MAC-050,113,69.53786920032425,2.6252951666261826,119.38754669188879,1453.3766089648927,0,128.0
MAC-050,114,67.31318336980539,3.144967913981284,125.53833667160221,1398.983108022167,0,215.0
MAC-050,115,66.2363339932723,2.9727458177442045,122.79524076454601,1395.1766474357212,0,182.0
